"estimate","lower","upper","p_value","width","reject","cover","width_met"
4.82439818851998,1.8581040510616,7.79069232597835,0.00172969543896788,5.93258827491675,TRUE,TRUE,FALSE
4.4673380033584,1.55954728948238,7.37512871723443,0.00299503172276479,5.81558142775205,TRUE,TRUE,FALSE
0.370037972914635,-2.36712141593489,3.10719736176416,0.788818072753007,5.47431877769905,FALSE,TRUE,FALSE
5.9452552479506,2.61276708415597,9.27774341174523,0.000630581926673963,6.66497632758925,TRUE,TRUE,FALSE
4.05507925514929,1.04570443163792,7.06445407866066,0.00884027936080572,6.01874964702273,TRUE,TRUE,FALSE
5.61880856758515,2.90380210388204,8.33381503128825,8.76748966688963e-05,5.43001292740621,TRUE,TRUE,FALSE
4.18293471581342,1.54551779771498,6.82035163391186,0.00221841992486041,5.27483383619688,TRUE,TRUE,FALSE
2.06043747422436,-1.06401112314687,5.18488607159559,0.193426416954677,6.24889719474247,FALSE,TRUE,FALSE
3.70158923165446,0.851574437422375,6.55160402588655,0.0115042586638344,5.70002958846418,TRUE,TRUE,FALSE
4.98513530804951,2.17778070133277,7.79248991476624,0.00066592795147307,5.61470921343347,TRUE,TRUE,FALSE
4.42622621957372,1.52961147119666,7.32284096795078,0.00314651645812694,5.79322949675412,TRUE,TRUE,FALSE
3.25835397007703,-0.106818764504318,6.62352670465837,0.0575601277828959,6.73034546916269,FALSE,TRUE,FALSE
2.88002011426181,0.205196492154785,5.55484373636883,0.0351434950111268,5.34964724421405,TRUE,TRUE,FALSE
2.89595593580767,0.257410735410744,5.5345011362046,0.0318379294911158,5.27709040079385,TRUE,TRUE,FALSE
1.95583288024247,-1.0686321405223,4.98029790100724,0.202121735726172,6.04893004152953,FALSE,TRUE,FALSE
-0.29829083133243,-3.1256776673855,2.52909600472064,0.834417554724278,5.65477367210614,FALSE,FALSE,FALSE
1.95413674975975,-0.574944276285434,4.48321777580494,0.128245676358382,5.05816205209038,FALSE,TRUE,FALSE
3.93706824983957,0.731522938210174,7.14261356146896,0.016658216391019,6.41109062325879,TRUE,TRUE,FALSE
7.74852204044158,4.55014368528518,10.946900395598,6.08662249115459e-06,6.39675671031279,TRUE,FALSE,FALSE
3.01595449859084,0.153535970557237,5.87837302662444,0.039146678851868,5.72483705606721,TRUE,TRUE,FALSE
0.672934294113869,-2.60080801052412,3.94667659875186,0.683900810165322,6.54748460927598,FALSE,TRUE,FALSE
2.19949903807312,-0.779146337247258,5.1781444133935,0.145816076119852,5.95729075064076,FALSE,TRUE,FALSE
2.87168821400371,-0.0923269410017693,5.83570336900918,0.0574104510143131,5.92803031001095,FALSE,TRUE,FALSE
-0.108916225780536,-3.08967670232969,2.87184425076861,0.942277230861893,5.9615209530983,FALSE,FALSE,FALSE
5.49817313595383,2.57350925837465,8.42283701353302,0.000331617728174151,5.84932775515836,TRUE,TRUE,FALSE
1.93311207270613,-1.01913325183659,4.88535739724886,0.196564368882374,5.90449064908545,FALSE,TRUE,FALSE
5.20948557742108,2.29394500977256,8.1250261450696,0.000619168148690664,5.83108113529704,TRUE,TRUE,FALSE
1.28723216078705,-1.71571875921469,4.29018308078879,0.396602346483016,6.00590184000348,FALSE,TRUE,FALSE
2.93090817031327,0.244318536161942,5.61749780446459,0.0328567811456637,5.37317926830265,TRUE,TRUE,FALSE
2.25528337981998,-0.327702560889245,4.8382693205292,0.0862127230199164,5.16597188141844,FALSE,TRUE,FALSE
3.35126982068084,0.725393514944646,5.97714612641704,0.0129679484121007,5.25175261147239,TRUE,TRUE,FALSE
1.92084092764596,-1.23117458422561,5.07285643951754,0.229116234216223,6.30403102374314,FALSE,TRUE,FALSE
2.92541756381958,0.267051985747309,5.58378314189186,0.0314003011869607,5.31673115614455,TRUE,TRUE,FALSE
3.63087795455087,0.710088205522526,6.55166770357922,0.0154233453374621,5.8415794980567,TRUE,TRUE,FALSE
4.9371561770765,2.23858509615133,7.63572725800168,0.000466039005119957,5.39714216185035,TRUE,TRUE,FALSE
1.44356741998543,-1.45038575944476,4.33752059941562,0.324255177949731,5.78790635886038,FALSE,TRUE,FALSE
0.917373822753349,-2.2992533339885,4.1340009794952,0.572313273804284,6.4332543134837,FALSE,TRUE,FALSE
0.912113883374486,-1.75952690553224,3.58375467228122,0.499252512848064,5.34328157781346,FALSE,TRUE,FALSE
2.32769744777076,-0.698931397055032,5.35432629259655,0.130007276315224,6.05325768965158,FALSE,TRUE,FALSE
6.27965962358205,3.44747626980941,9.11184297735469,2.9547160986333e-05,5.66436670754529,TRUE,FALSE,FALSE
3.63858623898707,0.699201672465794,6.57797080550835,0.0158478122427661,5.87876913304256,TRUE,TRUE,FALSE
3.62038058243659,0.398648953713068,6.8421122111601,0.0280727200736462,6.44346325744704,TRUE,TRUE,FALSE
2.90598790882654,0.19704668143446,5.61492913621862,0.0358065872112758,5.41788245478416,TRUE,TRUE,FALSE
3.81762101628255,1.19499187734705,6.44025015521805,0.00481148770685824,5.24525827787099,TRUE,TRUE,FALSE
1.71938644877561,-1.40636365559079,4.84513655314201,0.277310630796296,6.2515002087328,FALSE,TRUE,FALSE
0.942076730334549,-1.81298632739456,3.69713978806366,0.498578461323353,5.51012611545823,FALSE,TRUE,FALSE
3.57214214723623,0.519327826508416,6.62495646796404,0.0223532478557331,6.10562864145563,TRUE,TRUE,FALSE
1.4830222999385,-1.35170876593013,4.31775336580712,0.301339697912424,5.66946213173725,FALSE,TRUE,FALSE
1.74847579830954,-1.09343753334889,4.59038912996797,0.224718049794059,5.68382666331686,FALSE,TRUE,FALSE
2.27751389174157,-0.734325559421458,5.28935334290459,0.136480445441455,6.02367890232605,FALSE,TRUE,FALSE
2.86731175680735,0.219357878409768,5.51526563520493,0.0341422945942478,5.29590775679516,TRUE,TRUE,FALSE
3.64940913620607,0.714738854355819,6.58407941805633,0.0153885943201329,5.86934056370051,TRUE,TRUE,FALSE
1.24963396859374,-1.58531276130958,4.08458069849706,0.383420376329229,5.66989345980663,FALSE,TRUE,FALSE
2.86522356125228,-0.361025632107148,6.09147275461171,0.0810488110424634,6.45249838671885,FALSE,TRUE,FALSE
5.89306009161142,3.25847271718553,8.52764746603731,2.55041511724202e-05,5.26917474885178,TRUE,FALSE,FALSE
5.23305598364891,2.3776889670629,8.08842300023492,0.000456263977812729,5.71073403317202,TRUE,TRUE,FALSE
3.42791995782882,0.769985216170139,6.0858546994875,0.0120762421019606,5.31586948331736,TRUE,TRUE,FALSE
1.8308515212686,-1.09006737688125,4.75177041941844,0.216200541341782,5.84183779629969,FALSE,TRUE,FALSE
1.24169991008143,-1.52829701586819,4.01169683603105,0.375445414491257,5.53999385189923,FALSE,TRUE,FALSE
2.86338024327289,0.0171378647908424,5.70962262175494,0.0486657899143079,5.6924847569641,TRUE,TRUE,FALSE
2.0974514976173,-1.03069960080624,5.22560259604084,0.186137928257313,6.25630219684708,FALSE,TRUE,FALSE
2.8365325385582,-0.3008237955676,5.97388887268401,0.0758079578480247,6.27471266825161,FALSE,TRUE,FALSE
3.98453122243923,0.85838808240747,7.110674362471,0.0130823632967845,6.25228628006353,TRUE,TRUE,FALSE
1.91632587763845,-1.07144986735326,4.90410162263016,0.20579726635942,5.97555148998342,FALSE,TRUE,FALSE
3.5382161849971,0.658102502742381,6.41832986725181,0.0166330936437773,5.76022736450943,TRUE,TRUE,FALSE
2.43430332635271,-0.464857489347973,5.33346414205339,0.0987423767178579,5.79832163140137,FALSE,TRUE,FALSE
3.24321084672138,0.305140745090521,6.18128094835224,0.0308937549818141,5.87614020326172,TRUE,TRUE,FALSE
3.16320720011467,0.421910602268455,5.90450379796088,0.0242225639181758,5.48259319569243,TRUE,TRUE,FALSE
2.33765848991455,-0.485254150656611,5.16057113048572,0.103397379348612,5.64582528114233,FALSE,TRUE,FALSE
6.43290948623726,3.62790537220438,9.23791360027014,1.65973536025211e-05,5.61000822806576,TRUE,FALSE,FALSE
2.20303755066693,-0.533915319337483,4.93999042067134,0.113268078535955,5.47390574000882,FALSE,TRUE,FALSE
1.45792518207647,-1.68286897587537,4.59871934002831,0.358800550341854,6.28158831590368,FALSE,TRUE,FALSE
3.44930074539374,0.819028541210801,6.07957294957668,0.0107535586218044,5.26054440836588,TRUE,TRUE,FALSE
4.62550586477761,1.67960295270983,7.57140877684539,0.00244309249208984,5.89180582413557,TRUE,TRUE,FALSE
4.96767998288776,2.31563016155941,7.61972980421611,0.000347284786496984,5.3040996426567,TRUE,TRUE,FALSE
3.47226917530526,0.613574423809749,6.33096392680077,0.0178581941970998,5.71738950299102,TRUE,TRUE,FALSE
1.12195295762102,-1.44580915413975,3.68971506938179,0.387579694785923,5.13552422352154,FALSE,TRUE,FALSE
4.29323021657021,1.314792327954,7.27166810518643,0.00522113469341597,5.95687577723243,TRUE,TRUE,FALSE
1.5236709947202,-1.55102581959034,4.59836780903074,0.327419949949277,6.14939362862108,FALSE,TRUE,FALSE
4.54446561207117,1.70425929312318,7.38467193101916,0.00203548088066754,5.68041263789599,TRUE,TRUE,FALSE
2.89997399664359,-0.365736931848357,6.16568492513554,0.0810792382496947,6.5314218569839,FALSE,TRUE,FALSE
5.04267291710459,1.98791520404736,8.09743063016181,0.00148585586505262,6.10951542611445,TRUE,TRUE,FALSE
1.00678251908792,-2.16532608785374,4.17889112602957,0.529846696538728,6.34421721388331,FALSE,TRUE,FALSE
1.56185874995838,-1.46699499837151,4.59071249828826,0.308282406903392,6.05770749665977,FALSE,TRUE,FALSE
4.27004271468553,1.75985498729833,6.78023044207274,0.00108044134522156,5.02037545477441,TRUE,TRUE,FALSE
3.94198147515091,0.791801924254447,7.09216102604736,0.0147769153913514,6.30035910179292,TRUE,TRUE,FALSE
4.05506480677322,0.875982960837463,7.23414665270898,0.0130161131336521,6.35816369187152,TRUE,TRUE,FALSE
1.02044781896816,-2.04723226162973,4.08812789956605,0.510299813592128,6.13536016119578,FALSE,TRUE,FALSE
2.02082891060355,-0.75276364737298,4.79442146858008,0.15118962538964,5.54718511595306,FALSE,TRUE,FALSE
1.30614937412584,-1.5336536847533,4.14595243300498,0.363192762790771,5.67960611775829,FALSE,TRUE,FALSE
4.20650436503127,1.38316300755581,7.02984572250673,0.00394255175585288,5.64668271495092,TRUE,TRUE,FALSE
4.44634268314992,1.1519645300843,7.74072083621554,0.00873464327997022,6.58875630613124,TRUE,TRUE,FALSE
4.93287997434678,2.42165284998546,7.4441070987081,0.000185182963316349,5.02245424872263,TRUE,TRUE,FALSE
5.81840677074895,2.94083622718707,8.69597731431082,0.000123280371266763,5.75514108712375,TRUE,TRUE,FALSE
4.58082890785948,1.7044543416465,7.45720347407246,0.00213100463263388,5.75274913242596,TRUE,TRUE,FALSE
1.11485429614728,-2.03388722335261,4.26359581564716,0.483522880117362,6.29748303899977,FALSE,TRUE,FALSE
1.29368254349962,-1.28842626808436,3.8757913550836,0.322141613394354,5.16421762316796,FALSE,TRUE,FALSE
5.57008131400132,2.66817066075211,8.47199196725052,0.000252928564930953,5.8038213064984,TRUE,TRUE,FALSE
3.98056767780076,1.12571463833641,6.83542071726511,0.00681962509464112,5.7097060789287,TRUE,TRUE,FALSE
1.69669750472759,-1.03852466581795,4.43191967527313,0.220954322100663,5.47044434109109,FALSE,TRUE,FALSE
5.50088168812024,2.71771668340591,8.28404669283457,0.00017006183492313,5.56633000942866,TRUE,TRUE,FALSE
2.9618226162522,-0.0497960013926262,5.97344123389704,0.0538252381277246,6.02323723528966,FALSE,TRUE,FALSE
3.79796023994299,0.717157081211091,6.87876339867489,0.0162700503821585,6.1616063174638,TRUE,TRUE,FALSE
4.46710632224494,1.66169434658012,7.27251829790976,0.00213430822918402,5.61082395132964,TRUE,TRUE,FALSE
4.40637905272231,1.73869297775465,7.07406512768996,0.00147656427577097,5.33537214993531,TRUE,TRUE,FALSE
6.17660427129908,3.51534600117842,8.83786254141975,1.34339843020359e-05,5.32251654024133,TRUE,FALSE,FALSE
3.29104914806066,0.263643974213887,6.31845432190744,0.0334631545579625,6.05481034769356,TRUE,TRUE,FALSE
4.14369572987611,1.35318049806532,6.93421096168689,0.00405919346933357,5.58103046362158,TRUE,TRUE,FALSE
0.596619165064081,-2.14932411088215,3.34256244101031,0.666954263614313,5.49188655189247,FALSE,TRUE,FALSE
5.23782305249541,2.71698973687967,7.75865636811116,8.25860654349385e-05,5.0416666312315,TRUE,TRUE,FALSE
2.8767750134494,0.0222063037606013,5.7313437231382,0.0482820273702996,5.7091374193776,TRUE,TRUE,FALSE
2.58953370650198,-0.188148614364525,5.36721602736849,0.0672803881723656,5.55536464173302,FALSE,TRUE,FALSE
5.55624708876628,1.97535422923873,9.13713994829382,0.00273227824873421,7.16178571905509,TRUE,TRUE,FALSE
0.703352650048403,-2.54399635946739,3.9507016595642,0.667933179285673,6.49469801903159,FALSE,TRUE,FALSE
3.34203423951646,0.347433883971849,6.33663459506107,0.0291398526595588,5.98920071108922,TRUE,TRUE,FALSE
4.98098986891018,2.44597383135666,7.51600590646371,0.000184478709993857,5.07003207510706,TRUE,TRUE,FALSE
4.49453762505393,1.43209274888269,7.55698250122517,0.00448922193751902,6.12488975234248,TRUE,TRUE,FALSE
2.96749933413617,0.15872379776442,5.77627487050792,0.0386279828010123,5.6175510727435,TRUE,TRUE,FALSE
1.2770492208624,-1.54121463879814,4.09531308052293,0.370308187677217,5.63652771932107,FALSE,TRUE,FALSE
0.40983291499097,-2.8323158549246,3.65198168490654,0.802238229460659,6.48429753983115,FALSE,TRUE,FALSE
1.37874688802778,-1.18213219716537,3.93962597322092,0.287575274772803,5.12175817038629,FALSE,TRUE,FALSE
4.90127546778285,1.97826983787189,7.82428109769382,0.00126104915538667,5.84601125982193,TRUE,TRUE,FALSE
3.86289326519387,1.10746879189655,6.6183177384912,0.00653446728264607,5.51084894659465,TRUE,TRUE,FALSE
2.78105654841575,-0.702490681738567,6.26460377857006,0.116205229574764,6.96709446030863,FALSE,TRUE,FALSE
3.62773787013118,0.594297825397461,6.6611779148649,0.0196396255958812,6.06688008946744,TRUE,TRUE,FALSE
2.03801704930309,-1.13306462959518,5.20909872820137,0.204888434342538,6.34216335779655,FALSE,TRUE,FALSE
3.00845839741637,-0.00568455175605909,6.0226013465888,0.0504242627500821,6.02828589834486,FALSE,TRUE,FALSE
3.7235298425147,0.71785698889542,6.72920269613399,0.0157692540840974,6.01134570723857,TRUE,TRUE,FALSE
4.86391436558424,1.78411070358573,7.94371802758276,0.00231099037942067,6.15960732399703,TRUE,TRUE,FALSE
1.56616993749377,-1.30701848030819,4.43935835529573,0.281648603524883,5.74637683560391,FALSE,TRUE,FALSE
3.13601054441021,-0.0187527688183367,6.29077385763876,0.0513476284286985,6.30952662645709,FALSE,TRUE,FALSE
4.76055705541856,1.95005338973915,7.57106072109797,0.00113155254381288,5.62100733135882,TRUE,TRUE,FALSE
2.46411839774243,-0.739599815585787,5.66783661107064,0.129972461989669,6.40743642665643,FALSE,TRUE,FALSE
6.23775136331241,3.3586628107422,9.11683991588263,4.31186223687967e-05,5.75817710514043,TRUE,FALSE,FALSE
5.14922738450929,2.12580801213005,8.17264675688852,0.00106651342543353,6.04683874475847,TRUE,TRUE,FALSE
3.11218297527013,-0.174011478343577,6.39837742888384,0.0631331777116973,6.57238890722742,FALSE,TRUE,FALSE
4.31321281503488,1.61691412537186,7.0095115046979,0.0020400939731165,5.39259737932604,TRUE,TRUE,FALSE
3.48441757986295,0.192420414924527,6.77641474480137,0.0382807314553297,6.58399432987684,TRUE,TRUE,FALSE
2.39217018525332,-0.727218665344889,5.51155903585153,0.131095576304382,6.23877770119642,FALSE,TRUE,FALSE
5.36613710792424,2.47452306525422,8.25775115059425,0.000390707898852954,5.78322808534003,TRUE,TRUE,FALSE
4.08803678870588,1.36390231362116,6.8121712637906,0.00370086096889596,5.44826895016943,TRUE,TRUE,FALSE
5.85896539920176,2.86943094932409,8.84849984907942,0.0001911080208204,5.97906889975533,TRUE,TRUE,FALSE
3.39383245484126,0.965796636043994,5.82186827363852,0.00668882059483703,4.85607163759453,TRUE,TRUE,FALSE
2.18047416158841,-0.577444551591507,4.93839287476833,0.119725638171894,5.51583742635984,FALSE,TRUE,FALSE
-0.0583139127463075,-2.77168232038501,2.6550544948924,0.966029853716847,5.42673681527741,FALSE,FALSE,FALSE
4.35640558500893,1.68476659514843,7.02804457486944,0.00168507467157823,5.34327797972101,TRUE,TRUE,FALSE
2.57863465218308,-0.290232721875369,5.44750202624153,0.0775041057990067,5.7377347481169,FALSE,TRUE,FALSE
2.41553444419534,-0.585345717130712,5.4164146055214,0.113259892672674,6.00176032265211,FALSE,TRUE,FALSE
3.36667334689824,0.374126925887844,6.35921976790863,0.0278987922634038,5.98509284202079,TRUE,TRUE,FALSE
3.92893102943829,1.27449246809715,6.58336959077943,0.00417422698790843,5.30887712268228,TRUE,TRUE,FALSE
3.40677895757158,0.578232102714332,6.23532581242884,0.0188108822011714,5.6570937097145,TRUE,TRUE,FALSE
3.76950526135995,0.643299144851418,6.89571137786847,0.0186824296623911,6.25241223301706,TRUE,TRUE,FALSE
0.646252766256497,-1.98525605984251,3.27776159235551,0.626732645232127,5.26301765219802,FALSE,TRUE,FALSE
2.01512903500448,-1.23840474181382,5.26866281182278,0.221654840662896,6.5070675536366,FALSE,TRUE,FALSE
5.3091495414651,2.33704810763856,8.28125097529164,0.000621093546730714,5.94420286765308,TRUE,TRUE,FALSE
0.905744011103293,-1.9997563574615,3.81124437966809,0.537183541451367,5.81100073712959,FALSE,TRUE,FALSE
5.25575513114156,2.44270285486642,8.0688074074167,0.000358792167906845,5.62610455255028,TRUE,TRUE,FALSE
5.84908674701333,2.60031477018473,9.09785872384193,0.000565914772891284,6.49754395365721,TRUE,TRUE,FALSE
5.63386661679907,2.79125945781524,8.47647377578289,0.000163669031421365,5.68521431796765,TRUE,TRUE,FALSE
1.75889893902152,-1.05074032342047,4.5685382014635,0.216770328926365,5.61927852488397,FALSE,TRUE,FALSE
2.64693415643023,-0.382819805279562,5.67668811814002,0.0860302148799185,6.05950792341958,FALSE,TRUE,FALSE
2.90215546548132,-0.216284543678963,6.02059547464159,0.0677486432769266,6.23688001832056,FALSE,TRUE,FALSE
2.18425582096594,-1.05137317511053,5.4198848170424,0.183194605221362,6.47125799215294,FALSE,TRUE,FALSE
1.11874179954089,-2.06467796069446,4.30216155977624,0.486775664941905,6.3668395204707,FALSE,TRUE,FALSE
2.20741785929521,-0.817738465478045,5.23257418406848,0.150585526829814,6.05031264954652,FALSE,TRUE,FALSE
2.64975075763237,-0.424934479219557,5.7244359944843,0.0903007107722577,6.14937047370386,FALSE,TRUE,FALSE
5.09992962896369,2.19856864112878,8.0012906167986,0.000749104864693071,5.80272197566981,TRUE,TRUE,FALSE
4.34424288874481,1.02050111192255,7.66798466556706,0.0110078933961926,6.6474835536445,TRUE,TRUE,FALSE
3.12345195535376,0.32374913960588,5.92315477110164,0.0291937466764923,5.59940563149576,TRUE,TRUE,FALSE
2.78263256414106,-0.0781079685143671,5.64337309679648,0.0564479415372483,5.72148106531085,FALSE,TRUE,FALSE
5.96627595989568,2.58324916742617,9.34930275236519,0.000721148663130756,6.76605358493902,TRUE,TRUE,FALSE
1.70196929531636,-0.8791559222104,4.28309451284312,0.193470514069706,5.16225043505352,FALSE,TRUE,FALSE
4.87662449890557,2.38121129372981,7.37203770408134,0.000198712112340416,4.99082641035153,TRUE,TRUE,FALSE
2.49580000450617,-0.331262922532041,5.32286293154438,0.0828381916193341,5.65412585407642,FALSE,TRUE,FALSE
1.58122326661942,-1.23130711879232,4.39375365203116,0.266921046292497,5.62506077082348,FALSE,TRUE,FALSE
1.04591986192502,-2.29630301581973,4.38814273966976,0.535612121504739,6.68444575548949,FALSE,TRUE,FALSE
4.5255432959404,1.2931857659881,7.7579008258927,0.00660272160987574,6.4647150599046,TRUE,TRUE,FALSE
4.23641495830778,1.32562993315406,7.14719998346151,0.00481777751953086,5.82157005030744,TRUE,TRUE,FALSE
4.64180906771596,2.16978365139082,7.1138344840411,0.000336617526762902,4.94405083265028,TRUE,TRUE,FALSE
4.72262532125469,1.33746944878045,8.10778119372893,0.00678978752442618,6.77031174494848,TRUE,TRUE,FALSE
1.0794831511623,-1.59809831237481,3.75706461469941,0.425180838760818,5.35516292707423,FALSE,TRUE,FALSE
1.34649232143362,-1.43587502765235,4.12885967051958,0.338823256325801,5.56473469817194,FALSE,TRUE,FALSE
2.66350019211122,-0.148089754949696,5.47509013917213,0.0630564512298369,5.62317989412183,FALSE,TRUE,FALSE
1.92171719511563,-1.09728152432654,4.94071591455779,0.209213801802302,6.03799743888433,FALSE,TRUE,FALSE
0.0352456226929485,-3.21537624099831,3.28586748638421,0.98285757483771,6.50124372738253,FALSE,TRUE,FALSE
2.83743106903334,0.191155487675086,5.48370665039159,0.0358913898289125,5.2925511627165,TRUE,TRUE,FALSE
2.57792943565244,-0.026066006863203,5.18192487816809,0.0522870794047453,5.20799088503129,FALSE,TRUE,FALSE
3.06748043952573,0.0410835547414692,6.09387732430998,0.0470350761765473,6.05279376956851,TRUE,TRUE,FALSE
3.8467451162956,1.11578113442573,6.57770909816547,0.00629438849631619,5.46192796373974,TRUE,TRUE,FALSE
-1.14077944048513,-4.13393026728849,1.85237138631824,0.450824223960926,5.98630165360673,FALSE,FALSE,FALSE
1.37954661725792,-1.4895260007503,4.24861923526614,0.341914363189235,5.73814523601644,FALSE,TRUE,FALSE
1.39275300940701,-1.71044887257136,4.49595489138539,0.37486885390818,6.20640376395675,FALSE,TRUE,FALSE
3.15570701877077,0.514152030585744,5.79726200695579,0.0197665744335544,5.28310997637005,TRUE,TRUE,FALSE
3.47036337895847,0.474849993299436,6.4658767646175,0.0236770958460037,5.99102677131806,TRUE,TRUE,FALSE
5.01076278152523,1.98561205049829,8.03591351255216,0.00143446959004431,6.05030146205387,TRUE,TRUE,FALSE
5.05908603227147,1.92786867877013,8.19030338577282,0.00184839480942266,6.26243470700269,TRUE,TRUE,FALSE
1.84848121500743,-1.27482258188525,4.97178501190011,0.242707641068753,6.24660759378536,FALSE,TRUE,FALSE
2.40286158568463,-0.362821610632836,5.16854478200209,0.0877515377161367,5.53136639263493,FALSE,TRUE,FALSE
2.38680363440451,-0.718400467058646,5.49200773586767,0.130217507115263,6.21040820292632,FALSE,TRUE,FALSE
1.48589267393882,-1.20019520344783,4.17198055132547,0.274622194595389,5.3721757547733,FALSE,TRUE,FALSE
2.91477682013552,0.0970239661677654,5.73252967410328,0.0427730481925564,5.63550570793551,TRUE,TRUE,FALSE
3.48295820631517,0.508672534908499,6.45724387772183,0.0222522786822569,5.94857134281333,TRUE,TRUE,FALSE
4.28949552495668,1.01686382449006,7.5621272254233,0.0107922520085759,6.54526340093325,TRUE,TRUE,FALSE
3.79192881090604,0.816813300070356,6.76704432174173,0.0130848003474707,5.95023102167138,TRUE,TRUE,FALSE
4.23641304690858,1.2997849152203,7.17304117859686,0.00518609873352956,5.87325626337656,TRUE,TRUE,FALSE
2.8372245046139,-0.180982959786539,5.85543196901433,0.0650725070971089,6.03641492880087,FALSE,TRUE,FALSE
5.04515060895373,2.48194545582606,7.60835576208141,0.000180111222036421,5.12641030625535,TRUE,TRUE,FALSE
2.01056381305649,-0.737147495893477,4.75827512200645,0.149463276606165,5.49542261789993,FALSE,TRUE,FALSE
1.2419958420148,-1.99336845030124,4.47736013433085,0.447573146920374,6.47072858463209,FALSE,TRUE,FALSE
6.35113387841993,3.62381012589085,9.07845763094902,1.26533847721908e-05,5.45464750505818,TRUE,FALSE,FALSE
0.371889526750333,-2.563883963042,3.30766301654266,0.80182883480021,5.87154697958466,FALSE,TRUE,FALSE
3.06616478786062,-0.190237828147092,6.32256740386833,0.0646411798923085,6.51280523201543,FALSE,TRUE,FALSE
3.30885096430281,-0.0322015207021713,6.64990344930779,0.0522005503294062,6.68210497000996,FALSE,TRUE,FALSE
4.11807253244405,1.43891890547388,6.79722615941422,0.00298170547524465,5.35830725394034,TRUE,TRUE,FALSE
2.91636177822196,0.0324721979207188,5.8002513585232,0.0475298386162467,5.76777916060248,TRUE,TRUE,FALSE
4.37970475474777,1.3260918886206,7.43331762087494,0.00543969429049671,6.10722573225434,TRUE,TRUE,FALSE
4.94799068131833,2.39560122143434,7.50038014120232,0.000221589090832837,5.10477891976799,TRUE,TRUE,FALSE
3.07030859081851,-0.268192811764559,6.40880999340158,0.0709920570644671,6.67700280516614,FALSE,TRUE,FALSE
2.52026083068386,-0.316964591004582,5.35748625237231,0.0809862151254732,5.67445084337689,FALSE,TRUE,FALSE
1.48271902069259,-1.37201764879414,4.33745569017931,0.304817801789823,5.70947333897345,FALSE,TRUE,FALSE
1.22606342979107,-1.98227355721197,4.4344004167941,0.449618261344803,6.41667397400608,FALSE,TRUE,FALSE
2.86348025151505,-0.660049092733624,6.38700959576373,0.109886648298301,7.04705868849736,FALSE,TRUE,FALSE
3.40815144395159,0.381831490139552,6.43447139776363,0.027743504254528,6.05263990762408,TRUE,TRUE,FALSE
2.71801162392161,0.0464590884949834,5.38956415934823,0.0462293735052417,5.34310507085325,TRUE,TRUE,FALSE
1.96503138480191,-0.73503380003481,4.66509656963864,0.151647299213823,5.40013036967345,FALSE,TRUE,FALSE
4.5297709786202,1.56811034042088,7.49143161681952,0.0031203439103106,5.92332127639864,TRUE,TRUE,FALSE
3.49612244141161,0.547092264757421,6.44515261806581,0.0206960701663798,5.89806035330839,TRUE,TRUE,FALSE
0.751384602393059,-2.00465859057095,3.50742779535707,0.58932680790317,5.51208638592802,FALSE,TRUE,FALSE
2.50649422779101,-0.538647119908475,5.55163557549049,0.105461100327202,6.09028269539896,FALSE,TRUE,FALSE
5.21862915825581,2.18144277455541,8.2558155419562,0.000967845159463333,6.07437276740079,TRUE,TRUE,FALSE
0.814057958081869,-1.88500229376536,3.5131182099291,0.550458010373856,5.39812050369446,FALSE,TRUE,FALSE
5.99931138442156,2.65901867163405,9.33960409720907,0.000582479056728063,6.68058542557502,TRUE,TRUE,FALSE
1.79443854613285,-0.848879251369676,4.43775634363537,0.180769676455925,5.28663559500504,FALSE,TRUE,FALSE
4.29164485424959,1.40428089781271,7.17900881068646,0.00402532725728868,5.77472791287375,TRUE,TRUE,FALSE
3.84976365315671,0.741084879675211,6.95844242663822,0.015805343637895,6.217357546963,TRUE,TRUE,FALSE
2.2067899060023,-0.939698612863787,5.35327842486839,0.16689212225236,6.29297703773217,FALSE,TRUE,FALSE
2.48834607247996,-0.250504509102591,5.22719665406251,0.0744119998395565,5.4777011631651,FALSE,TRUE,FALSE
3.34829765255746,0.726804909985351,5.96979039512957,0.0128996185048732,5.24298548514422,TRUE,TRUE,FALSE
2.40421565311472,-0.564714374872606,5.37314568110204,0.111134401433329,5.93786005597465,FALSE,TRUE,FALSE
3.593317472337,0.664234116046135,6.52240082862786,0.0167814725469029,5.85816671258172,TRUE,TRUE,FALSE
2.29871694866838,-0.7553212238352,5.35275512117196,0.138284732822134,6.10807634500716,FALSE,TRUE,FALSE
4.34261132480389,0.95576854791507,7.7294541016927,0.0125661104820945,6.77368555377763,TRUE,TRUE,FALSE
0.684092971804706,-2.081921808791,3.45010775240041,0.624297873294613,5.5320295611914,FALSE,TRUE,FALSE
3.48876237778006,0.943300879633187,6.03422387592694,0.00778398734001872,5.09092299629375,TRUE,TRUE,FALSE
4.86288920697464,1.62994954445617,8.09582886949312,0.00362540930488657,6.46587932503695,TRUE,TRUE,FALSE
3.64982209451591,0.7320221702778,6.56762201875402,0.0148131256200637,5.83559984847622,TRUE,TRUE,FALSE
2.72863043880389,0.197792162003947,5.25946871560384,0.0349061019082101,5.06167655359989,TRUE,TRUE,FALSE
1.10926539667567,-2.05945356368869,4.27798435704002,0.488458981766324,6.33743792072871,FALSE,TRUE,FALSE
3.79292572498682,1.23993210448795,6.3459193454857,0.0040412811124453,5.10598724099775,TRUE,TRUE,FALSE
4.09439073351955,1.75125816927396,6.43752329776514,0.000801479768591074,4.68626512849119,TRUE,TRUE,FALSE
1.97328092219033,-0.905390877949476,4.85195272233013,0.176594494904965,5.7573436002796,FALSE,TRUE,FALSE
2.76664507838955,-0.180400213858869,5.71369037063797,0.0654235046377731,5.89409058449684,FALSE,TRUE,FALSE
2.67798571603843,-0.186614747707378,5.54258617978424,0.0665375592996362,5.72920092749162,FALSE,TRUE,FALSE
3.24784534046998,0.339103535545361,6.1565871453946,0.0290611396873632,5.81748360984924,TRUE,TRUE,FALSE
1.56400111549104,-0.834448282480214,3.9624505134623,0.198402463449184,4.79689879594251,FALSE,TRUE,FALSE
4.23322511761955,1.52918136300017,6.93726887223894,0.00251265847870581,5.40808750923877,TRUE,TRUE,FALSE
4.65313014353624,1.55144007345185,7.75482021362062,0.00371137269754453,6.20338014016877,TRUE,TRUE,FALSE
3.32316740933742,0.444069644775696,6.20226517389914,0.0241831598232865,5.75819552912345,TRUE,TRUE,FALSE
4.69001563513569,1.72953916347339,7.65049210679799,0.00224275525878106,5.9209529433246,TRUE,TRUE,FALSE
2.08269294317752,-0.784712687818113,4.95009857417316,0.152448399194914,5.73481126199128,FALSE,TRUE,FALSE
1.96880765324567,-1.09657851432866,5.03419382081999,0.205180174131779,6.13077233514864,FALSE,TRUE,FALSE
4.89696626004159,2.19182585464821,7.60210666543498,0.000530102169056017,5.41028081078677,TRUE,TRUE,FALSE
-0.238837072613979,-3.41915517652859,2.94148103130064,0.881703813037317,6.36063620782923,FALSE,FALSE,FALSE
3.76655343601352,0.863254161933396,6.66985271009364,0.011594371331877,5.80659854816024,TRUE,TRUE,FALSE
3.43037429268935,0.438431399656603,6.4223171857221,0.025117602509528,5.9838857860655,TRUE,TRUE,FALSE
5.29262676225827,2.19134517184684,8.3939083526697,0.00104301867199332,6.20256318082286,TRUE,TRUE,FALSE
5.80718644007459,2.76526804523837,8.8491048349108,0.000271705917558478,6.08383678967243,TRUE,TRUE,FALSE
-0.518416789216062,-3.31924461635323,2.2824110379211,0.713879011797587,5.60165565427433,FALSE,FALSE,FALSE
2.76095012518013,0.034118934847315,5.48778131551294,0.0472616412730876,5.45366238066562,TRUE,TRUE,FALSE
2.96075540235898,0.00963333234003372,5.91187747237794,0.0492728619376222,5.9022441400379,TRUE,TRUE,FALSE
3.2193678712081,0.212341482962465,6.22639425945374,0.036165408870458,6.01405277649127,TRUE,TRUE,FALSE
1.65114513113914,-1.47606226130893,4.77835252358721,0.296924219511987,6.25441478489615,FALSE,TRUE,FALSE
4.64038493144498,2.11732950768324,7.16344035520672,0.000436837370877406,5.04611084752348,TRUE,TRUE,FALSE
1.55243551206343,-1.06860431237009,4.17347533649694,0.242342669401526,5.24207964886703,FALSE,TRUE,FALSE
-0.531736277181013,-3.31605225297302,2.252579698611,0.705213270827828,5.56863195158402,FALSE,FALSE,FALSE
2.94226705043871,-0.0161527809667006,5.90068688184411,0.0512366789192746,5.91683966281081,FALSE,TRUE,FALSE
2.49986801982756,-0.312531661118911,5.31226770077403,0.0807881082449976,5.62479936189294,FALSE,TRUE,FALSE
3.54985400242579,0.962732876456802,6.13697512839479,0.00771767278553852,5.17424225193798,TRUE,TRUE,FALSE
2.37119157824455,-0.482829235097595,5.2252123915867,0.102284723759829,5.7080416266843,FALSE,TRUE,FALSE
4.69452625600669,1.95848454827779,7.4305679637356,0.000983121973230718,5.47208341545781,TRUE,TRUE,FALSE
4.9149637250678,2.35592276491608,7.47400468521952,0.000250887931540933,5.11808192030344,TRUE,TRUE,FALSE
2.47334571689864,-0.762736147771923,5.70942758156919,0.132374709423396,6.47216372934112,FALSE,TRUE,FALSE
1.54207863906588,-1.27981987528443,4.36397715341618,0.280448764771195,5.64379702870061,FALSE,TRUE,FALSE
3.53258265753016,0.652810585819151,6.41235472924117,0.0167886968695518,5.75954414342202,TRUE,TRUE,FALSE
2.05495026228384,-1.11696553476222,5.22686605932989,0.201302423783472,6.34383159409211,FALSE,TRUE,FALSE
2.53896514254637,-0.443273430246225,5.52120371533897,0.0942026962073519,5.9644771455852,FALSE,TRUE,FALSE
4.38246778730372,1.36766624513618,7.39726932947126,0.00486718768329391,6.02960308433508,TRUE,TRUE,FALSE
2.51235509138283,-0.258019041792271,5.28272922455793,0.0749373091446984,5.5407482663502,FALSE,TRUE,FALSE
1.96576094716474,-0.918908622439546,4.85043051676903,0.179126925613278,5.76933913920858,FALSE,TRUE,FALSE
2.26794177257764,-0.995680438156159,5.53156398331143,0.170776455108445,6.52724442146759,FALSE,TRUE,FALSE
2.24485553332256,-0.794390675633248,5.28410174227838,0.145708338148345,6.07849241791162,FALSE,TRUE,FALSE
3.89107807219755,1.17883471763399,6.60332142676111,0.00542837128957961,5.42448670912712,TRUE,TRUE,FALSE
5.96502525403053,3.22200035872948,8.70805014933157,4.06211559995841e-05,5.48604979060209,TRUE,FALSE,FALSE
3.50559239889596,0.679831108135835,6.33135368965609,0.0156270817726883,5.65152258152025,TRUE,TRUE,FALSE
3.79277814315458,1.16401909239016,6.42153719391899,0.00518043911533201,5.25751810152883,TRUE,TRUE,FALSE
2.29564007623202,-0.999383210674242,5.59066336313828,0.169692873798426,6.59004657381252,FALSE,TRUE,FALSE
3.07539247554855,0.0692055855824862,6.08157936551461,0.0450618740015341,6.01237377993213,TRUE,TRUE,FALSE
6.5893203912884,3.82626476851737,9.35237601405942,8.18874603512631e-06,5.52611124554205,TRUE,FALSE,FALSE
3.68231526577684,0.886894290687073,6.47773624086661,0.0104182646877555,5.59084195017954,TRUE,TRUE,FALSE
4.15786559456126,1.36257310358767,6.95315808553485,0.00399952810884774,5.59058498194718,TRUE,TRUE,FALSE
1.54406561867605,-1.16554703929882,4.25367827665093,0.260520737661973,5.41922531594975,FALSE,TRUE,FALSE
3.31893003728449,-0.0523261348027773,6.69018620937177,0.0535838475810932,6.74251234417454,FALSE,TRUE,FALSE
0.18999797456768,-2.82551413362299,3.20551008275835,0.900640600995208,6.03102421638134,FALSE,TRUE,FALSE
4.38857744891342,1.65343135237677,7.12372354545008,0.001980357728,5.4702921930733,TRUE,TRUE,FALSE
5.21682423891724,1.87077779503953,8.56287068279494,0.00261205169084713,6.69209288775542,TRUE,TRUE,FALSE
3.66998523781294,1.05536781486427,6.28460266076161,0.00647158442598027,5.22923484589734,TRUE,TRUE,FALSE
2.69752246007322,-0.292671839675032,5.68771675982147,0.0764442223377481,5.9803885994965,FALSE,TRUE,FALSE
3.53561626586019,0.386639644185085,6.68459288753529,0.0282028689941634,6.2979532433502,TRUE,TRUE,FALSE
3.09544792493955,-0.0579932094173743,6.24888905929646,0.054269698157721,6.30688226871384,FALSE,TRUE,FALSE
4.14615039053811,1.34173558147133,6.9505651996049,0.00421580078571847,5.60882961813357,TRUE,TRUE,FALSE
2.84915743454715,-0.070407386500313,5.76872225559461,0.0556605423292266,5.83912964209492,FALSE,TRUE,FALSE
2.21171773591287,-0.96136899256474,5.38480446439049,0.169496094752757,6.34617345695523,FALSE,TRUE,FALSE
1.52682138710949,-1.53514240035288,4.58878517457186,0.324429551243619,6.12392757492474,FALSE,TRUE,FALSE
1.3558451675627,-1.41258663125338,4.12427696637879,0.333082280372612,5.53686359763217,FALSE,TRUE,FALSE
5.81265323913603,2.63500092635098,8.99030555192109,0.000467025380014212,6.35530462557011,TRUE,TRUE,FALSE
2.75845084392801,-0.334259908140004,5.85116159599601,0.079771662210704,6.18542150413602,FALSE,TRUE,FALSE
2.00363759104137,-0.682734854376435,4.69001003645918,0.14185269174162,5.37274489083562,FALSE,TRUE,FALSE
2.73472658577472,-0.0154048862241107,5.48485805777356,0.0512690888528554,5.50026294399767,FALSE,TRUE,FALSE
4.70636929420619,1.61269194233785,7.80004664607453,0.00327609151151058,6.18735470373668,TRUE,TRUE,FALSE
2.51559954723569,-0.585464627263954,5.61666372173533,0.110521087797949,6.20212834899929,FALSE,TRUE,FALSE
1.10904912003399,-1.76228899622347,3.98038723629145,0.444787238529064,5.74267623251492,FALSE,TRUE,FALSE
3.57389250034467,0.778079234190911,6.36970576649843,0.0128280351141908,5.59162653230752,TRUE,TRUE,FALSE
4.74147410574392,2.06171157036439,7.42123664112344,0.000694395029646,5.35952507075906,TRUE,TRUE,FALSE
2.37594272402262,-0.216070300647174,4.96795574869241,0.0719088534328089,5.18402604933958,FALSE,TRUE,FALSE
2.28950339872127,-0.727677778535436,5.30668457597797,0.135136572921388,6.03436235451341,FALSE,TRUE,FALSE
1.43612723979962,-1.28581110460231,4.15806558420155,0.297271248586924,5.44387668880386,FALSE,TRUE,FALSE
2.81233037902682,0.179558936509662,5.44510182154398,0.0365768854736284,5.26554288503432,TRUE,TRUE,FALSE
3.03150245342733,-0.226155457787461,6.28916036464211,0.067767788064535,6.51531582242957,FALSE,TRUE,FALSE
3.56360687793387,0.827355140744016,6.29985861512372,0.0112866130918867,5.4725034743797,TRUE,TRUE,FALSE
3.74486968618005,0.69701253274858,6.79272683961152,0.0166167898469706,6.09571430686294,TRUE,TRUE,FALSE
3.67154446399536,0.58465994059876,6.75842898739196,0.0202956187844916,6.1737690467932,TRUE,TRUE,FALSE
4.83776670902511,2.19902171389026,7.47651170415997,0.00045427943176894,5.27748999026972,TRUE,TRUE,FALSE
6.86325180794509,4.00862889179915,9.71787472409102,7.03212216752687e-06,5.70924583229186,TRUE,FALSE,FALSE
3.68990594516599,0.895638207736374,6.48417368259561,0.0102365057216813,5.58853547485923,TRUE,TRUE,FALSE
3.3828625784473,0.572728720552821,6.19299643634177,0.0188700774217136,5.62026771578895,TRUE,TRUE,FALSE
2.88952010478752,0.0920790012776234,5.68696120829741,0.0430715521516895,5.59488220701979,TRUE,TRUE,FALSE
3.13324195801085,0.172141017383307,6.0943428986384,0.0383372299395186,5.92220188125509,TRUE,TRUE,FALSE
1.78665651260844,-1.14099987045028,4.71431289566716,0.228459447964639,5.85531276611745,FALSE,TRUE,FALSE
2.5586871070551,-0.148685750923241,5.26605996503344,0.0636721507174207,5.41474571595668,FALSE,TRUE,FALSE
3.98694840396825,1.24989006484531,6.7240067430912,0.00478358289501803,5.47411667824589,TRUE,TRUE,FALSE
1.75426123218532,-1.31351732766591,4.82203979203654,0.258874138435274,6.13555711970245,FALSE,TRUE,FALSE
4.75590461669345,1.72215139596074,7.78965783742617,0.00248018744274516,6.06750644146543,TRUE,TRUE,FALSE
2.63068653252291,-0.17751556909325,5.43888863413906,0.0659881178484628,5.61640420323231,FALSE,TRUE,FALSE
2.29168425474955,-0.582753160261753,5.16612166976085,0.116691425832489,5.7488748300226,FALSE,TRUE,FALSE
2.07937578976515,-0.892933844140907,5.05168542367121,0.167952358329238,5.94461926781211,FALSE,TRUE,FALSE
2.97632892350527,0.326697584820267,5.62596026219027,0.0281323854575537,5.29926267737,TRUE,TRUE,FALSE
1.70388710193352,-1.48330438383292,4.89107858769995,0.290954564721804,6.37438297153288,FALSE,TRUE,FALSE
3.15852935809631,0.178512230819968,6.13854648537264,0.0380227106246455,5.96003425455267,TRUE,TRUE,FALSE
3.13549737553457,0.208019349586865,6.06297540148227,0.0360904208193719,5.85495605189541,TRUE,TRUE,FALSE
2.8495030377397,0.130249357613832,5.56875671786558,0.0402015422020826,5.43850736025174,TRUE,TRUE,FALSE
0.882979658559241,-1.77988046925975,3.54583978637823,0.511637687394611,5.32572025563799,FALSE,TRUE,FALSE
3.07167129653791,0.225316495623926,5.9180260974519,0.0347408085715167,5.69270960182797,TRUE,TRUE,FALSE
1.74197093037084,-0.722949476962078,4.20689133770376,0.163711450781594,4.92984081466584,FALSE,TRUE,FALSE
2.91170913373828,-0.0226427835420733,5.84606105101863,0.051755336657593,5.86870383456071,FALSE,TRUE,FALSE
2.78055817496778,0.0597547476626383,5.50136160227292,0.0452794756983123,5.44160685461028,TRUE,TRUE,FALSE
1.08595235292864,-1.78688133667905,3.95878604253632,0.454530376992802,5.74566737921537,FALSE,TRUE,FALSE
0.346791325497132,-2.78809006761538,3.48167271860964,0.826504297895252,6.26976278622502,FALSE,TRUE,FALSE
2.63736186668776,-0.312290252604357,5.58701398597987,0.0790421359676085,5.89930423858423,FALSE,TRUE,FALSE
2.93936012657109,0.169538222379214,5.70918203076296,0.0377919432040482,5.53964380838374,TRUE,TRUE,FALSE
3.17174241104696,0.468228114517776,5.87525670757614,0.0220129787551006,5.40702859305836,TRUE,TRUE,FALSE
6.96028932967071,3.67503658161996,10.2455420777215,6.13630594729069e-05,6.5705054961015,TRUE,FALSE,FALSE
0.917413858938548,-1.92160446429158,3.75643218216868,0.522424292871651,5.67803664646026,FALSE,TRUE,FALSE
3.35714528419433,0.816954451591895,5.89733611679676,0.0101766847275157,5.08038166520486,TRUE,TRUE,FALSE
-0.0662496797847583,-2.86597947961764,2.73348012004812,0.962599851927663,5.59945959966575,FALSE,FALSE,FALSE
1.54004920284233,-1.09032833605227,4.17042674173694,0.247759544074973,5.2607550777892,FALSE,TRUE,FALSE
0.23725713834411,-2.51073458462797,2.98524886131619,0.864162163685171,5.49598344594417,FALSE,FALSE,FALSE
0.976556450105341,-1.62272547259259,3.57583837280327,0.45727731706025,5.19856384539585,FALSE,TRUE,FALSE
0.768904730333623,-2.44488562887385,3.98269508954109,0.635635506682909,6.42758071841494,FALSE,TRUE,FALSE
3.2928097960467,0.457283867844767,6.12833572424863,0.0233570861055603,5.67105185640386,TRUE,TRUE,FALSE
2.93180874386744,0.0260643713538933,5.83755311638099,0.0480235664828586,5.81148874502709,TRUE,TRUE,FALSE
1.2125060937465,-1.70067689866364,4.12568908615663,0.410396776805387,5.82636598482027,FALSE,TRUE,FALSE
3.80468437027723,1.11126946734497,6.49809927320949,0.00615304139439438,5.38682980586452,TRUE,TRUE,FALSE
4.06806999044631,0.589681260336224,7.5464587205564,0.0224187022488316,6.95677746022018,TRUE,TRUE,FALSE
0.834345388157673,-2.02830545160896,3.69699622792431,0.563924864960694,5.72530167953327,FALSE,TRUE,FALSE
2.0298228999076,-0.800967389618203,4.86061318943339,0.157697311619999,5.6615805790516,FALSE,TRUE,FALSE
1.92757023309411,-0.841655115076704,4.69679558126493,0.170075489501592,5.53845069634163,FALSE,TRUE,FALSE
1.80676100729421,-1.23106140977491,4.84458342436333,0.240409114560322,6.07564483413824,FALSE,TRUE,FALSE
2.97158050184477,0.0490634330015762,5.89409757068796,0.046355760235973,5.84503413768639,TRUE,TRUE,FALSE
6.71534001043065,4.09358199595377,9.33709802490753,2.01080071222099e-06,5.24351602895377,TRUE,FALSE,FALSE
3.56518929940775,1.43671703233877,5.69366156647674,0.00127545317566418,4.25694453413797,TRUE,TRUE,FALSE
2.09400870170893,-0.835667797163467,5.02368520058133,0.15901579904701,5.8593529977448,FALSE,TRUE,FALSE
2.34469682785378,-0.535363014518453,5.22475667022601,0.109267398189389,5.76011968474446,FALSE,TRUE,FALSE
4.36667491233217,1.32492897272918,7.40842085193516,0.00539906955870656,6.08349187920598,TRUE,TRUE,FALSE
1.10670618745382,-1.40101791711595,3.61443029202359,0.382859055035164,5.01544820913954,FALSE,TRUE,FALSE
3.57552283152051,0.719183944758819,6.4318617182822,0.0147435460633677,5.71267777352338,TRUE,TRUE,FALSE
1.45095985299263,-1.72790254738618,4.62982225337145,0.366842462501127,6.35772480075763,FALSE,TRUE,FALSE
3.73845931644168,0.633971371928513,6.84294726095484,0.0188315234230363,6.20897588902633,TRUE,TRUE,FALSE
3.72197472938615,0.945541514982839,6.49840794378947,0.00918130058780407,5.55286642880663,TRUE,TRUE,FALSE
1.80895056432434,-1.24943741452381,4.86733854317249,0.242994724747818,6.1167759576963,FALSE,TRUE,FALSE
1.80670246480029,-1.31697552652203,4.93038045612261,0.253494122128485,6.24735598264464,FALSE,TRUE,FALSE
0.972479696396476,-2.05497610937854,3.99993550217149,0.524898833100678,6.05491161155004,FALSE,TRUE,FALSE
1.31663109536185,-1.16394038795753,3.79720257868122,0.294400393320339,4.96114296663874,FALSE,TRUE,FALSE
1.74534819374664,-1.27488393225183,4.76558031974511,0.253904962782458,6.04046425199694,FALSE,TRUE,FALSE
2.70187605654165,-0.457805116290677,5.86155722937398,0.0927854117601014,6.31936234566466,FALSE,TRUE,FALSE
2.07723327420809,-1.00209348538642,5.1565600338026,0.183509449130529,6.15865351918902,FALSE,TRUE,FALSE
3.26721119957179,0.32440587845259,6.210016520691,0.0299626431254206,5.88561064223841,TRUE,TRUE,FALSE
3.9146067982578,1.09679113201109,6.7324224645045,0.0070164049988891,5.63563133249342,TRUE,TRUE,FALSE
3.38366202596178,0.335266810709927,6.43205724121364,0.0299994630986506,6.09679043050371,TRUE,TRUE,FALSE
3.94066329723085,1.04753726464454,6.83378932981717,0.00815868173699408,5.78625206517263,TRUE,TRUE,FALSE
1.29105637088953,-1.75758653504125,4.33969927682032,0.402299472778776,6.09728581186157,FALSE,TRUE,FALSE
1.91728823788268,-1.05827174352723,4.89284821929259,0.203733836993654,5.95111996281982,FALSE,TRUE,FALSE
0.236797301950929,-2.27365200153979,2.74724660544165,0.851738991349993,5.02089860698145,FALSE,FALSE,FALSE
3.34314620155896,0.348771962052353,6.33752044106556,0.0290758778045573,5.98874847901321,TRUE,TRUE,FALSE
3.00913687805542,0.196260845531561,5.82201291057927,0.0363086322512662,5.62575206504771,TRUE,TRUE,FALSE
2.82506045240547,-0.0914559834900515,5.741576888301,0.0574630699957475,5.83303287179105,FALSE,TRUE,FALSE
-0.241673364610989,-3.37213201483778,2.8887852856158,0.878418324143869,6.26091730045358,FALSE,FALSE,FALSE
6.19090488053128,3.55526153449496,8.82654822656759,1.0823856997916e-05,5.27128669207263,TRUE,FALSE,FALSE
2.77854029624587,0.350467201112393,5.20661339137936,0.0253900114784207,4.85614619026696,TRUE,TRUE,FALSE
4.10488726653297,1.26943236839344,6.94034216467251,0.00503678660455343,5.67090979627906,TRUE,TRUE,FALSE
1.07761226092376,-2.22394715809348,4.37917167994099,0.51825935105337,6.60311883803447,FALSE,TRUE,FALSE
2.16168981486522,-0.585462699120782,4.90884232885121,0.121461670263818,5.494305027972,FALSE,TRUE,FALSE
3.20588653075682,0.347240610746902,6.06453245076674,0.0283826059456522,5.71729184001984,TRUE,TRUE,FALSE
4.02671954179693,1.30159443596825,6.75184464762562,0.00423573810048807,5.45025021165737,TRUE,TRUE,FALSE
4.45827759612151,1.85208386725598,7.06447132498703,0.00101626226658873,5.21238745773105,TRUE,TRUE,FALSE
3.19865860514989,0.0579754255983,6.33934178470149,0.0460057103502873,6.28136635910319,TRUE,TRUE,FALSE
5.03858846157047,1.75592685846319,8.32125006467774,0.00302064883749557,6.56532320621455,TRUE,TRUE,FALSE
4.71935396714461,1.84905392741528,7.58965400687394,0.00154813855866964,5.74060007945866,TRUE,TRUE,FALSE
2.99615422878784,0.015066065487555,5.97724239208813,0.0488780661753506,5.96217632660057,TRUE,TRUE,FALSE
4.71217642335329,1.76256176868967,7.66179107801691,0.00206685180669756,5.89922930932725,TRUE,TRUE,FALSE
3.71184928401192,0.337042664819593,7.08665590320425,0.031488474890951,6.74961323838466,TRUE,TRUE,FALSE
4.12909554460349,1.23146753089909,7.02672355830788,0.00573510842121388,5.79525602740879,TRUE,TRUE,FALSE
3.12733185361909,0.207591222243143,6.04707248499505,0.0360833645330623,5.8394812627519,TRUE,TRUE,FALSE
3.65536406503454,0.224988054288613,7.08574007578047,0.037027180105833,6.86075202149186,TRUE,TRUE,FALSE
1.64119298510553,-1.14153005884592,4.42391602905699,0.244335202514315,5.56544608790291,FALSE,TRUE,FALSE
3.61321717512204,0.90706600241558,6.3193683478285,0.00945417602744851,5.41230234541292,TRUE,TRUE,FALSE
0.92401228367856,-1.95987639714023,3.80790096449735,0.52594870791708,5.76777736163758,FALSE,TRUE,FALSE
1.54511184087259,-1.03208835913884,4.12231204088402,0.23668351836584,5.15440040002285,FALSE,TRUE,FALSE
1.70827245388352,-1.01451151037201,4.43105641813906,0.215770467750118,5.44556792851107,FALSE,TRUE,FALSE
1.04070284124548,-2.04996558317767,4.13137126566862,0.505139766987932,6.18133684884629,FALSE,TRUE,FALSE
3.68246002406888,0.484074696512596,6.88084535162517,0.0245300764035778,6.39677065511257,TRUE,TRUE,FALSE
6.45750674028492,3.34457765354885,9.57043582702099,8.4640760321615e-05,6.22585817347214,TRUE,FALSE,FALSE
3.0180810379446,-0.0517073378201096,6.08786941370932,0.0538991013507211,6.13957675152943,FALSE,TRUE,FALSE
4.10601063714988,1.35098514806755,6.86103612623221,0.00393174633613299,5.51005097816466,TRUE,TRUE,FALSE
0.384655719835085,-2.6115137166691,3.38082515633927,0.79921552647527,5.99233887300837,FALSE,TRUE,FALSE
4.25739901005217,1.49946633347205,7.01533168663228,0.00286589867164524,5.51586535316023,TRUE,TRUE,FALSE
3.5710525570244,0.940963419932355,6.20114169411645,0.00835477049425439,5.26017827418409,TRUE,TRUE,FALSE
0.309475498282694,-2.41667791012192,3.03562890668731,0.822036417761697,5.45230681680923,FALSE,TRUE,FALSE
0.151144458488562,-2.97571069246326,3.27799960944038,0.923690798073521,6.25371030190364,FALSE,TRUE,FALSE
2.33840760962525,-0.377915726522003,5.05473094577251,0.0906406413934789,5.43264667229451,FALSE,TRUE,FALSE
4.76863161457746,1.39947761246587,8.13778561668904,0.00605660851265511,6.73830800422317,TRUE,TRUE,FALSE
2.07306489412781,-0.44194443934082,4.58807422759643,0.104976403477529,5.03001866693725,FALSE,TRUE,FALSE
1.39033669743719,-1.70871014227327,4.48938353714765,0.375057399152215,6.19809367942092,FALSE,TRUE,FALSE
3.10692519363207,-0.144707173089934,6.35855756035408,0.060860914315819,6.50326473344401,FALSE,TRUE,FALSE
1.52974598132662,-1.31113990993942,4.37063187259267,0.287498014971348,5.68177178253209,FALSE,TRUE,FALSE
1.25761069052057,-1.21723436855555,3.7324557495967,0.315332994405184,4.94969011815224,FALSE,TRUE,FALSE
3.44381174432445,0.63176223910915,6.25586124953975,0.0169643358848454,5.6240990104306,TRUE,TRUE,FALSE
3.73569311447504,0.495821373195853,6.97556485575424,0.0243269251593837,6.47974348255838,TRUE,TRUE,FALSE
3.62843739146546,0.283477779327878,6.97339700360303,0.0338357168510977,6.68991922427516,TRUE,TRUE,FALSE
1.20906905193693,-1.79140281628285,4.2095409201567,0.425405607509856,6.00094373643955,FALSE,TRUE,FALSE
1.13462947664264,-1.91599643167024,4.18525538495553,0.461789410695032,6.10125181662577,FALSE,TRUE,FALSE
0.0474516588591762,-2.83700498135393,2.93190829907228,0.973993814054511,5.76891328042621,FALSE,FALSE,FALSE
4.55372916909091,1.44563040563357,7.66182793254825,0.00455511171841051,6.21619752691468,TRUE,TRUE,FALSE
5.75459389764277,2.62255866463366,8.88662913065188,0.000442325113187342,6.26407046601822,TRUE,TRUE,FALSE
2.59840361767797,-0.303384540695368,5.5001917760513,0.0786074360570626,5.80357631674667,FALSE,TRUE,FALSE
2.85341140998506,-0.158842486323693,5.86566530629382,0.0630730744701059,6.02450779261751,FALSE,TRUE,FALSE
3.75041943962699,0.842435835400809,6.65840304385316,0.0120759505706989,5.81596720845236,TRUE,TRUE,FALSE
3.55621366311151,0.594461710733933,6.51796561548908,0.019168628577684,5.92350390475515,TRUE,TRUE,FALSE
2.68859683110691,-0.246070800704741,5.62326446291856,0.0720580740367687,5.8693352636233,FALSE,TRUE,FALSE
0.424725146462763,-2.06462731904827,2.91407761197379,0.735368639478313,4.97870493102206,FALSE,FALSE,FALSE
6.34505768213867,3.31952475130866,9.37059061296869,7.17690937836928e-05,6.05106586166003,TRUE,FALSE,FALSE
2.52655201123895,-0.176726512833703,5.22983053531161,0.0666031589036615,5.40655704814531,FALSE,TRUE,FALSE
2.8291900332142,-0.0270019278956264,5.68538199432403,0.052157707542179,5.71238392221966,FALSE,TRUE,FALSE
3.19531583033454,0.203884032568391,6.18674762810069,0.0365846791574732,5.9828635955323,TRUE,TRUE,FALSE
1.76021493474522,-1.48891287701439,5.00934274650484,0.284595314547128,6.49825562351923,FALSE,TRUE,FALSE
1.87683431449128,-1.06062026044686,4.81428888942941,0.207523475987616,5.87490914987627,FALSE,TRUE,FALSE
5.17231649149065,2.03009946596428,8.31453351701703,0.00153013395462597,6.28443405105275,TRUE,TRUE,FALSE
1.17886286063185,-2.1891324183886,4.54685813965231,0.488518819576028,6.73599055804091,FALSE,TRUE,FALSE
1.77947313756515,-1.14104484590205,4.69999112103235,0.229192263733875,5.8410359669344,FALSE,TRUE,FALSE
4.83770872740377,1.93088377569304,7.7445336791145,0.00136497785295234,5.81364990342146,TRUE,TRUE,FALSE
3.67129695148537,0.991234155738608,6.35135974723213,0.00781538257653154,5.36012559149352,TRUE,TRUE,FALSE
1.00635321699935,-1.92515960334804,3.93786603734675,0.496896207660215,5.86302564069479,FALSE,TRUE,FALSE
3.94872399523774,1.20956558556392,6.68788240491156,0.00521676609815814,5.47831681934764,TRUE,TRUE,FALSE
3.841654553024,0.803991882106871,6.87931722394112,0.0137825274903673,6.07532534183425,TRUE,TRUE,FALSE
5.74974691680334,2.89654373960646,8.60295009400021,0.000129384011927598,5.70640635439375,TRUE,TRUE,FALSE
0.738900617912737,-1.98980994566416,3.46761118148963,0.591843591778451,5.45742112715379,FALSE,TRUE,FALSE
1.62638176880707,-1.20359370688503,4.45635724449917,0.256513880947624,5.6599509513842,FALSE,TRUE,FALSE
4.11517134201692,1.14420824307425,7.0861344409596,0.00717910251111317,5.94192619788534,TRUE,TRUE,FALSE
4.16141249917755,1.06822635192407,7.25459864643104,0.008944161408835,6.18637229450698,TRUE,TRUE,FALSE
2.6746487870425,-0.197766526128951,5.54706410021396,0.0676020542868806,5.74483062634291,FALSE,TRUE,FALSE
2.38018735906226,-0.390408046616165,5.15078276474068,0.0913001607061565,5.54119081135685,FALSE,TRUE,FALSE
3.76273662489195,0.719548237836801,6.8059250119471,0.0159652463812538,6.0863767741103,TRUE,TRUE,FALSE
1.46629172675227,-1.4357645375796,4.36834799108414,0.318084776100955,5.80411252866375,FALSE,TRUE,FALSE
3.1029438272829,0.284359992003248,5.92152766256255,0.0313357968403559,5.6371676705593,TRUE,TRUE,FALSE
3.04931261815023,-0.117798679387534,6.21642391568799,0.058951397355344,6.33422259507553,FALSE,TRUE,FALSE
3.85077205746027,1.1375411938675,6.56400292105305,0.00592497758619039,5.42646172718555,TRUE,TRUE,FALSE
0.727600380483401,-2.29416789012899,3.7493686510958,0.633472460623418,6.04353654122479,FALSE,TRUE,FALSE
3.24103989053599,0.155889761913486,6.3261900191585,0.0397151532252797,6.17030025724501,TRUE,TRUE,FALSE
3.10277196437843,0.210258125726362,5.99528580303049,0.0358148162889907,5.78502767730413,TRUE,TRUE,FALSE
1.98856890816817,-0.845790115435962,4.82292793177231,0.166746280982952,5.66871804720827,FALSE,TRUE,FALSE
3.70239303385708,0.741341548929372,6.66344451878478,0.0148530849631478,5.92210296985541,TRUE,TRUE,FALSE
0.485460770076999,-2.94459744207794,3.91551898223193,0.779168349443291,6.86011642430987,FALSE,TRUE,FALSE
1.97968044213384,-0.613250719430939,4.57261160369862,0.13278070339759,5.18586232312955,FALSE,TRUE,FALSE
3.58909395640578,0.852640644722467,6.32554726808909,0.0107419653446133,5.47290662336662,TRUE,TRUE,FALSE
4.6052726009618,1.66725361302943,7.54329158889417,0.0024830179137639,5.87603797586474,TRUE,TRUE,FALSE
0.237581774416782,-2.61548238042583,3.0906459292594,0.868940590556103,5.70612830968523,FALSE,TRUE,FALSE
4.03952129169015,1.03023412221443,7.04880846116586,0.00909190650563855,6.01857433895143,TRUE,TRUE,FALSE
3.22745136686816,0.49043381183243,5.96446892190388,0.0213635640591275,5.47403511007145,TRUE,TRUE,FALSE
5.10847469706556,2.27890565680168,7.93804373732945,0.000547485298681106,5.65913808052778,TRUE,TRUE,FALSE
1.88509723467398,-0.843679863739284,4.61387433308724,0.173283669928509,5.45755419682653,FALSE,TRUE,FALSE
0.164638962018167,-2.15235998908215,2.48163791311849,0.888026149202413,4.63399790220064,FALSE,FALSE,FALSE
3.19905141656676,0.426468707373473,5.97163412576004,0.0242336462141416,5.54516541838657,TRUE,TRUE,FALSE
1.60419515450824,-1.10458917796604,4.31297948698251,0.242404195136099,5.41756866494855,FALSE,TRUE,FALSE
2.06314503600258,-0.899934216002138,5.0262242880073,0.169944563679639,5.92615850400944,FALSE,TRUE,FALSE
1.76562131155538,-0.973116169982965,4.50435879309372,0.203498195607443,5.47747496307668,FALSE,TRUE,FALSE
3.23427686941088,0.390918801235864,6.07763493758589,0.0262564370784227,5.68671613635003,TRUE,TRUE,FALSE
4.05399938089373,1.11402867870129,6.99397008308617,0.00743164514368848,5.87994140438488,TRUE,TRUE,FALSE
5.60970388794399,2.70161257817061,8.51779519771737,0.000236787419748133,5.81618261954676,TRUE,TRUE,FALSE
2.86226042772186,-0.0850361193487958,5.80955697479252,0.0568339141395751,5.89459309414132,FALSE,TRUE,FALSE
2.24179349748321,-0.129946349021005,4.61353334398742,0.0636365761865405,4.74347969300843,FALSE,TRUE,FALSE
5.97190031192616,2.88244255589567,9.06135806795665,0.000230328777719894,6.17891551206098,TRUE,TRUE,FALSE
1.73713582363292,-1.27455566482243,4.74882731208827,0.254793457825078,6.0233829769107,FALSE,TRUE,FALSE
2.11527160508425,-0.562775768458057,4.79331897862655,0.120080176803878,5.3560947470846,FALSE,TRUE,FALSE
1.92706196104003,-0.821270286988841,4.67539420906891,0.16699687736359,5.49666449605775,FALSE,TRUE,FALSE
2.10166287895221,-0.512862238844721,4.71618799674914,0.113746841135732,5.22905023559386,FALSE,TRUE,FALSE
-0.501917784045858,-3.53223989923656,2.52840433114484,0.742818042635193,6.0606442303814,FALSE,FALSE,FALSE
7.12594203549202,4.33090985931604,9.92097421166801,2.21354241555326e-06,5.59006435235196,TRUE,FALSE,FALSE
3.70500759703357,0.703843089427724,6.70617210463942,0.0161245514340613,6.0023290152117,TRUE,TRUE,FALSE
4.38298067631423,1.64937916194044,7.11658219068803,0.00199430652517228,5.46720302874759,TRUE,TRUE,FALSE
4.20359077529988,1.54800507025459,6.85917648034518,0.00226041533535129,5.31117141009059,TRUE,TRUE,FALSE
2.91899678320977,-0.312507206063507,6.15050077248304,0.0760698659582635,6.46300797854655,FALSE,TRUE,FALSE
3.16424562074892,0.465897713682917,5.86259352781492,0.0220714662107946,5.396695814132,TRUE,TRUE,FALSE
4.12012142738691,1.31624671701789,6.92399613775593,0.00444236765873665,5.60774942073804,TRUE,TRUE,FALSE
4.98863759044735,1.78754172060813,8.18973346028656,0.00262288393177025,6.40219173967843,TRUE,TRUE,FALSE
2.43060563931595,-0.371698982509629,5.23291026114153,0.0882746462395514,5.60460924365116,FALSE,TRUE,FALSE
2.14588724120601,-0.772340664207066,5.06411514661908,0.147485997228312,5.83645581082615,FALSE,TRUE,FALSE
1.64429787697387,-1.25655577823295,4.54515153218069,0.263033215619839,5.80170731041364,FALSE,TRUE,FALSE
1.7075327603784,-1.14340719188837,4.55847271264516,0.23714492724322,5.70187990453353,FALSE,TRUE,FALSE
2.53772063943822,-0.244827017033403,5.32026829590985,0.0733292923565205,5.56509531294325,FALSE,TRUE,FALSE
4.13762909669698,1.03379896975403,7.24145922363993,0.00956357703803752,6.2076602538859,TRUE,TRUE,FALSE
4.65057080285381,1.51156711947309,7.78957448623452,0.00414008812724864,6.27800736676143,TRUE,TRUE,FALSE
6.16693620114083,3.05945492848232,9.27441747379934,0.000160692434122885,6.21496254531703,TRUE,FALSE,FALSE
2.31855116102713,-0.376973193643556,5.01407551569781,0.0909078337334365,5.39104870934136,FALSE,TRUE,FALSE
2.98816057832264,0.118896622869084,5.85742453377619,0.0414182207282642,5.73852791090711,TRUE,TRUE,FALSE
3.39475858400291,0.510754702255551,6.27876246575026,0.0215876866893964,5.76800776349471,TRUE,TRUE,FALSE
1.86786073098535,-1.23715115058369,4.9728726125544,0.235111041290464,6.21002376313809,FALSE,TRUE,FALSE
3.99557235494585,1.48785116200864,6.50329354788306,0.00212139809740329,5.01544238587442,TRUE,TRUE,FALSE
3.71562956415132,1.03017306775715,6.40108606054549,0.00724016804602924,5.37091299278833,TRUE,TRUE,FALSE
4.20394814961708,0.836391151599333,7.57150514763483,0.0150082609081907,6.7351139960355,TRUE,TRUE,FALSE
4.71891202438998,1.76531902765522,7.67250502112473,0.00206522072123518,5.90718599346951,TRUE,TRUE,FALSE
1.7263760976808,-1.27783232827567,4.73058452363726,0.256551354277708,6.00841685191293,FALSE,TRUE,FALSE
2.5926655540364,-0.711840158112898,5.89717126618571,0.122538845637295,6.60901142429861,FALSE,TRUE,FALSE
2.51263039555168,-0.383392634435232,5.40865342553859,0.088182847495149,5.79204605997382,FALSE,TRUE,FALSE
2.51694371566343,-0.368729525661641,5.40261695698849,0.0865351136168653,5.77134648265013,FALSE,TRUE,FALSE
4.52449130915467,1.15436743865982,7.89461517964951,0.00908306270522912,6.74024774098969,TRUE,TRUE,FALSE
4.29150659911607,1.44615569869745,7.13685749953468,0.00353909478296424,5.69070180083723,TRUE,TRUE,FALSE
3.67506185096714,0.714612175377092,6.63551152655719,0.0155622029045824,5.9208993511801,TRUE,TRUE,FALSE
3.49791227243153,0.657644297056386,6.33818024780667,0.0163743592592338,5.68053595075028,TRUE,TRUE,FALSE
4.7899385371901,2.07011062888897,7.50976644549123,0.000732905175424007,5.43965581660226,TRUE,TRUE,FALSE
4.17923669814247,1.2629696552265,7.09550374105844,0.00547685833122795,5.83253408583194,TRUE,TRUE,FALSE
3.75715344412254,1.07663166526528,6.4376752229798,0.00654451244670971,5.36104355771452,TRUE,TRUE,FALSE
2.16590581106827,-0.80498648742786,5.1367981095644,0.150942442894769,5.94178459699226,FALSE,TRUE,FALSE
1.57535259892324,-1.12269895366226,4.27340415150873,0.249044913947488,5.39610310517098,FALSE,TRUE,FALSE
2.88659348386801,0.238978275871611,5.5342086918644,0.0329627995983588,5.29523041599279,TRUE,TRUE,FALSE
2.24710033940165,-0.51193344703068,5.00613412583398,0.10912246578317,5.51806757286466,FALSE,TRUE,FALSE
3.5429675569419,0.44207739134936,6.64385772253443,0.0256119154483169,6.20178033118507,TRUE,TRUE,FALSE
1.83466905332151,-1.28283587549445,4.95217398213746,0.245347682790877,6.23500985763191,FALSE,TRUE,FALSE
2.45890763378845,-0.000728109900881346,4.91854337747777,0.0500663909460245,4.91927148737865,FALSE,TRUE,FALSE
3.69405639327259,1.09180900395894,6.29630378258625,0.00591467478070947,5.20449477862731,TRUE,TRUE,FALSE
2.68356642022764,0.0718241190507802,5.2953087214045,0.0441512434421085,5.22348460235372,TRUE,TRUE,FALSE
3.08699521820103,0.465452582105283,5.70853785429678,0.0215391758864507,5.2430852721915,TRUE,TRUE,FALSE
7.65156520316877,4.52946779179023,10.7736626145473,4.87436994870443e-06,6.24419482275707,TRUE,FALSE,FALSE
1.59866056665595,-1.23252736532292,4.42984849863483,0.264853499091685,5.66237586395775,FALSE,TRUE,FALSE
3.7519484744586,0.535322618546655,6.96857433037054,0.0227673944643625,6.43325171182388,TRUE,TRUE,FALSE
4.17078762609597,1.45519901279433,6.8863762393976,0.00300337765602071,5.43117722660327,TRUE,TRUE,FALSE
4.32542562515494,1.53378578795321,7.11706546235668,0.00276895662300206,5.58327967440347,TRUE,TRUE,FALSE
1.57394480197209,-1.63991940226589,4.78780900621006,0.333098106421325,6.42772840847595,FALSE,TRUE,FALSE
3.855370501012,0.723450294773868,6.98729070725013,0.0164208768261695,6.26384041247627,TRUE,TRUE,FALSE
4.64613144211521,1.85710586693809,7.43515701729232,0.00135125047324313,5.57805115035423,TRUE,TRUE,FALSE
3.84529645373562,1.23202227882874,6.4585706286425,0.00439082500757448,5.22654834981376,TRUE,TRUE,FALSE
5.20520210972674,2.17826546224007,8.23213875721341,0.000959272380914099,6.05387329497334,TRUE,TRUE,FALSE
2.83883911252724,0.598722269402389,5.0789559556521,0.0135957555660207,4.48023368624971,TRUE,TRUE,FALSE
2.7247330098291,-0.434987860693982,5.88445388035218,0.0901032676147295,6.31944174104616,FALSE,TRUE,FALSE
1.52560219200995,-1.5379825592843,4.5891869433042,0.325068571864706,6.1271695025885,FALSE,TRUE,FALSE
4.70792789378568,2.08375000733099,7.33210578024036,0.000590180731201963,5.24835577290937,TRUE,TRUE,FALSE
2.72685764439497,0.00364537187791791,5.45006991691202,0.0497007141444072,5.4464245450341,TRUE,TRUE,FALSE
5.09839126875508,2.15158004713098,8.04520249037918,0.000896389808325359,5.89362244324819,TRUE,TRUE,FALSE
3.57161058744137,0.432976391821899,6.71024478306084,0.0261967643905104,6.27726839123894,TRUE,TRUE,FALSE
1.73742274915223,-1.00538962547746,4.48023512378192,0.211417272335555,5.48562474925938,FALSE,TRUE,FALSE
0.912893307184833,-2.10294405003795,3.92873066440761,0.549018845332221,6.03167471444556,FALSE,TRUE,FALSE
0.528466142793711,-2.35835076963223,3.41528305521965,0.716882158800527,5.77363382485187,FALSE,TRUE,FALSE
5.81019786184249,2.95455184912307,8.66584387456192,0.00011264652707936,5.71129202543884,TRUE,TRUE,FALSE
0.142605995221789,-2.51272011712546,2.79793210756904,0.91524716657469,5.31065222469451,FALSE,FALSE,FALSE
5.76217969827829,2.88857338671187,8.63578600984471,0.000138876937518971,5.74721262313284,TRUE,TRUE,FALSE
0.89191589266125,-1.96880908241547,3.75264086773797,0.537124384561464,5.72144995015343,FALSE,TRUE,FALSE
4.18106087625783,1.17502511109413,7.18709664142153,0.00695179057003633,6.01207153032741,TRUE,TRUE,FALSE
1.97872796384442,-0.938818745415328,4.89627467310416,0.18117825077308,5.83509341851948,FALSE,TRUE,FALSE
1.13612777679243,-1.93431103836333,4.20656659194818,0.464088016003117,6.14087763031151,FALSE,TRUE,FALSE
1.47057655860893,-1.44428512232124,4.38543823953909,0.318799291456106,5.82972336186033,FALSE,TRUE,FALSE
2.13842384350956,-0.475683044834744,4.75253073185387,0.107596624279105,5.22821377668861,FALSE,TRUE,FALSE
3.31031868437372,1.02950528294976,5.59113208579768,0.0049313709516225,4.56162680284792,TRUE,TRUE,FALSE
1.46209922430873,-1.43328914650558,4.35748759512303,0.318355720656646,5.79077674162861,FALSE,TRUE,FALSE
5.059213502354,1.87493248418532,8.24349452052268,0.00218062527496526,6.36856203633735,TRUE,TRUE,FALSE
3.15970729786517,0.229979960779064,6.08943463495127,0.0348492329972692,5.8594546741722,TRUE,TRUE,FALSE
3.18252961539774,0.429775903996814,5.93528332679868,0.0239589853018011,5.50550742280186,TRUE,TRUE,FALSE
2.93477188560961,-0.213441890524753,6.08298566174397,0.0672982346310615,6.29642755226872,FALSE,TRUE,FALSE
3.80814021444958,0.377821830460924,7.23845859843823,0.0299763320133098,6.8606367679773,TRUE,TRUE,FALSE
4.11738208454394,0.994020165475485,7.24074400361239,0.0103629619953012,6.24672383813691,TRUE,TRUE,FALSE
3.30003321315912,0.84921498496779,5.75085144135044,0.00888782977086821,4.90163645638265,TRUE,TRUE,FALSE
4.32553520135085,1.27860623813125,7.37246416457045,0.0059121985570967,6.09385792643921,TRUE,TRUE,FALSE
2.40788674210453,-0.156675452480957,4.97244893669001,0.0653893374124789,5.12912438917097,FALSE,TRUE,FALSE
1.08174700188922,-2.08825012714295,4.25174413092139,0.499453681188872,6.33999425806434,FALSE,TRUE,FALSE
5.10950143518949,2.14655222390484,8.07245064647414,0.000929832276818853,5.9258984225693,TRUE,TRUE,FALSE
1.81444033991623,-1.48211226866675,5.11099294849922,0.277021173959547,6.59310521716597,FALSE,TRUE,FALSE
2.72855214663147,-0.127771531434733,5.58487582469768,0.0609218242811388,5.71264735613241,FALSE,TRUE,FALSE
5.61218343186321,3.03173716509726,8.19262969862916,4.05389233069502e-05,5.1608925335319,TRUE,FALSE,FALSE
2.57916697181548,-0.130525981578126,5.28885992520908,0.0618384923560027,5.41938590678721,FALSE,TRUE,FALSE
2.8267488820377,0.0109571492729352,5.64254061480247,0.0491342268040148,5.63158346552953,TRUE,TRUE,FALSE
3.63807130726919,1.04740853735315,6.22873407718523,0.00644757861932269,5.18132553983208,TRUE,TRUE,FALSE
3.70068647149558,0.70123739899633,6.70013554399483,0.0161858068907434,5.9988981449985,TRUE,TRUE,FALSE
3.49525919015967,0.549725940840751,6.44079243947858,0.0205805035941401,5.89106649863783,TRUE,TRUE,FALSE
3.83813038682676,1.10213363483321,6.57412713882031,0.00650131534112715,5.4719935039871,TRUE,TRUE,FALSE
1.99164980440399,-1.04273104527475,5.02603065408274,0.195505318267423,6.06876169935749,FALSE,TRUE,FALSE
0.427902307074418,-2.75787670338043,3.61368131752927,0.790150979932149,6.3715580209097,FALSE,TRUE,FALSE
5.54448813952685,2.58816969448841,8.50080658456528,0.000341843469806192,5.91263689007687,TRUE,TRUE,FALSE
3.64604458266601,1.06926394330234,6.22282522202968,0.00607096922602489,5.15356127872734,TRUE,TRUE,FALSE
2.34383407498614,-0.845689581016829,5.5333577309891,0.147750118925106,6.37904731200593,FALSE,TRUE,FALSE
3.04820845086887,0.179823952779366,5.91659294895837,0.0375314282693331,5.736768996179,TRUE,TRUE,FALSE
3.04504460649209,0.0665448236922446,6.02354438929193,0.0452013732511401,5.95699956559969,TRUE,TRUE,FALSE
3.22268851513247,0.435525205266265,6.00985182499868,0.0239429805565456,5.57432661973242,TRUE,TRUE,FALSE
2.09529922362044,-1.00780709635186,5.19840554359273,0.183090179079126,6.20621263994459,FALSE,TRUE,FALSE
4.62495988977815,1.75078210498867,7.49913767456764,0.00192468806237923,5.74835556957898,TRUE,TRUE,FALSE
3.51781129315825,0.827344807587121,6.20827777872937,0.0109798117791733,5.38093297114225,TRUE,TRUE,FALSE
3.9743856857457,1.51008626145832,6.43868511003307,0.00188190304144877,4.92859884857475,TRUE,TRUE,FALSE
1.59263105767705,-1.51258499692654,4.69784711228064,0.310874027105514,6.21043210920719,FALSE,TRUE,FALSE
4.92258463333828,2.05468033620856,7.790488930468,0.000979146932437441,5.73580859425944,TRUE,TRUE,FALSE
1.24794373030104,-1.9074256271632,4.40331308776527,0.433996276715581,6.31073871492847,FALSE,TRUE,FALSE
3.75179575216306,1.17383532072061,6.32975618360551,0.00482014553470947,5.1559208628849,TRUE,TRUE,FALSE
4.70072141827401,1.9424245734011,7.45901826314693,0.00105904808000748,5.51659368974583,TRUE,TRUE,FALSE
3.3940936056248,0.493405538835717,6.29478167241387,0.0223549137382805,5.80137613357816,TRUE,TRUE,FALSE
2.06814704809457,-0.64410711824495,4.78040121443409,0.133268276639482,5.42450833267904,FALSE,TRUE,FALSE
0.370616547948019,-2.50883322594872,3.25006632184476,0.798713144266601,5.75889954779347,FALSE,TRUE,FALSE
4.96307629375349,1.70303921307227,8.22311337443472,0.00325450714581885,6.52007416136245,TRUE,TRUE,FALSE
3.95025621670374,0.719802335966115,7.18071009744137,0.0171257173570238,6.46090776147526,TRUE,TRUE,FALSE
2.32371433393764,-0.609460177456017,5.2568888453313,0.118991091469855,5.86634902278732,FALSE,TRUE,FALSE
0.492446204599138,-2.29603054139778,3.28092295059606,0.726459973199206,5.57695349199384,FALSE,TRUE,FALSE
4.20040787524263,0.957437366241487,7.44337838424378,0.011725075675931,6.48594101800229,TRUE,TRUE,FALSE
1.7652825394073,-0.844866546246042,4.37543162506064,0.18239242225866,5.22029817130668,FALSE,TRUE,FALSE
2.27123011157638,-0.65478399319359,5.19724421634635,0.126522774003807,5.85202820953994,FALSE,TRUE,FALSE
5.27618609088735,2.36871805653696,8.18365412523775,0.000514607524744204,5.81493606870079,TRUE,TRUE,FALSE
2.23924799199769,-0.543716209653318,5.0222121936487,0.113399077840354,5.56592840330202,FALSE,TRUE,FALSE
3.27583004371986,0.564814464985188,5.98684562245454,0.0184404182828766,5.42203115746935,TRUE,TRUE,FALSE
2.04240871479424,-0.965156308570036,5.04997373815851,0.180622185951254,6.01513004672855,FALSE,TRUE,FALSE
1.28781489303865,-1.79620712734714,4.37183691342444,0.408871737416044,6.16804404077159,FALSE,TRUE,FALSE
5.28840271339986,2.39069854709156,8.18610687970815,0.000480324546222942,5.79540833261659,TRUE,TRUE,FALSE
2.8591703824835,0.0673741239903487,5.65096664097665,0.0448343548058421,5.5835925169863,TRUE,TRUE,FALSE
1.47830758630803,-1.60776254616985,4.5643777187859,0.343722988707062,6.17214026495575,FALSE,TRUE,FALSE
5.08330513499504,2.09407815576999,8.07253211422008,0.00108420009053859,5.97845395845009,TRUE,TRUE,FALSE
2.39010624877013,-0.268435689625143,5.04864818716541,0.0774408375706468,5.31708387679055,FALSE,TRUE,FALSE
5.10182521110135,1.81200905008722,8.39164137211548,0.00274619160333088,6.57963232202826,TRUE,TRUE,FALSE
0.0949092868079178,-2.43994662723971,2.62976520085554,0.940855031092088,5.06971182809525,FALSE,FALSE,FALSE
3.2784836416518,0.418061516390232,6.13890576691337,0.0251649604905959,5.72084425052314,TRUE,TRUE,FALSE
4.72517924809152,2.13025765390616,7.32010084227688,0.000493658494517171,5.18984318837072,TRUE,TRUE,FALSE
2.73282698034433,-0.0769418751832238,5.54259583587188,0.0564678962370034,5.6195377110551,FALSE,TRUE,FALSE
3.0400664511733,-0.555056407946276,6.63518931029287,0.0964126264228915,7.19024571823915,FALSE,TRUE,FALSE
3.21547117452822,0.320210958994553,6.11073139006189,0.0299106387423464,5.79052043106733,TRUE,TRUE,FALSE
0.884682076904627,-1.92627616982082,3.69564032363007,0.533293059114649,5.62191649345089,FALSE,TRUE,FALSE
1.88677403597725,-1.30536228465512,5.07891035660963,0.243313067769265,6.38427264126475,FALSE,TRUE,FALSE
3.16198255647799,-0.0667788971696255,6.39074401012561,0.0548229301923379,6.45752290729523,FALSE,TRUE,FALSE
2.21508958912303,-0.345697272990072,4.77587645123613,0.0891280115722244,5.1215737242262,FALSE,TRUE,FALSE
3.26639025011355,0.39164754988502,6.14113295034209,0.0264168805194735,5.74948540045707,TRUE,TRUE,FALSE
0.707508072180263,-2.44938058180636,3.86439672616689,0.657136933565709,6.31377730797326,FALSE,TRUE,FALSE
1.59145756414607,-0.85581654447636,4.0387316727685,0.199625891592224,4.89454821724486,FALSE,TRUE,FALSE
1.65324790429965,-0.762213464817198,4.06870927341649,0.177244552607264,4.83092273823369,FALSE,TRUE,FALSE
4.50570518146884,1.45622953878906,7.55518082414863,0.00423803415097335,6.09895128535957,TRUE,TRUE,FALSE
0.853227038410513,-1.84401805783109,3.55047213465212,0.531209891561334,5.39449019248321,FALSE,TRUE,FALSE
3.19863371344255,0.348756527846921,6.04851089903818,0.0282584570741938,5.69975437119125,TRUE,TRUE,FALSE
3.40357895427077,0.772791638223587,6.03436627031795,0.0118182943779526,5.26157463209436,TRUE,TRUE,FALSE
4.24582483903061,1.36070305720049,7.13094662086073,0.0043862389342886,5.77024356366024,TRUE,TRUE,FALSE
2.142425413844,-0.601435641244814,4.88628646893282,0.124325685836548,5.48772211017763,FALSE,TRUE,FALSE
6.18294548938955,3.36672928708893,8.99916169169017,3.47769994794057e-05,5.63243240460124,TRUE,FALSE,FALSE
2.99127641090968,0.420827883528998,5.56172493829036,0.0230753261538275,5.14089705476136,TRUE,TRUE,FALSE
1.3174469884299,-1.79748609155483,4.43238006841464,0.402897469722029,6.22986615996947,FALSE,TRUE,FALSE
4.17403786715427,1.48308389899949,6.86499183530904,0.00274052155960733,5.38190793630955,TRUE,TRUE,FALSE
3.07918098316677,-0.0305824147584199,6.18894438109196,0.0522461850227409,6.21952679585038,FALSE,TRUE,FALSE
3.03179293603313,-0.00134300622514472,6.0649288782914,0.0500993323443089,6.06627188451655,FALSE,TRUE,FALSE
2.51314695855384,-0.409867910474595,5.43616182758228,0.0910444429612096,5.84602973805687,FALSE,TRUE,FALSE
3.33939318387513,0.593656681932415,6.08512968581784,0.0177150033837855,5.49147300388542,TRUE,TRUE,FALSE
4.12259665561418,1.12113560973745,7.12405770149091,0.00765777306888011,6.00292209175347,TRUE,TRUE,FALSE
2.65027029887418,-0.167767674393034,5.46830827214139,0.0649520875726541,5.63607594653443,FALSE,TRUE,FALSE
4.50751700144794,1.61893366282899,7.3961003400669,0.00259070592059174,5.77716667723791,TRUE,TRUE,FALSE
0.544087960592468,-2.31185496990746,3.40003089109239,0.705896649284476,5.71188586099985,FALSE,TRUE,FALSE
3.18006703070215,0.0435157293977375,6.31661833200656,0.0469715703386208,6.27310260260882,TRUE,TRUE,FALSE
4.46544583656026,1.46459266794301,7.4662990051775,0.00398536588548899,6.00170633723449,TRUE,TRUE,FALSE
5.25990408355318,2.54528101891115,7.97452714819521,0.000223059860478956,5.42924612928406,TRUE,TRUE,FALSE
-0.115326758077303,-2.93550527496675,2.70485175881214,0.9354140942867,5.64035703377889,FALSE,FALSE,FALSE
1.50298986320983,-1.07604379130688,4.08202351772654,0.249941279475127,5.15806730903341,FALSE,TRUE,FALSE
2.7418613247384,0.0325185348516923,5.45120411462511,0.0473706813496565,5.41868557977342,TRUE,TRUE,FALSE
1.33850550720316,-1.58463913629305,4.26165015069936,0.365319628685866,5.84628928699242,FALSE,TRUE,FALSE
5.96093128569404,2.69663449781391,9.22522807357418,0.000476907493615997,6.52859357576026,TRUE,TRUE,FALSE
3.17144450533055,0.0365105884380785,6.30637842222302,0.0474469340983222,6.26986783378495,TRUE,TRUE,FALSE
5.39875990145982,2.5602449263982,8.23727487652145,0.000285257536774626,5.67702995012325,TRUE,TRUE,FALSE
3.13071301469027,-0.171318318674267,6.43274434805482,0.0628416541266878,6.60406266672908,FALSE,TRUE,FALSE
2.15458237903418,-0.668884780789383,4.97804953885774,0.132977852620612,5.64693431964712,FALSE,TRUE,FALSE
4.765296907908,2.02484994527728,7.50574387053872,0.000847098132878523,5.48089392526144,TRUE,TRUE,FALSE
0.641992982376582,-2.27001650426859,3.55400246902176,0.662368774142909,5.82401897329035,FALSE,TRUE,FALSE
0.739670204661745,-1.64387628582098,3.12321669514447,0.539023189832368,4.76709298096546,FALSE,TRUE,FALSE
2.47453703506937,-0.366770879015553,5.31584494915429,0.0869996220206397,5.68261582816984,FALSE,TRUE,FALSE
2.62646104659857,0.195098561925243,5.05782353127189,0.0345638014518231,4.86272496934665,TRUE,TRUE,FALSE
0.416268141970602,-2.44414986754295,3.27668615148415,0.773105203409518,5.7208360190271,FALSE,TRUE,FALSE
3.25337529831989,0.0886903268825585,6.41806026975723,0.0440456471956061,6.32936994287467,TRUE,TRUE,FALSE
0.215119550096218,-3.18221980374211,3.61245890393455,0.900149417841372,6.79467870767666,FALSE,TRUE,FALSE
2.98377446649727,0.450203148491989,5.51734578450255,0.0215234601148247,5.06714263601056,TRUE,TRUE,FALSE
1.77343351502703,-1.15908362524972,4.70595065530379,0.232661659043784,5.86503428055351,FALSE,TRUE,FALSE
2.2005830533032,-0.834495943898539,5.23566205050494,0.153166270394206,6.07015799440348,FALSE,TRUE,FALSE
4.60151845088157,1.73282837588421,7.47020852587893,0.00198602431822042,5.73738014999473,TRUE,TRUE,FALSE
3.7869954825891,0.721974243979139,6.85201672119907,0.0160390583985863,6.13004247721993,TRUE,TRUE,FALSE
4.60629543410309,1.47425779902568,7.73833306918049,0.00440987943236298,6.26407527015481,TRUE,TRUE,FALSE
4.34443295209381,1.22165155929817,7.46721434488944,0.00693944485367817,6.24556278559128,TRUE,TRUE,FALSE
2.61503081316614,-0.432601305761229,5.66266293209351,0.0916848391256034,6.09526423785474,FALSE,TRUE,FALSE
3.0921133905087,0.501363288359994,5.6828634926574,0.0198785817507064,5.1815002042974,TRUE,TRUE,FALSE
5.29023757536636,2.42509343323167,8.15538171750106,0.000416130824145849,5.73028828426939,TRUE,TRUE,FALSE
3.91870190482382,0.722644805138958,7.11475900450869,0.0168390943123279,6.39211419936973,TRUE,TRUE,FALSE
1.4937530840312,-1.5839052201664,4.5714113882288,0.337419098418224,6.1553166083952,FALSE,TRUE,FALSE
0.774699235154199,-2.14041097204203,3.68980944235043,0.5987396488522,5.83022041439245,FALSE,TRUE,FALSE
-0.0521638957915611,-2.99401568983562,2.8896878982525,0.971969822245557,5.88370358808812,FALSE,FALSE,FALSE
3.90955146323005,0.815987871377039,7.00311505508305,0.0138481180728623,6.18712718370602,TRUE,TRUE,FALSE
4.17788760910155,1.30021574108808,7.05555947711503,0.00491853330927865,5.75534373602694,TRUE,TRUE,FALSE
0.509853552909407,-2.22975493729165,3.24946204311047,0.712387566385861,5.47921698040212,FALSE,TRUE,FALSE
3.96216264633839,0.92087818209925,7.00344711057754,0.011260996284345,6.08256892847829,TRUE,TRUE,FALSE
4.48636590016075,1.91238454787269,7.0603472524488,0.000824904299253199,5.14796270457611,TRUE,TRUE,FALSE
1.33575905273017,-1.71868421106086,4.39020231652119,0.387170255456558,6.10888652758205,FALSE,TRUE,FALSE
3.50096469877967,0.76333102313068,6.23859837442867,0.0127923335863618,5.47526735129799,TRUE,TRUE,FALSE
1.7943714244859,-1.02887067123085,4.61761352020266,0.209902459079691,5.64648419143352,FALSE,TRUE,FALSE
-0.11895141584093,-2.73794539364072,2.50004256195886,0.928285565073241,5.23798795559958,FALSE,FALSE,FALSE
5.54483931828435,2.7014768798972,8.3882017566715,0.000204523272648309,5.6867248767743,TRUE,TRUE,FALSE
1.13984100509391,-2.02253068906803,4.30221269925584,0.475705159222806,6.32474338832387,FALSE,TRUE,FALSE
2.10910478743679,-0.432104856277391,4.65031443115097,0.10263665256568,5.08241928742836,FALSE,TRUE,FALSE
1.22634570916291,-1.81702073798842,4.26971215631423,0.425408663870171,6.08673289430265,FALSE,TRUE,FALSE
2.52989605346485,-0.43924635711035,5.49903846404006,0.0939364071962371,5.93828482115041,FALSE,TRUE,FALSE
3.43423549112337,0.469645658154566,6.39882532409217,0.0236890406041837,5.92917966593761,TRUE,TRUE,FALSE
3.61789155701628,0.68814784217684,6.54763527185573,0.0160946111669707,5.85948742967889,TRUE,TRUE,FALSE
1.23277801839968,-1.792516603698,4.25807264049735,0.420238789776172,6.05058924419535,FALSE,TRUE,FALSE
1.80580134718485,-1.05253683090721,4.66413952527692,0.212619936471873,5.71667635618412,FALSE,TRUE,FALSE
4.142489754287,1.32773457697825,6.95724493159575,0.00438426197574589,5.62951035461749,TRUE,TRUE,FALSE
4.05750856582772,1.49713570053179,6.61788143112365,0.00223559755343803,5.12074573059186,TRUE,TRUE,FALSE
3.33260198930474,0.18265290823878,6.4825510703707,0.0383636706930889,6.29989816213192,TRUE,TRUE,FALSE
2.52385133334671,-0.238707636035407,5.28641030272883,0.0728420731610401,5.52511793876424,FALSE,TRUE,FALSE
4.2469065543821,1.30362523663274,7.19018787213146,0.00517705726797503,5.88656263549871,TRUE,TRUE,FALSE
3.24726327027031,0.535121816053767,5.95940472448684,0.0195020581413378,5.42428290843308,TRUE,TRUE,FALSE
4.23843139462745,1.33260797446794,7.14425481478696,0.00473017046884156,5.81164684031902,TRUE,TRUE,FALSE
1.67665483499682,-1.45621304074668,4.80952271074031,0.290436977973325,6.26573575148699,FALSE,TRUE,FALSE
2.98321455173715,-0.0878462844179788,6.05427538789229,0.0567720363475505,6.14212167231027,FALSE,TRUE,FALSE
2.89651262911282,-0.108100728083209,5.90112598630885,0.0586386234261012,6.00922671439206,FALSE,TRUE,FALSE
2.27130622510976,-0.143931090758839,4.68654354097836,0.0649687125470771,4.8304746317372,FALSE,TRUE,FALSE
4.18154611105578,1.22032059592104,7.14277162619052,0.00617002985645408,5.92245103026948,TRUE,TRUE,FALSE
3.10148018430089,0.0622349205652952,6.14072544803648,0.0455861775411735,6.07849052747118,TRUE,TRUE,FALSE
3.14611370674759,0.218253568053472,6.07397384544171,0.0355042352273302,5.85572027738823,TRUE,TRUE,FALSE
3.74357456867477,0.859777165906808,6.62737197144273,0.0115446356169964,5.76759480553592,TRUE,TRUE,FALSE
4.31549554377937,1.41544937211033,7.21554171544842,0.00398491179867636,5.80009234333809,TRUE,TRUE,FALSE
3.58450795110314,0.478270738181571,6.69074516402471,0.0242151626968001,6.21247442584314,TRUE,TRUE,FALSE
5.29372357656416,2.36554658670135,8.22190056642697,0.00053858694692985,5.85635397972563,TRUE,TRUE,FALSE
4.85474131110977,1.81120521636253,7.89827740585701,0.00209824314871754,6.08707218949448,TRUE,TRUE,FALSE
2.85818039300302,-0.0113571487367667,5.72771793474282,0.050893881324986,5.73907508347958,FALSE,TRUE,FALSE
4.46117934721026,1.50991901315081,7.4124396812697,0.00346936126073053,5.9025206681189,TRUE,TRUE,FALSE
5.40204349395451,2.43296283749219,8.37112415041683,0.000498626524336116,5.93816131292464,TRUE,TRUE,FALSE
5.06545041931818,2.00935910708808,8.12154173154828,0.0014243615886059,6.1121826244602,TRUE,TRUE,FALSE
2.71581073721397,-0.00169715624074618,5.43331863066868,0.0501401542957771,5.43501578690942,FALSE,TRUE,FALSE
3.37892540650091,0.252474861495795,6.50537595150603,0.0344803802400901,6.25290109001024,TRUE,TRUE,FALSE
2.52417651069674,-0.445969258617744,5.49432228001123,0.0947797114069267,5.94029153862897,FALSE,TRUE,FALSE
3.79260745576178,0.897033616787937,6.68818129473562,0.0108459054294706,5.79114767794769,TRUE,TRUE,FALSE
3.23068538614165,-0.0658889922804011,6.5272597645637,0.0546545782990667,6.5931487568441,FALSE,TRUE,FALSE
5.44439036202072,2.45487032747555,8.4339103965659,0.000492916373380785,5.97904006909035,TRUE,TRUE,FALSE
2.92262476503771,0.410631894542924,5.4346176355325,0.0231038583617792,5.02398574098957,TRUE,TRUE,FALSE
0.95563744296908,-1.70662478159604,3.6178996675342,0.477515858510138,5.32452444913023,FALSE,TRUE,FALSE
1.93779458552927,-1.0470277571256,4.92261692818415,0.200367958639242,5.96964468530974,FALSE,TRUE,FALSE
6.85366145302639,3.97663001766564,9.73069288838714,8.35632664334627e-06,5.75406287072149,TRUE,FALSE,FALSE
2.96191715613794,-0.20439533395506,6.12822964623094,0.066368781757064,6.332624980186,FALSE,TRUE,FALSE
3.24515411858565,0.399559040565705,6.0907491966056,0.0258831786453235,5.69119015603989,TRUE,TRUE,FALSE
3.84838969721939,0.702660644415544,6.99411875002323,0.0170772855297229,6.29145810560769,TRUE,TRUE,FALSE
3.59483536828827,1.04541431006486,6.14425642651167,0.00624156976047316,5.09884211644681,TRUE,TRUE,FALSE
4.95809645159445,2.12118335374744,7.79500954944146,0.000799876380670982,5.67382619569401,TRUE,TRUE,FALSE
0.141194628259788,-2.56926780660929,2.85165706312887,0.917783618942485,5.42092486973816,FALSE,FALSE,FALSE
6.02373350967331,3.39429182997747,8.65317518936914,1.69162594028829e-05,5.25888335939168,TRUE,FALSE,FALSE
3.05363050291322,-0.0769954522347263,6.18425645806116,0.0557781540714454,6.26125191029589,FALSE,TRUE,FALSE
2.85621751105806,0.0111016256188585,5.70133339649727,0.0491318698372828,5.69023177087841,TRUE,TRUE,FALSE
5.36500812766436,2.45539268765294,8.27462356767577,0.000423259433130388,5.81923088002283,TRUE,TRUE,FALSE
3.95063429786562,1.0447969736585,6.85647162207275,0.00827314942547352,5.81167464841425,TRUE,TRUE,FALSE
2.52307793199235,-0.753067969033775,5.79922383301848,0.129484100053212,6.55229180205225,FALSE,TRUE,FALSE
4.95906721049757,1.72066303380151,8.19747138719363,0.00308590515272533,6.47680835339212,TRUE,TRUE,FALSE
4.44107972780465,1.67655089659857,7.20560855901073,0.00195687138301307,5.52905766241216,TRUE,TRUE,FALSE
4.16407756881001,0.89542077006781,7.4327343675522,0.0131267536720078,6.53731359748439,TRUE,TRUE,FALSE
1.59595014851358,-1.43998912305726,4.63188942008442,0.299027495481084,6.07187854314167,FALSE,TRUE,FALSE
0.960075598786472,-1.56661414235556,3.48676533992851,0.452194565357305,5.05337948228407,FALSE,TRUE,FALSE
0.155445491425046,-2.72758921784051,3.03848020069061,0.914914414345576,5.76606941853112,FALSE,TRUE,FALSE
3.26293286203276,0.709832467836668,5.81603325622885,0.0128466216135206,5.10620078839218,TRUE,TRUE,FALSE
4.07518828967621,1.30651560060125,6.84386097875117,0.00437949391621736,5.53734537814992,TRUE,TRUE,FALSE
3.49782160968654,0.558865732187445,6.43677748718564,0.0202184401189763,5.87791175499819,TRUE,TRUE,FALSE
2.30408468586493,-0.654245733402846,5.2624151051327,0.125261005548862,5.91666083853554,FALSE,TRUE,FALSE
3.61012061908162,0.673591078730258,6.54665015943299,0.0165575376606468,5.87305908070273,TRUE,TRUE,FALSE
4.02524771883042,0.826666875481659,7.22382856217918,0.0142395177340211,6.39716168669753,TRUE,TRUE,FALSE
3.27565823609269,0.149346901903125,6.40196957028226,0.0402253387522923,6.25262266837913,TRUE,TRUE,FALSE
4.14108618082484,1.63820697900865,6.64396538264102,0.00145113496832322,5.00575840363237,TRUE,TRUE,FALSE
1.2966238446688,-1.80133232469289,4.39458001403049,0.407793724820865,6.19591233872338,FALSE,TRUE,FALSE
3.92813804179859,1.10699986432328,6.74927621927389,0.00689342734085269,5.6422763549506,TRUE,TRUE,FALSE
4.77688618247428,1.51829507625148,8.03547728869708,0.0045335486492292,6.5171822124456,TRUE,TRUE,FALSE
1.42688517371156,-1.45995864963301,4.31372899705614,0.328664098773799,5.77368764668915,FALSE,TRUE,FALSE
3.61823195236498,0.451683520730359,6.7847803839996,0.0256021841650129,6.33309686326924,TRUE,TRUE,FALSE
0.518662690538283,-2.50717036204674,3.54449574312331,0.734183181516197,6.05166610517005,FALSE,TRUE,FALSE
3.84767786271572,0.870264491058922,6.82509123437251,0.0119105906649584,5.95482674331359,TRUE,TRUE,FALSE
2.30428846027034,-0.658785372571186,5.26736229311186,0.125825698444517,5.92614766568304,FALSE,TRUE,FALSE
4.03888046276724,0.854067459879325,7.22369346565516,0.0135318770844579,6.36962600577584,TRUE,TRUE,FALSE
4.26651116544988,1.21324708770034,7.31977524319942,0.0067041583511373,6.10652815549908,TRUE,TRUE,FALSE
3.0203658078179,0.0477145246216923,5.9930170910141,0.046510815309788,5.94530256639241,TRUE,TRUE,FALSE
2.52881597491156,-0.440522830362422,5.49815478018554,0.0940959844107204,5.93867761054796,FALSE,TRUE,FALSE
1.51720918270321,-1.452070594234,4.48648895964042,0.312678464566723,5.93855955387443,FALSE,TRUE,FALSE
2.40400647227176,-0.328791500130731,5.13680444467426,0.0839182472412224,5.46559594480499,FALSE,TRUE,FALSE
3.65392106712952,0.523141482652865,6.78470065160618,0.0226914218624025,6.26155916895331,TRUE,TRUE,FALSE
5.967163531474,3.13211737072723,8.80220969222077,6.78986438352088e-05,5.67009232149355,TRUE,FALSE,FALSE
3.71152655833018,0.608467680884402,6.81458543577596,0.0196226676569248,6.20611775489156,TRUE,TRUE,FALSE
3.47830179931342,0.825757564376853,6.13084603424998,0.0107580541834922,5.30508846987312,TRUE,TRUE,FALSE
2.76462295407453,-0.33834727198996,5.86759318013901,0.080090786288148,6.20594045212897,FALSE,TRUE,FALSE
5.27178246767031,2.10182783754832,8.44173709779231,0.00137544269658611,6.33990926024399,TRUE,TRUE,FALSE
4.21491718489461,0.993158353808759,7.43667601598046,0.0109353378996676,6.4435176621717,TRUE,TRUE,FALSE
4.50299082737264,1.8227304207069,7.18325123403837,0.00123522993961281,5.36052081333147,TRUE,TRUE,FALSE
3.7988460735086,0.918728610961615,6.67896353605559,0.0103218349349388,5.76023492509397,TRUE,TRUE,FALSE
4.49464323713345,1.45186202748902,7.53742444677787,0.00424754511649334,6.08556241928885,TRUE,TRUE,FALSE
4.51630308232344,1.58631661140702,7.44628955323987,0.00290543007570577,5.85997294183285,TRUE,TRUE,FALSE
3.99181903960518,1.00885133965503,6.97478673955533,0.00930005395447212,5.9659353999003,TRUE,TRUE,FALSE
3.07474135561107,0.172279310145297,5.97720340107683,0.0381196958344045,5.80492409093154,TRUE,TRUE,FALSE
0.0588560807055569,-2.72204482891537,2.83975699032649,0.966546323435427,5.56180181924186,FALSE,FALSE,FALSE
2.23352666793316,-0.624888866508624,5.09194220237494,0.124050302517946,5.71683106888357,FALSE,TRUE,FALSE
5.74368284852879,2.42551904646009,9.0618466505975,0.00089151349573468,6.6363276041374,TRUE,TRUE,FALSE
3.79893345647434,0.513004342307505,7.08486257064117,0.0239594896086619,6.57185822833366,TRUE,TRUE,FALSE
3.21469247063742,0.141195321701075,6.28818961957376,0.0405672073103227,6.14699429787269,TRUE,TRUE,FALSE
4.78183639317357,1.7783144480549,7.78535833829224,0.00213746017512021,6.00704389023734,TRUE,TRUE,FALSE
1.52044438090719,-1.82859503905943,4.86948380087381,0.36940392456702,6.69807883993324,FALSE,TRUE,FALSE
1.06962639809162,-1.83480464080917,3.97405743699241,0.466194258370222,5.80886207780158,FALSE,TRUE,FALSE
3.3915834570691,0.610578671023203,6.172588243115,0.0174146400563388,5.56200957209179,TRUE,TRUE,FALSE
6.3397757351633,3.45712542056457,9.22242604976203,3.3801996234342e-05,5.76530062919747,TRUE,FALSE,FALSE
0.998733450376798,-1.6932581599494,3.69072506070299,0.462908603327221,5.38398322065239,FALSE,TRUE,FALSE
3.08886019716356,0.123902522632205,6.05381787169491,0.0413513272162392,5.92991534906271,TRUE,TRUE,FALSE
1.85595322638122,-1.29186738932737,5.00377384208981,0.24447813526111,6.29564123141718,FALSE,TRUE,FALSE
2.36231496561842,-0.473811880569223,5.19844181180606,0.101428481024349,5.67225369237528,FALSE,TRUE,FALSE
5.59488412553304,2.97094252118477,8.2188257298813,5.55427636785244e-05,5.24788320869653,TRUE,TRUE,FALSE
2.83570532431946,0.258755095693795,5.41265555294513,0.0314071793925318,5.15390045725133,TRUE,TRUE,FALSE
1.32673949908674,-1.81799706517979,4.47147606335326,0.404065415471028,6.28947312853305,FALSE,TRUE,FALSE
2.75061300304917,0.147242031912003,5.35398397418634,0.0386193160825425,5.20674194227433,TRUE,TRUE,FALSE
2.7518584093576,-0.123372446204159,5.62708926491936,0.060440003941228,5.75046171112352,FALSE,TRUE,FALSE
-0.835666798929642,-3.97095001480104,2.29961641694176,0.597664252456857,6.2705664317428,FALSE,FALSE,FALSE
0.488457772886841,-2.45396323884629,3.43087878461997,0.74225891652537,5.88484202346626,FALSE,TRUE,FALSE
5.67545908170384,3.00862855783391,8.34228960557377,5.72299255032193e-05,5.33366104773986,TRUE,FALSE,FALSE
3.16232177449035,0.0670544001699014,6.2575891488108,0.0453410104323899,6.1905347486409,TRUE,TRUE,FALSE
3.86107342863241,0.854283848202537,6.86786300906228,0.0124390475349426,6.01357916085974,TRUE,TRUE,FALSE
6.82028875891103,3.36015045502009,10.280427062802,0.000176605272745682,6.92027660778187,TRUE,FALSE,FALSE
4.602817584633,2.04265708675644,7.16297808250957,0.000575505362918679,5.12032099575312,TRUE,TRUE,FALSE
3.11703677116406,0.23224774308816,6.00182579923995,0.0345205654776517,5.76957805615179,TRUE,TRUE,FALSE
1.93772158719541,-0.599622169486035,4.47506534387685,0.132685618570235,5.07468751336288,FALSE,TRUE,FALSE
3.18692428184409,0.491058588356813,5.88278997533137,0.021048384442942,5.39173138697455,TRUE,TRUE,FALSE
3.45966956535049,0.628287126432059,6.29105200426892,0.0172063999496129,5.66276487783686,TRUE,TRUE,FALSE
2.66927398404666,-0.276471720422896,5.61501968851622,0.0751643428698321,5.89149140893911,FALSE,TRUE,FALSE
3.09212069632213,0.126523988064887,6.05771740457938,0.0411849582994245,5.9311934165145,TRUE,TRUE,FALSE
2.57647994399044,-0.800660337786105,5.95362022576698,0.133068387186991,6.75428056355308,FALSE,TRUE,FALSE
4.33613586512232,1.76146721477989,6.91080451546475,0.00120353519501335,5.14933730068486,TRUE,TRUE,FALSE
2.09101733017878,-0.867778980077029,5.04981364043459,0.163707074778144,5.91759262051162,FALSE,TRUE,FALSE
3.21375970032333,0.606124970170276,5.82139443047638,0.0162986102525782,5.21526946030611,TRUE,TRUE,FALSE
1.2158622500187,-1.83103833309208,4.26276283312949,0.429895736902803,6.09380116622158,FALSE,TRUE,FALSE
2.29135917804078,-0.692056161976829,5.27477451805839,0.130520767065644,5.96683068003522,FALSE,TRUE,FALSE
4.1657834565503,1.52717928498896,6.80438762811163,0.00231818773431265,5.27720834312268,TRUE,TRUE,FALSE
3.94891618469229,0.729744003201095,7.16808836618349,0.0167888204769455,6.4383443629824,TRUE,TRUE,FALSE
1.66844181148132,-1.53979498525376,4.87667860821641,0.304206994615351,6.41647359347017,FALSE,TRUE,FALSE
4.30050005539736,1.43634861414702,7.16465149664769,0.00368307222128153,5.72830288250067,TRUE,TRUE,FALSE
4.14232742169597,1.41818761869671,6.86646722469523,0.00328947401229281,5.44827960599852,TRUE,TRUE,FALSE
5.73195410843804,2.83188266708283,8.63202554979324,0.000170058255055889,5.80014288271041,TRUE,TRUE,FALSE
4.70583369676835,2.05769449835209,7.35397289518461,0.000660293237323123,5.29627839683252,TRUE,TRUE,FALSE
3.39538525559484,0.653147614570638,6.13762289661903,0.015822663257815,5.4844752820484,TRUE,TRUE,FALSE
3.248854860846,0.236113608625321,6.26159611306667,0.0348701136712879,6.02548250444135,TRUE,TRUE,FALSE
3.19279678634422,0.510854339328624,5.87473923335982,0.0201857434331655,5.36388489403119,TRUE,TRUE,FALSE
6.06841177285949,3.07463051868771,9.06219302703127,0.000118949919797458,5.98756250834356,TRUE,FALSE,FALSE
2.03676636684507,-0.908815934234007,4.98234866792416,0.17288776471998,5.89116460215816,FALSE,TRUE,FALSE
-0.649923390007839,-3.49330951647105,2.19346273645537,0.650772886684317,5.68677225292642,FALSE,FALSE,FALSE
2.2720509185891,-0.25241626007419,4.79651809725239,0.0771229952597964,5.04893435732658,FALSE,TRUE,FALSE
2.4771124944051,-0.347052669223712,5.3012776580339,0.0848128478726049,5.64833032725762,FALSE,TRUE,FALSE
2.67259655550811,-0.530364848667879,5.87555795968409,0.100833066269676,6.40592280835197,FALSE,TRUE,FALSE
4.36156567990116,1.49568204553394,7.22744931426837,0.00326432159026282,5.73176726873444,TRUE,TRUE,FALSE
2.99254725903119,-0.00187980079391625,5.9869743188563,0.0501408822183917,5.98885411965021,FALSE,TRUE,FALSE
1.8343167252739,-1.11752625342719,4.786159703975,0.220143769971706,5.90368595740219,FALSE,TRUE,FALSE
5.30054577104337,2.40883902821538,8.19225251387137,0.000455323962537735,5.78341348565598,TRUE,TRUE,FALSE
2.44933472397037,-0.526583201270893,5.42525264921163,0.105486439531253,5.95183585048252,FALSE,TRUE,FALSE
3.9206335026344,0.957114145348638,6.88415285992017,0.0101024440030077,5.92703871457153,TRUE,TRUE,FALSE
4.56087886028433,1.57166311965054,7.55009460091812,0.00318974335664912,5.97843148126758,TRUE,TRUE,FALSE
4.0169430452971,1.14672738068176,6.88715870991245,0.00662310661397834,5.74043132923069,TRUE,TRUE,FALSE
2.54948249285633,-0.173392558189917,5.27235754390257,0.066120503962897,5.44575010209249,FALSE,TRUE,FALSE
0.256686190588802,-2.5881329201145,3.10150530129211,0.858105038005419,5.68963822140661,FALSE,TRUE,FALSE
6.11875477119399,3.05648709519513,9.18102244719285,0.000146027609351132,6.12453535199772,TRUE,FALSE,FALSE
-0.037073309346261,-2.85646578675836,2.78231916806584,0.979211490784799,5.6387849548242,FALSE,FALSE,FALSE
3.11801167247949,0.567807440039717,5.66821590491926,0.0171403017800634,5.10040846487954,TRUE,TRUE,FALSE
0.0293041043234035,-2.64080551184555,2.69941372049236,0.98264869859006,5.34021923233791,FALSE,FALSE,FALSE
1.56692679600171,-1.35972800044906,4.49358159245248,0.290243151092542,5.85330959290154,FALSE,TRUE,FALSE
0.335455634655046,-2.51368114178837,3.18459241109846,0.815542205522201,5.69827355288683,FALSE,TRUE,FALSE
1.4039781430034,-1.25828342297901,4.06623970898582,0.297497890503864,5.32452313196483,FALSE,TRUE,FALSE
3.72332844051115,0.841568725028512,6.60508815599378,0.0119268262786695,5.76351943096527,TRUE,TRUE,FALSE
2.84043866558392,-0.0368176436339915,5.71769497480184,0.0529392566709384,5.75451261843583,FALSE,TRUE,FALSE
4.04280760803882,1.16209267354323,6.92352254253441,0.00648022959087956,5.76142986899118,TRUE,TRUE,FALSE
3.89672346622247,0.605571697492478,7.18787523495245,0.0208542185491286,6.58230353745997,TRUE,TRUE,FALSE
1.86931029179701,-1.07853784284302,4.81715842643704,0.210930811410758,5.89569626928006,FALSE,TRUE,FALSE
3.41209487686801,0.642010783862839,6.18217896987318,0.0163555682047003,5.54016818601034,TRUE,TRUE,FALSE
3.16933051750068,0.287289945252142,6.05137108974922,0.0315166687989135,5.76408114449708,TRUE,TRUE,FALSE
0.583786589720316,-1.89677410428206,3.0643472837227,0.641156781193958,4.96112138800476,FALSE,TRUE,FALSE
3.82017118894777,1.17934167995862,6.46100069793692,0.0050692996895077,5.28165901797829,TRUE,TRUE,FALSE
3.04793924856495,0.603271401118154,5.49260709601175,0.0151334045265645,4.8893356948936,TRUE,TRUE,FALSE
0.478838237040899,-2.25735324367057,3.21502971775236,0.728836534140121,5.47238296142293,FALSE,TRUE,FALSE
5.75309098795874,2.80455465813526,8.70162731778223,0.000203005830882712,5.89707265964697,TRUE,TRUE,FALSE
3.76352063079911,0.676120776072637,6.85092048552558,0.0174646085116818,6.17479970945295,TRUE,TRUE,FALSE
3.9397296356647,0.795312942439544,7.08414632888985,0.0146559305261993,6.2888333864503,TRUE,TRUE,FALSE
5.16882110710677,2.7859846866955,7.55165752751804,4.22903537057476e-05,4.76567284082254,TRUE,TRUE,FALSE
2.25376578552108,-0.422762223751009,4.93029379479317,0.0978010773638087,5.35305601854418,FALSE,TRUE,FALSE
3.29932911531066,0.358917193939768,6.23974103668156,0.0283012279478982,5.88082384274179,TRUE,TRUE,FALSE
2.84540161508555,-0.0435115915046733,5.73431482167578,0.0534746531368649,5.77782641318045,FALSE,TRUE,FALSE
5.05784437044926,2.36678600448765,7.74890273641087,0.000332597603893701,5.38211673192322,TRUE,TRUE,FALSE
3.10117492028427,0.00515902452921502,6.19719081603933,0.0496276783895671,6.19203179151012,TRUE,TRUE,FALSE
4.01778783345036,1.07316959260938,6.96240607429134,0.00805249204025341,5.88923648168196,TRUE,TRUE,FALSE
4.46726600086171,1.54715254825784,7.38737945346559,0.00311372297489138,5.84022690520775,TRUE,TRUE,FALSE
4.2164253146399,0.870953466396557,7.56189716288325,0.0140993862522621,6.69094369648669,TRUE,TRUE,FALSE
2.57952921460049,0.279089388969573,4.87996904023141,0.0284032549491617,4.60087965126184,TRUE,TRUE,FALSE
3.90071099206805,0.981319515833183,6.82010246830292,0.00940531659545765,5.83878295246974,TRUE,TRUE,FALSE
3.67269979211734,0.705660321104386,6.6397392631303,0.0158511199088037,5.93407894202591,TRUE,TRUE,FALSE
1.52801477700578,-1.49109018329288,4.54711973730445,0.317270641549201,6.03820992059732,FALSE,TRUE,FALSE
1.90757850422227,-1.42862730741399,5.24378431585852,0.258918418763734,6.67241162327251,FALSE,TRUE,FALSE
-0.236688171755939,-3.33887704804462,2.86550070453274,0.879830130509049,6.20437775257736,FALSE,FALSE,FALSE
3.44418503254581,0.293064565570251,6.59530549952137,0.0325361247461578,6.30224093395112,TRUE,TRUE,FALSE
2.68473372752434,-0.00125526739792248,5.3707227224466,0.0501048472256212,5.37197798984452,FALSE,TRUE,FALSE
1.64321305794275,-1.43303045836704,4.71945657425254,0.291351409357162,6.15248703261958,FALSE,TRUE,FALSE
6.06213714741881,3.11326552611712,9.01100876872051,9.68296270596894e-05,5.89774324260339,TRUE,FALSE,FALSE
1.11215064441027,-1.45114236928942,3.67544365810997,0.39090081245702,5.1265860273994,FALSE,TRUE,FALSE
0.836819205859557,-2.1279919651254,3.80163037684451,0.576282043259515,5.92962234196991,FALSE,TRUE,FALSE
2.471795729775,-0.354435263660489,5.29802672321048,0.0856972031007578,5.65246198687097,FALSE,TRUE,FALSE
2.89920895542281,-0.303844867523578,6.10226277836919,0.0754828738020482,6.40610764589277,FALSE,TRUE,FALSE
0.686175861030506,-2.06240200291251,3.43475372497352,0.621045141105191,5.49715572788603,FALSE,TRUE,FALSE
2.26989458939369,-0.550348383728654,5.09013756251603,0.113297068388561,5.64048594624468,FALSE,TRUE,FALSE
3.66583249981005,0.609685000962889,6.72197999865722,0.0192872711931547,6.11229499769433,TRUE,TRUE,FALSE
3.49915086688994,0.55422731234458,6.44407442143529,0.0204189487179525,5.88984710909071,TRUE,TRUE,FALSE
3.58242306277136,0.615383718219542,6.54946240732318,0.0185282329023661,5.93407868910363,TRUE,TRUE,FALSE
3.60817105474814,0.887523758222346,6.32881835127394,0.00992609883734722,5.4412945930516,TRUE,TRUE,FALSE
3.43243900409514,0.319147131765772,6.54573087642451,0.0310934669811283,6.22658374465874,TRUE,TRUE,FALSE
2.14734941057576,-1.29281008083198,5.58750890198349,0.218099721735761,6.88031898281546,FALSE,TRUE,FALSE
5.47838464789363,2.38769950688583,8.56906978890143,0.000680044723251306,6.1813702820156,TRUE,TRUE,FALSE
4.24484106123627,0.983156445414524,7.50652567705801,0.0113436588685993,6.52336923164349,TRUE,TRUE,FALSE
1.52528203878255,-1.39054890930395,4.44111298686904,0.301392804909876,5.83166189617299,FALSE,TRUE,FALSE
0.323246714549178,-2.44746546612363,3.09395889522198,0.817194129286407,5.54142436134561,FALSE,TRUE,FALSE
2.90895256692498,0.246533208379682,5.57137192547028,0.032598982888512,5.3248387170906,TRUE,TRUE,FALSE
4.37838736000104,1.26510538735133,7.49166933265075,0.00637331390716665,6.22656394529943,TRUE,TRUE,FALSE
2.04364199051841,-0.70823602048382,4.79552000152064,0.143558362170562,5.50375602200446,FALSE,TRUE,FALSE
4.30422086256853,0.989357180571352,7.6190845445657,0.0115249032083252,6.62972736399435,TRUE,TRUE,FALSE
3.7492142957617,0.97866746026268,6.51976113126072,0.00856545840716167,5.54109367099804,TRUE,TRUE,FALSE
1.88652647043636,-0.652933053054219,4.42598599392694,0.143425433043738,5.07891904698115,FALSE,TRUE,FALSE
2.04818083115275,-1.02978824873691,5.1261499110424,0.189459238103255,6.15593815977931,FALSE,TRUE,FALSE
2.9755467883008,0.0372930977612769,5.91380047884032,0.0472232103093778,5.87650738107904,TRUE,TRUE,FALSE
3.97593650093783,0.712776471156257,7.23909653071941,0.0175149343081344,6.52632005956315,TRUE,TRUE,FALSE
1.85701279706645,-0.907496818143852,4.62152241227676,0.185343089606447,5.52901923042061,FALSE,TRUE,FALSE
0.439541263161243,-2.39887142066939,3.27795394699187,0.7590066161768,5.67682536766126,FALSE,TRUE,FALSE
2.3656515192949,-0.555452872249914,5.28675591083971,0.11110988407212,5.84220878308962,FALSE,TRUE,FALSE
1.47264305403311,-0.94385299344646,3.88913910151268,0.229107356465607,4.83299209495914,FALSE,TRUE,FALSE
3.59893247643874,0.849857109796564,6.34800784308091,0.0108839559540617,5.49815073328434,TRUE,TRUE,FALSE
3.62921887381486,0.43586443287934,6.82257331475037,0.0263841859791872,6.38670888187103,TRUE,TRUE,FALSE
0.314292454629586,-2.56178043495885,3.19036534421802,0.828580345961345,5.75214577917686,FALSE,TRUE,FALSE
0.694676995420078,-2.25305129322657,3.64240528406673,0.640702963722394,5.8954565772933,FALSE,TRUE,FALSE
4.63413342393743,1.67340277971967,7.59486406815519,0.0025174894401647,5.92146128843551,TRUE,TRUE,FALSE
5.19231841991897,2.34222519230297,8.04241164753498,0.000490788710024175,5.70018645523201,TRUE,TRUE,FALSE
3.6082792726919,0.722491251766904,6.4940672936169,0.0148532729408883,5.77157604184999,TRUE,TRUE,FALSE
2.82633082063614,-0.0263634029863882,5.67902504425867,0.0521084108239447,5.70538844724506,FALSE,TRUE,FALSE
2.60899095624189,-0.148575607122087,5.36655751960587,0.0633867522714379,5.51513312672796,FALSE,TRUE,FALSE
2.52066887435442,-0.145477587095109,5.18681533580394,0.0635748206756801,5.33229292289905,FALSE,TRUE,FALSE
4.92083851689581,2.15767192611004,7.68400510768158,0.000643842735701229,5.52633318157155,TRUE,TRUE,FALSE
2.09520794990935,-0.828928144000057,5.01934404381875,0.15800096759196,5.84827218781881,FALSE,TRUE,FALSE
2.4272242903184,-0.647413029130178,5.50186160976699,0.120275373464281,6.14927463889716,FALSE,TRUE,FALSE
2.68198353476956,-0.000377544876566382,5.36434461441569,0.0500315576873592,5.36472215929225,FALSE,TRUE,FALSE
5.34100131919883,2.07699341483022,8.60500922356745,0.00162610899682427,6.52801580873722,TRUE,TRUE,FALSE
2.82673881273803,0.32714824948437,5.3263293759917,0.0271156626436888,4.99918112650733,TRUE,TRUE,FALSE
1.80690030238366,-0.962514856593565,4.57631546136089,0.198157209730927,5.53883031795446,FALSE,TRUE,FALSE
0.261989383392406,-2.41907186432137,2.94305063110618,0.846470742028168,5.36212249542755,FALSE,FALSE,FALSE
4.72143613710277,2.03836976459954,7.40450250960599,0.000739649550647242,5.36613274500644,TRUE,TRUE,FALSE
3.22768478630039,0.13580148160827,6.31956809099251,0.0409467642105593,6.18376660938424,TRUE,TRUE,FALSE
3.196308596623,0.201656757056854,6.19096043618914,0.0367249108383069,5.98930367913228,TRUE,TRUE,FALSE
3.8297818707881,1.28990566500714,6.36965807656906,0.00354726800713666,5.07975241156192,TRUE,TRUE,FALSE
1.48075220584652,-1.35036142626872,4.31186583796177,0.301462202501444,5.66222726423049,FALSE,TRUE,FALSE
0.762764770146264,-2.62728807769184,4.15281761798437,0.655871223650546,6.78010569567621,FALSE,TRUE,FALSE
1.27561905859746,-1.85915459069847,4.41039270789339,0.420880876775426,6.26954729859185,FALSE,TRUE,FALSE
2.28229109694522,-0.466896495244663,5.03147868913511,0.102551701056721,5.49837518437977,FALSE,TRUE,FALSE
4.3451800697538,1.28046711004063,7.40989302946697,0.00597379809923773,6.12942591942633,TRUE,TRUE,FALSE
0.964259058677118,-1.97422666992453,3.90274478727877,0.516019788863524,5.8769714572033,FALSE,TRUE,FALSE
4.39604194918284,1.69404735277842,7.09803654558727,0.0017237347251782,5.40398919280885,TRUE,TRUE,FALSE
3.66432696329427,0.759346412532168,6.56930751405638,0.0140215818680811,5.80996110152421,TRUE,TRUE,FALSE
3.99382836680881,1.16174633344088,6.82591040017675,0.00623629217141149,5.66416406673587,TRUE,TRUE,FALSE
-0.066117309141934,-2.99260298743426,2.86036836915039,0.964290091945668,5.85297135658464,FALSE,FALSE,FALSE
2.30322768558554,-0.538292056047785,5.14474742721886,0.110799931933344,5.68303948326665,FALSE,TRUE,FALSE
2.54804910205614,-0.196250506224558,5.29234871033685,0.0683755626779106,5.4885992165614,FALSE,TRUE,FALSE
1.52215258162195,-1.484076679326,4.52838184256991,0.317063728901231,6.01245852189592,FALSE,TRUE,FALSE
4.05332447886993,1.00464845893355,7.10200049880631,0.00974907384322786,6.09735203987276,TRUE,TRUE,FALSE
6.27386549816694,3.21694501827155,9.33078597806233,9.92239274983451e-05,6.11384095979078,TRUE,FALSE,FALSE
4.18896654726044,1.73361178099962,6.64432131352125,0.00104663224189239,4.91070953252163,TRUE,TRUE,FALSE
2.33229807530155,-0.441413029470306,5.1060091800734,0.0982687512188231,5.54742220954371,FALSE,TRUE,FALSE
2.96703373705812,-0.118916648738772,6.05298412285502,0.0592977924337909,6.17190077159379,FALSE,TRUE,FALSE
6.06294057369492,2.90291008622572,9.22297106116412,0.000254362200922394,6.3200609749384,TRUE,TRUE,FALSE
5.30254759719146,2.74063646969035,7.86445872469258,8.75328514491645e-05,5.12382225500223,TRUE,TRUE,FALSE
3.44372001249877,0.421710626430392,6.46572939856714,0.0259931706446553,6.04401877213675,TRUE,TRUE,FALSE
3.21189831340129,0.363796320414153,6.06000030638842,0.0275338245669793,5.69620398597427,TRUE,TRUE,FALSE
2.04096495882872,-1.1172859623213,5.19921587997874,0.202424671539562,6.31650184230004,FALSE,TRUE,FALSE
1.70347944142309,-1.00141552794147,4.40837441078764,0.214051113022318,5.4097899387291,FALSE,TRUE,FALSE
1.77040290084471,-0.833332723092205,4.37413852478163,0.180078367535295,5.20747124787383,FALSE,TRUE,FALSE
3.75338801809588,0.539530042896693,6.96724599329508,0.0226036084109442,6.42771595039838,TRUE,TRUE,FALSE
