"estimate","lower","upper","p_value","width","reject","cover","width_met"
1.30314156322856,-0.815639963527425,3.42192308998454,0.224869823283588,4.23756305351196,FALSE,TRUE,FALSE
1.04809857382743,-1.02889479322687,3.12509194088173,0.318691446390451,4.15398673410861,FALSE,TRUE,FALSE
-1.87854430506097,-3.83365815423921,0.0765695441172576,0.0594608894834057,3.91022769835646,FALSE,TRUE,TRUE
2.10375374853614,-0.276594939888591,4.48410243696088,0.0825044524451992,4.76069737684947,FALSE,TRUE,FALSE
0.753628039392351,-1.39592540597291,2.90318148475761,0.487802671264725,4.29910689073052,FALSE,TRUE,FALSE
1.8705775482751,-0.0687127829414012,3.80986787949161,0.0584985693502876,3.87858066243301,FALSE,TRUE,TRUE
0.844953368438158,-1.03891585877501,2.72882259565133,0.375177653916998,3.76773845442634,FALSE,TRUE,TRUE
-0.671116089839743,-2.90286508796205,1.56063290828257,0.551638915451578,4.46349799624462,FALSE,TRUE,FALSE
0.501135165467473,-1.53458968755545,2.53686001849039,0.625908840772176,4.07144970604584,FALSE,TRUE,FALSE
1.41795379146393,-0.587299499048022,3.42320708197589,0.163467009283301,4.01050658102391,FALSE,TRUE,FALSE
1.01873301398123,-1.05027752057381,3.08774354853627,0.330511620542864,4.13802106911008,FALSE,TRUE,FALSE
0.184538550055019,-2.21915626036023,2.58823336047027,0.879086702506565,4.80738962083049,FALSE,TRUE,FALSE
-0.0856999183844221,-1.99628821988944,1.82488838312059,0.929172901832122,3.82117660301003,FALSE,TRUE,TRUE
-0.074317188708807,-1.95899233184947,1.81035795443186,0.937716796812651,3.76935028628132,FALSE,TRUE,TRUE
-0.745833656969666,-2.90616581465878,1.41449850071945,0.494458496144822,4.32066431537824,FALSE,TRUE,FALSE
-2.35592202238031,-4.3754840481325,-0.336359996628116,0.0227529967508231,4.03912405150438,TRUE,FALSE,FALSE
-0.747045178743033,-2.55353162591817,1.0594412684321,0.413403995729526,3.61297289435027,FALSE,TRUE,TRUE
0.66933446417112,-1.6203407584213,2.95900968676354,0.562766489067467,4.57935044518485,FALSE,TRUE,FALSE
3.39180145745827,1.10724548948942,5.67635742542713,0.00406526979415569,4.56911193593771,TRUE,FALSE,FALSE
0.0113960704220284,-2.03318859245912,2.05598073330317,0.991187308680336,4.08916932576229,FALSE,TRUE,FALSE
-1.66218978991867,-4.00057715037437,0.67619757053704,0.161294420373716,4.67677472091141,FALSE,TRUE,FALSE
-0.571786401376341,-2.6993902408909,1.55581743813822,0.594634560455231,4.25520767902912,FALSE,TRUE,FALSE
-0.0916512757116375,-2.20880495785841,2.02550240643513,0.931638413420479,4.23430736429354,FALSE,TRUE,FALSE
-2.2206544469861,-4.34976907309263,-0.0915398208795621,0.0411222860454858,4.25822925221307,TRUE,FALSE,FALSE
1.78440938282417,-0.304636244018106,3.87345500966644,0.0931376615522527,4.17809125368455,FALSE,TRUE,FALSE
-0.762062805209904,-2.87080946559756,1.34668385517775,0.474554544420682,4.21749332077532,FALSE,TRUE,FALSE
1.5782039838722,-0.5043249930196,3.660732960764,0.13564101637099,4.1650579537836,FALSE,TRUE,FALSE
-1.22340559943782,-3.36837054229621,0.921559343420563,0.260093906072083,4.28992988571677,FALSE,TRUE,FALSE
-0.049351306919094,-1.96834390274147,1.86964128890328,0.959355508203422,3.83798519164475,FALSE,TRUE,TRUE
-0.531940442985732,-2.37693040063517,1.31304951466371,0.56812768309764,3.68997991529889,FALSE,TRUE,TRUE
0.25090701477203,-1.62471891789668,2.12653294744074,0.790980753539276,3.75125186533742,FALSE,TRUE,TRUE
-0.770827908824311,-3.02226756016115,1.48061174251253,0.498043349802436,4.50287930267367,FALSE,TRUE,FALSE
-0.0532731687002984,-1.95210572446621,1.84555938706561,0.955663453729976,3.79766511153182,FALSE,TRUE,TRUE
0.450627110393482,-1.63565128176962,2.53690550255659,0.668793283897296,4.17255678432621,FALSE,TRUE,FALSE
1.38368298362607,-0.543867788463335,3.31123375571548,0.157243220018628,3.85510154417882,FALSE,TRUE,TRUE
-1.11173755715326,-3.17884697103197,0.955371856725445,0.288078913375387,4.13421882775741,FALSE,TRUE,FALSE
-1.48759012660475,-3.78518095284893,0.810000699639426,0.201579092252018,4.59518165248836,FALSE,TRUE,FALSE
-1.49134722616108,-3.39966207538017,0.416967623058012,0.123996518772564,3.81662969843819,FALSE,TRUE,TRUE
-0.480216108735174,-2.64209385503931,1.68166163756896,0.659980840363223,4.32375549260827,FALSE,TRUE,FALSE
2.34261401684432,0.319625907006719,4.36560212668193,0.0237384678156639,4.04597621967521,TRUE,FALSE,FALSE
0.456133027847909,-1.64342737681015,2.55569343250597,0.666984853720954,4.19912080931611,FALSE,TRUE,FALSE
0.443128987454704,-1.85810789020495,2.74436586511436,0.702883512348141,4.60247375531931,FALSE,TRUE,FALSE
-0.0671514936953301,-2.0021095132611,1.86780652587044,0.94517185403632,3.86991603913154,FALSE,TRUE,TRUE
0.584015011630393,-1.28929151618068,2.45732153944146,0.537154900366977,3.74661305562214,FALSE,TRUE,TRUE
-0.91472396516028,-3.14740261113628,1.31795468081572,0.417734647374376,4.465357291952,FALSE,TRUE,FALSE
-1.46994519261818,-3.4378473767104,0.497956991474044,0.141268922687247,3.93580436818445,FALSE,TRUE,TRUE
0.408672962311592,-1.77190869535113,2.58925461997432,0.710455365485192,4.36116331532545,FALSE,TRUE,FALSE
-1.08355550004393,-3.10836340423581,0.941252404147942,0.290474782578573,4.04961580838375,FALSE,TRUE,FALSE
-0.89394585835033,-2.92388395239207,1.13599223569141,0.383866886244043,4.05987618808347,FALSE,TRUE,FALSE
-0.516061505898881,-2.66737539958676,1.63525238778899,0.634746662422088,4.30262778737575,FALSE,TRUE,FALSE
-0.0947773165661795,-1.98617294399302,1.79661831086066,0.920902255134085,3.78279125485369,FALSE,TRUE,TRUE
0.463863668718624,-1.63232938974584,2.56005672718309,0.661185722292942,4.19238611692893,FALSE,TRUE,FALSE
-1.25026145100447,-3.27522340093541,0.774700498926471,0.223094506691916,4.04992389986188,FALSE,TRUE,FALSE
-0.0962688848198005,-2.40073259436225,2.20819482472265,0.934025016662994,4.6089274190849,FALSE,TRUE,FALSE
2.06647149400816,0.18462336941824,3.94831961859808,0.0317545600189255,3.76369624917984,TRUE,FALSE,TRUE
1.59503998832065,-0.444507880669354,3.63458785731066,0.123732778057662,4.07909573798001,FALSE,TRUE,FALSE
0.305657112734871,-1.59286770273562,2.20418192820536,0.749766122915636,3.79704963094097,FALSE,TRUE,TRUE
-0.835106056236718,-2.92147669777232,1.25126458529889,0.428493749492539,4.17274128307121,FALSE,TRUE,FALSE
-1.25592863565612,-3.23449786847728,0.722640597165034,0.210475327118312,3.95713846564231,FALSE,TRUE,TRUE
-0.0975855405193636,-2.13061581086368,1.93544472982496,0.924221943871671,4.06606054068864,FALSE,TRUE,FALSE
-0.644677501701927,-2.87907114343303,1.58971614002917,0.567848506614856,4.4687872834622,FALSE,TRUE,FALSE
-0.116762472458425,-2.35773128254829,2.12420633763143,0.917766133438305,4.48193762017972,FALSE,TRUE,FALSE
0.703236587456595,-1.52972279828038,2.93619597319357,0.533022306380956,4.46591877147395,FALSE,TRUE,FALSE
-0.774052944543965,-2.9081784766809,1.36007258759297,0.472945971483015,4.26825106427387,FALSE,TRUE,FALSE
0.384440132140783,-1.67278392661259,2.44166419089415,0.711253624411326,4.11444811750674,FALSE,TRUE,FALSE
-0.404069052605207,-2.47489820667712,1.66676010146671,0.699123724657598,4.14165830814383,FALSE,TRUE,FALSE
0.173722033372414,-1.92489946779248,2.27234353453731,0.869710024307401,4.1972430023298,FALSE,TRUE,FALSE
0.116576571510477,-1.8414924269511,2.07464556997206,0.906086713214139,3.91613799692316,FALSE,TRUE,TRUE
-0.473101078632461,-2.48946725046901,1.54326509320409,0.642168071874831,4.03273234367309,FALSE,TRUE,FALSE
2.45207820445518,0.44850383728884,4.45565257162153,0.0170350858296736,4.00714873433269,TRUE,FALSE,FALSE
-0.569258892380765,-2.5242252280982,1.38570744333667,0.564289307028938,3.90993267143487,FALSE,TRUE,TRUE
-1.10148201280252,-3.34490641133955,1.14194238573451,0.331875657700779,4.48684879707406,FALSE,TRUE,FALSE
0.320929103852672,-1.557836756278,2.19969496398334,0.735066720135713,3.75753172026134,FALSE,TRUE,TRUE
1.16107561769829,-0.943140748064411,3.265291983461,0.27582670059966,4.20843273152541,FALSE,TRUE,FALSE
1.40548570206268,-0.488835598886137,3.2998070030115,0.143925491575545,3.78864260189764,FALSE,TRUE,TRUE
0.337335125218044,-1.70458969727875,2.37925994771484,0.743457821719839,4.08384964499359,FALSE,TRUE,FALSE
-1.34146217312784,-3.17557796724268,0.492653620986993,0.149643976028163,3.66823158822967,FALSE,TRUE,TRUE
0.923735868978723,-1.20371976574714,3.05119150370459,0.390551056049912,4.25491126945173,FALSE,TRUE,FALSE
-1.054520718057,-3.25073272827882,1.14169129216481,0.34259327794585,4.39242402044363,FALSE,TRUE,FALSE
1.10318972290798,-0.925529076340587,3.13190852215655,0.282800584899361,4.05743759849713,FALSE,TRUE,FALSE
-0.0714471452545767,-2.40409780846311,2.26120351795396,0.951601540840167,4.66530132641707,FALSE,TRUE,FALSE
1.45905208364613,-0.722917711394742,3.64102187868701,0.187325477373817,4.36393959008175,FALSE,TRUE,FALSE
-1.42372677208006,-3.68951863418124,0.842065090021123,0.215076359325484,4.53158372420237,FALSE,TRUE,FALSE
-1.02724375002973,-3.1907107131225,1.13622321306305,0.34796139429183,4.32693392618555,FALSE,TRUE,FALSE
0.907173367632525,-0.88581786621548,2.70016460148053,0.317422675072999,3.58598246769601,FALSE,TRUE,TRUE
0.672843910822076,-1.57728433981825,2.9229721614624,0.553870440839739,4.50025650128066,FALSE,TRUE,FALSE
0.75361771912373,-1.51715502797324,3.0243904662207,0.511273865372805,4.54154549419394,FALSE,TRUE,FALSE
-1.41396584359417,-3.60516590116409,0.777234213975751,0.203075776956124,4.38240011513984,FALSE,TRUE,FALSE
-0.699407920997465,-2.68054546240927,1.28172962041434,0.484792502752788,3.96227508282361,FALSE,TRUE,TRUE
-1.20989330419583,-3.23832406053807,0.818537452146416,0.2390685392245,4.05686151268449,FALSE,TRUE,FALSE
0.861788832165192,-1.15488356603156,2.87846123036195,0.398056180609251,4.03334479639351,FALSE,TRUE,FALSE
1.03310191653566,-1.32002533565407,3.38622916872538,0.385317154447602,4.70625450437945,FALSE,TRUE,FALSE
1.38062855310484,-0.41310510715324,3.17436221336293,0.129700676444982,3.58746732051617,FALSE,TRUE,TRUE
2.01314769339211,-0.0422598377235186,4.06855522450773,0.0547933167519505,4.11081506223125,FALSE,TRUE,FALSE
1.12916350561392,-0.925389755966785,3.18371676719462,0.27772802132385,4.1091065231614,FALSE,TRUE,FALSE
-1.34653264560909,-3.59563373096615,0.902568439747972,0.237330343671028,4.49820217071412,FALSE,TRUE,FALSE
-1.21879818321456,-3.06316162006026,0.625565253631141,0.192513621166099,3.6887268736914,FALSE,TRUE,TRUE
1.8357723671438,-0.237020956605633,3.90856569089323,0.0818748334143103,4.14558664749886,FALSE,TRUE,FALSE
0.700405484143398,-1.33877525833114,2.73958622661794,0.496663744726816,4.07836148494907,FALSE,TRUE,FALSE
-0.930930353766008,-2.88466047558425,1.02279976805224,0.346271934725549,3.90746024363649,FALSE,TRUE,TRUE
1.78634406294303,-0.20163094042435,3.77431906631041,0.0775880744899504,3.97595000673476,FALSE,TRUE,TRUE
-0.0272695598198536,-2.17842571528045,2.12388659564074,0.979958637328208,4.30231231092119,FALSE,TRUE,FALSE
0.569971599959278,-1.63060208484922,2.77054528476778,0.608032932300482,4.401147369617,FALSE,TRUE,FALSE
1.04793308731781,-0.955932609585629,3.05179878422126,0.30152874383226,4.00773139380689,FALSE,TRUE,FALSE
1.00455646623022,-0.900933587318106,2.91004651977854,0.297654830936728,3.81098010709665,FALSE,TRUE,TRUE
2.26900305092792,0.368104286556015,4.16990181529982,0.019865847474698,3.8017975287438,TRUE,FALSE,TRUE
0.207892248614761,-1.95454001841865,2.37032451564817,0.848923092469108,4.32486453406682,FALSE,TRUE,FALSE
0.816925521340075,-1.17629964423906,2.81015068691921,0.417561324051063,3.98645033115827,FALSE,TRUE,TRUE
-1.7167005963828,-3.67808865063011,0.24468745786451,0.0854661364765388,3.92277610849462,FALSE,TRUE,TRUE
1.59844503749673,-0.202150187943095,3.39904026293655,0.0811719540712667,3.60119045087964,FALSE,TRUE,TRUE
-0.088017847536141,-2.12699549731386,1.95095980224157,0.931830935589589,4.07795529955543,FALSE,TRUE,FALSE
-0.293190209641441,-2.27724901026038,1.69086859097749,0.769703346971892,3.96811760123787,FALSE,TRUE,TRUE
1.8258907776902,-0.73188983625805,4.38367139163844,0.159535497498633,5.11556122789649,FALSE,TRUE,FALSE
-1.64046239282257,-3.95999739961957,0.679072613974427,0.163397485321348,4.63907001359399,FALSE,TRUE,FALSE
0.244310171083186,-1.89469008287725,2.38331042504362,0.820963996952565,4.27800050792087,FALSE,TRUE,FALSE
1.41499276350727,-0.395732977602389,3.22571850461694,0.124019750406239,3.62145148221933,FALSE,TRUE,TRUE
1.06752687503852,-1.11993375079808,3.25498750087512,0.334784692569033,4.3749212516732,FALSE,TRUE,FALSE
-0.0232147613313065,-2.02948300159684,1.98305347893423,0.981706195578672,4.01253648053107,FALSE,TRUE,FALSE
-1.23067912795543,-3.24372474199867,0.782366486087809,0.227641337296602,4.02609122808648,FALSE,TRUE,FALSE
-1.85011934643502,-4.16593989637472,0.465701203504675,0.115951213290086,4.63164109987939,FALSE,TRUE,FALSE
-1.15803793712302,-2.98723728368955,0.671161409443513,0.211675430894721,3.65839869313306,FALSE,TRUE,TRUE
1.35805390555918,-0.729807258662938,3.4459150697813,0.199520325785106,4.17572232844424,FALSE,TRUE,FALSE
0.616352332281336,-1.35180800578818,2.58451267035085,0.535325644313636,3.93632067613904,FALSE,TRUE,TRUE
-0.156388179703037,-2.64463620124183,2.33185984183576,0.900885547190958,4.97649604307759,FALSE,TRUE,FALSE
0.448384192950845,-1.71835869614467,2.61512708204636,0.681890280299726,4.33348577819103,FALSE,TRUE,FALSE
-0.687130679069218,-2.95218902113941,1.57792766300098,0.548148035464497,4.53011668414039,FALSE,TRUE,FALSE
0.00604171244026356,-2.14691753696861,2.15900096184914,0.995562999486492,4.30591849881775,FALSE,TRUE,FALSE
0.516807030367645,-1.63010215078899,2.66371621152428,0.633563832696062,4.29381836231326,FALSE,TRUE,FALSE
1.33136740398875,-0.868492354581621,3.53122716255911,0.232311156256193,4.39971951714074,FALSE,TRUE,FALSE
-1.02416433036159,-3.0764417716487,1.02811311092552,0.324046882269797,4.10455488257422,FALSE,TRUE,FALSE
0.0971503888644353,-2.15625197772738,2.35055275545625,0.93191738633008,4.50680473318364,FALSE,TRUE,FALSE
1.2575407538704,-0.749961864472037,3.26504337221283,0.216481220551108,4.01500523668487,FALSE,TRUE,FALSE
-0.382772573041124,-2.67114272541842,1.90559757933617,0.740369244986987,4.57674030475459,FALSE,TRUE,FALSE
2.31267954522315,0.256187721958715,4.36917136848759,0.0279589802197535,4.11298364652888,TRUE,FALSE,FALSE
1.53516241750663,-0.624422848478532,3.6947476834918,0.161275511481669,4.31917053197033,FALSE,TRUE,FALSE
0.0801306966215231,-2.2671510559597,2.42741244920274,0.94606578061326,4.69456350516244,FALSE,TRUE,FALSE
0.938009153596345,-0.987918481877239,2.86393678906993,0.335749349070319,3.85185527094717,FALSE,TRUE,TRUE
0.346012557044961,-2.00541398933962,2.69743910342955,0.770646373339623,4.70285309276917,FALSE,TRUE,FALSE
-0.434164153390485,-2.66229904667492,1.79397073989395,0.699517777067473,4.45626978656887,FALSE,TRUE,FALSE
1.6900979342316,-0.375340667675558,3.75553653613875,0.107493575807246,4.13087720381431,FALSE,TRUE,FALSE
0.777169134789915,-1.16864120455631,2.72297947413614,0.429484067448676,3.89162067869245,FALSE,TRUE,TRUE
2.04211814228697,-0.0932636076256479,4.17749989219959,0.0606421145864685,4.27076349982524,FALSE,TRUE,FALSE
0.281308896315185,-1.45300240282572,2.01562019545609,0.747957756075978,3.46862259828181,FALSE,TRUE,TRUE
-0.58537559886542,-2.55531753685108,1.38456633912024,0.556348530592243,3.93988387597131,FALSE,TRUE,TRUE
-2.18450993767593,-4.12263022884644,-0.246389646505431,0.0276148046319557,3.87624058234101,TRUE,FALSE,TRUE
0.968861132149237,-0.939452432036838,2.87717469633531,0.315761104592773,3.81662712837215,FALSE,TRUE,TRUE
-0.300975248440657,-2.35016622991098,1.74821573302966,0.771062676295542,4.09838196294064,FALSE,TRUE,FALSE
-0.417475397003327,-2.56096122652194,1.72601043251528,0.699650735912596,4.28697165903722,FALSE,TRUE,FALSE
0.261909533498741,-1.87562362436583,2.39944269136331,0.808184522265443,4.27506631572914,FALSE,TRUE,FALSE
0.663522163884491,-1.23250537993061,2.55954970769959,0.488599705850794,3.7920550876302,FALSE,TRUE,TRUE
0.290556398265418,-1.72983421234691,2.31094700887774,0.775705946316765,4.04078122122465,FALSE,TRUE,FALSE
0.549646615257104,-1.68335775367756,2.78265098419177,0.625942049143441,4.46600873786933,FALSE,TRUE,FALSE
-1.6812480241025,-3.56089718560179,0.198401137396789,0.0789363361666177,3.75929832299858,FALSE,TRUE,TRUE
-0.703479260711086,-3.02743195843844,1.62047343701627,0.549007912691702,4.64790539545471,FALSE,TRUE,FALSE
1.64939252961793,-0.473537065972456,3.77232212520832,0.12617497747487,4.24585919118077,FALSE,TRUE,FALSE
-1.49589713492622,-3.57125454104393,0.579460271191491,0.155566698333289,4.15071481223542,FALSE,TRUE,FALSE
1.61125366510112,-0.398069389381129,3.62057671958336,0.114614571005692,4.01864610896449,FALSE,TRUE,FALSE
2.03506196215238,-0.285489449868053,4.35561337417281,0.0848616443539413,4.64110282404086,FALSE,TRUE,FALSE
1.88133329771362,-0.149100387274827,3.91176698270207,0.068938301867992,4.06086736997689,FALSE,TRUE,FALSE
-0.886500757841775,-2.89338594530033,1.12038442961679,0.382418323417376,4.01377037491712,FALSE,TRUE,FALSE
-0.252189888264124,-2.41629986091397,1.91192008438573,0.817398367159313,4.3282199452997,FALSE,TRUE,FALSE
-0.0698889532276315,-2.29734610262783,2.15756819617257,0.950422781941052,4.4549142988004,FALSE,TRUE,FALSE
-0.58267441359576,-2.89383798222181,1.72848915503029,0.617606839971318,4.6223271372521,FALSE,TRUE,FALSE
-1.34375585747079,-3.61762711478175,0.930115399840173,0.243403487809196,4.54774251462193,FALSE,TRUE,FALSE
-0.566130100503418,-2.72695604677003,1.5946958457632,0.603908363533076,4.32165189253323,FALSE,TRUE,FALSE
-0.250178030262592,-2.44638177087111,1.94602571034593,0.821431005876835,4.39240748121704,FALSE,TRUE,FALSE
1.49994973497407,-0.572450970622296,3.57235044057043,0.153882146087017,4.14480141119272,FALSE,TRUE,FALSE
0.960173491960575,-1.41392777719818,3.33427476111933,0.423717084521917,4.7482025383175,FALSE,TRUE,FALSE
0.0881799681098294,-1.91160775742437,2.08796769364403,0.930370747699028,3.9995754510684,FALSE,TRUE,TRUE
-0.155262454184959,-2.19864854893883,1.88812364056892,0.880321242204666,4.08677218950775,FALSE,TRUE,FALSE
2.11876854278263,-0.297679166124166,4.53521625168942,0.0849183097662388,4.83289541781359,FALSE,TRUE,FALSE
-0.927164789059743,-2.77082565872171,0.916496080602229,0.320343635429164,3.68732173932394,FALSE,TRUE,TRUE
1.34044607064684,-0.441991933050137,3.12288407434381,0.138622119315006,3.56487600739395,FALSE,TRUE,TRUE
-0.360142853924165,-2.37947351609432,1.65918780824599,0.723865723189147,4.0386613243403,FALSE,TRUE,FALSE
-1.0134119524147,-3.0223622277088,0.995538322879398,0.318857853192823,4.0179005505882,FALSE,TRUE,FALSE
-1.39577152719642,-3.78307358272838,0.991530528335544,0.248418354837949,4.77460411106392,FALSE,TRUE,FALSE
1.08967378281457,-1.21915302429421,3.39850058992336,0.350852006574975,4.61765361421757,FALSE,TRUE,FALSE
0.883153541648417,-1.19597861917567,2.96228570247251,0.400879211439998,4.15826432164818,FALSE,TRUE,FALSE
1.17272076265426,-0.593011677577983,2.9384532028865,0.190301875744266,3.53146488046448,FALSE,TRUE,TRUE
1.23044665803907,-1.18752182229968,3.64841513837781,0.314652803851686,4.83593696067749,FALSE,TRUE,FALSE
-1.37179774916979,-3.28435593741058,0.540760439071008,0.157579109997138,3.82511637648159,FALSE,TRUE,TRUE
-1.1810769132617,-3.16848216260882,0.806328336085417,0.240781503899205,3.97481049869424,FALSE,TRUE,TRUE
-0.240357005634844,-2.24863553924978,1.76792152798009,0.812554211235584,4.01655706722988,FALSE,TRUE,FALSE
-0.770202003488837,-2.92662966023324,1.38622565325557,0.479709849900444,4.31285531348881,FALSE,TRUE,FALSE
-2.11768169807647,-4.43955445785594,0.204191061703008,0.0733156002825802,4.64374551955895,FALSE,TRUE,FALSE
-0.116120664976188,-2.00631750880351,1.77407617885113,0.903109758542499,3.78039368765464,FALSE,TRUE,TRUE
-0.301478974533969,-2.161475719188,1.55851777012006,0.748132276997435,3.71999348930807,FALSE,TRUE,TRUE
0.0482003139469466,-2.11351174661324,2.20991237450713,0.964756760638265,4.32342412112037,FALSE,TRUE,FALSE
0.604817940211146,-1.34587061826733,2.55550649868962,0.539375369038262,3.90137711695696,FALSE,TRUE,TRUE
-2.95769960034652,-5.09566447663464,-0.8197347240584,0.00724798998687681,4.27592975257624,TRUE,FALSE,FALSE
-1.15746670195863,-3.20680428625022,0.891870882332956,0.264736136459132,4.09867516858317,FALSE,TRUE,FALSE
-1.14803356470928,-3.36460633755097,1.06853920813242,0.306168567627563,4.43314554568339,FALSE,TRUE,FALSE
0.111219299121977,-1.77560569243875,1.99804429068271,0.907015084380395,3.77364998312146,FALSE,TRUE,TRUE
0.335973842113191,-1.80367857621469,2.47562626044107,0.755741096022687,4.27930483665576,FALSE,TRUE,FALSE
1.43625912966088,-0.724562821072647,3.5970810803944,0.189954203483238,4.32164390146705,FALSE,TRUE,FALSE
1.47077573733677,-0.765808086592765,3.7073595612663,0.194671799984057,4.47316764785906,FALSE,TRUE,FALSE
-0.822513417851835,-3.05344470134661,1.40841786564294,0.465696970875877,4.46186256698955,FALSE,TRUE,FALSE
-0.426527438796695,-2.40201543616631,1.54896055857292,0.668916840394341,3.95097599473923,FALSE,TRUE,TRUE
-0.437997403996777,-2.65600033361332,1.78000552561977,0.695683803927986,4.43600585923308,FALSE,TRUE,FALSE
-1.08150523290084,-3.00013943103417,0.837128965232477,0.265674218478999,3.83726839626664,FALSE,TRUE,TRUE
-0.0608736999031995,-2.07355430988017,1.95180691007377,0.952207697853941,4.02536121995394,FALSE,TRUE,FALSE
0.344970147367976,-1.7795196179225,2.46945991265845,0.747694022628593,4.24897953058095,FALSE,TRUE,FALSE
0.921068232111915,-1.41652583964996,3.25866230387379,0.435705905879243,4.67518814352375,FALSE,TRUE,FALSE
0.565663436361461,-1.55941907137832,2.69074594410124,0.598147502672779,4.25016501547956,FALSE,TRUE,FALSE
0.883152176363273,-1.21443934627121,2.98074369899776,0.405021060332861,4.19518304526898,FALSE,TRUE,FALSE
-0.116268210990074,-2.27213068556181,2.03959426358167,0.914892616590898,4.31172494914348,FALSE,TRUE,FALSE
1.46082186353838,-0.370038960124244,3.29168268720101,0.11640930377856,3.66172164732525,FALSE,TRUE,TRUE
-0.706740133531079,-2.66939106849534,1.25591080143318,0.476125177109389,3.92530186992852,FALSE,TRUE,TRUE
-1.25571725570371,-3.56669175021517,1.05525723880775,0.283165780264828,4.62194898902292,FALSE,TRUE,FALSE
2.39366705601424,0.445578661350605,4.34175545067787,0.0166136492332303,3.89617678932727,TRUE,FALSE,TRUE
-1.87722176660691,-3.97420283074428,0.219759297530474,0.0786884772724323,4.19396212827476,FALSE,TRUE,FALSE
0.0472605627575863,-2.27874130581935,2.37326243133452,0.967882849797535,4.65200373715388,FALSE,TRUE,FALSE
0.220607831644864,-2.16585822907298,2.60707389236271,0.85466556617462,4.77293212143569,FALSE,TRUE,FALSE
0.798623237460037,-1.11505792466151,2.71230439958159,0.409155004437899,3.8273623242431,FALSE,TRUE,TRUE
-0.0597415869843148,-2.11966271577091,2.00017954180229,0.954169925658151,4.1198422575732,FALSE,TRUE,FALSE
0.985503396248409,-1.19564865098528,3.1666554434821,0.371683009061619,4.36230409446738,FALSE,TRUE,FALSE
1.39142191522738,-0.431713413261188,3.21455724371595,0.132925350775239,3.64627065697713,FALSE,TRUE,TRUE
0.0502204220132228,-2.33442343697469,2.43486428100113,0.966711353689363,4.76928771797582,FALSE,TRUE,FALSE
-0.342670835225811,-2.36926042214613,1.68391875169451,0.737651340521513,4.05317917384064,FALSE,TRUE,FALSE
-1.08377212807672,-3.12286974913867,0.955325492985224,0.293751269835464,4.07819524212389,FALSE,TRUE,FALSE
-1.26709755014924,-3.55876682657998,1.0245717262815,0.274851732189095,4.58333855286148,FALSE,TRUE,FALSE
-0.0975141060606754,-2.61432078052402,2.41929256840267,0.93880002069473,5.03361334892668,FALSE,TRUE,FALSE
0.291536745679707,-1.87012036418603,2.45319385554545,0.789310922221036,4.32331421973148,FALSE,TRUE,FALSE
-0.201420268627424,-2.10967207964644,1.70683154239159,0.834337591552188,3.81650362203803,FALSE,TRUE,TRUE
-0.739263296570061,-2.66788128573915,1.18935469259903,0.448244196025691,3.85723597833818,FALSE,TRUE,TRUE
1.09269355615729,-1.0227783282708,3.20816544058537,0.30747665363538,4.23094376885617,FALSE,TRUE,FALSE
0.354373172436867,-1.7520769537447,2.46082329861843,0.738928637813327,4.21290025236313,FALSE,TRUE,FALSE
-1.60615385543353,-3.57475613612211,0.362448425255048,0.108509483561695,3.93720456137715,FALSE,TRUE,TRUE
-0.352504123006424,-2.52760508564891,1.82259683963606,0.748165908681354,4.35020192528497,FALSE,TRUE,FALSE
1.58473511303986,-0.584683732460418,3.75415395854015,0.150143150953568,4.33883769100056,FALSE,TRUE,FALSE
-1.56138717279866,-3.48928735268954,0.366513007092215,0.111091744403017,3.85580035978176,FALSE,TRUE,TRUE
2.14236527458683,-0.243558091689961,4.52828864086363,0.0778010989939238,4.77184673255359,FALSE,TRUE,FALSE
-0.861115324190825,-2.74919946526405,1.0269688168824,0.367219903952618,3.77616828214646,FALSE,TRUE,TRUE
0.922603467321133,-1.13979935870521,2.98500629334747,0.376425635851028,4.12480565205268,FALSE,TRUE,FALSE
0.606974037969081,-1.61351080023199,2.82745887617015,0.58834506043928,4.44096967640215,FALSE,TRUE,FALSE
-0.566578638569785,-2.81407043775985,1.68091316062028,0.617633671449971,4.49498359838012,FALSE,TRUE,FALSE
-0.365467091085742,-2.32178893507328,1.5908547529018,0.711341910385839,3.91264368797507,FALSE,TRUE,TRUE
0.248784037541043,-1.62371077858189,2.12127885366398,0.792369547134942,3.74498963224587,FALSE,TRUE,TRUE
-0.425560247775202,-2.54622455348043,1.69510405793003,0.691009879380865,4.24132861141046,FALSE,TRUE,FALSE
0.423798194526425,-1.66840420282419,2.51600059187704,0.68825768023401,4.18440479470123,FALSE,TRUE,FALSE
-0.50091646523687,-2.68237230273943,1.68053937226569,0.649276144839261,4.36291167500512,FALSE,TRUE,FALSE
0.959008089145633,-1.46016532291781,3.37818150120907,0.432930049351405,4.83834682412688,FALSE,TRUE,FALSE
-1.65421930585378,-3.62994414913643,0.321505537428862,0.0996892063011586,3.95144968656529,FALSE,TRUE,TRUE
0.349115984128616,-1.46907080026201,2.16730276851924,0.703688280726326,3.63637356878125,FALSE,TRUE,TRUE
1.33063514783903,-0.978607468245595,3.63987776392366,0.255264660074446,4.61848523216925,FALSE,TRUE,FALSE
0.464158638939937,-1.61998416408729,2.54830144196716,0.65914932857184,4.16828560605445,FALSE,TRUE,FALSE
-0.193835400854361,-2.00157702714004,1.61390622543132,0.831751593328964,3.61548325257135,FALSE,TRUE,TRUE
-1.35052471666024,-3.61389540263478,0.912845969314301,0.238896896942078,4.52674137194908,FALSE,TRUE,FALSE
0.566375517847731,-1.25719135393718,2.38994238963264,0.538679674716009,3.64713374356982,FALSE,TRUE,TRUE
0.781707666799679,-0.891958450518601,2.45537378411796,0.355848088778693,3.34733223463656,FALSE,TRUE,TRUE
-0.733370769864053,-2.78956491282105,1.32282337309295,0.480325166475558,4.112388285914,FALSE,TRUE,FALSE
-0.166682086864606,-2.27171443847062,1.93835026474141,0.875322479463407,4.21006470321203,FALSE,TRUE,FALSE
-0.230010202829693,-2.27615339121956,1.81613298556017,0.823746323595608,4.09228637677973,FALSE,TRUE,FALSE
0.177032386049986,-1.90064033175331,2.25470510385329,0.865924831643529,4.1553454356066,FALSE,TRUE,FALSE
-1.02571348893497,-2.73889163034301,0.68746465247307,0.237313596231162,3.42635628281608,FALSE,TRUE,TRUE
0.880875084013967,-1.05058474071416,2.8123349087421,0.36723234186535,3.86291964945626,FALSE,TRUE,TRUE
1.18080724538303,-1.03468566182011,3.39630015258616,0.29241634696764,4.43098581440626,FALSE,TRUE,FALSE
0.230833863812443,-1.82566453944593,2.28733226707082,0.824001516786834,4.11299680651675,FALSE,TRUE,FALSE
1.20715402509692,-0.907472026090433,3.32178007628428,0.259681213602282,4.22925210237471,FALSE,TRUE,FALSE
-0.655219326301768,-2.70336620558437,1.39292755298083,0.526588860156893,4.0962937585652,FALSE,TRUE,FALSE
-0.736565961967381,-2.92612751023475,1.45299558629999,0.505550284651259,4.37912309653475,FALSE,TRUE,FALSE
1.35497590002971,-0.577267246679851,3.28721904673927,0.166954978997456,3.86448629341912,FALSE,TRUE,TRUE
-2.31345505186713,-4.58511084037757,-0.0417992633566899,0.0460180583285838,4.54331157702087,TRUE,FALSE,FALSE
0.547538168581084,-1.52624702719043,2.6213233643526,0.601110430342686,4.14757039154303,FALSE,TRUE,FALSE
0.307410209063822,-1.82969185738814,2.44451227551578,0.775656746229827,4.27420413290393,FALSE,TRUE,FALSE
1.63759054447019,-0.577610591537972,3.85279168047835,0.145369730792773,4.43040227201633,FALSE,TRUE,FALSE
2.00513317148185,-0.167665681972593,4.17793202493629,0.0700430755140067,4.34559770690888,FALSE,TRUE,FALSE
-2.51315484944004,-4.51374615453802,-0.512563544342069,0.0144073679034374,4.00118261019595,TRUE,FALSE,FALSE
-0.170749910585623,-2.11848647510906,1.77698665393781,0.862094794711655,3.89547312904688,FALSE,TRUE,TRUE
-0.0280318554578682,-2.13597619118569,2.07991248026995,0.978976302594872,4.21588867145564,FALSE,TRUE,FALSE
0.156691336577214,-1.99118465502681,2.30456732818124,0.885061121805125,4.29575198320805,FALSE,TRUE,FALSE
-0.963467763472044,-3.19718732950638,1.27025180256229,0.393676261164506,4.46743913206868,FALSE,TRUE,FALSE
1.1717035224607,-0.630478923083398,2.9738859680048,0.199721751668363,3.6043648910882,FALSE,TRUE,TRUE
-1.03397463424041,-2.9061459374072,0.838196668926386,0.275393854360191,3.74434260633359,FALSE,TRUE,TRUE
-2.52266876941501,-4.51146589498073,-0.533871643849289,0.013512633106027,3.97759425113144,TRUE,FALSE,TRUE
-0.0412378211152098,-2.15439484354764,2.07191920131722,0.969152401021052,4.22631404486487,FALSE,TRUE,FALSE
-0.3572371286946,-2.36609404365637,1.65161978626717,0.724632423658055,4.01771382992353,FALSE,TRUE,FALSE
0.392752858875568,-1.45519080253086,2.24069652028199,0.673786029904873,3.69588732281285,FALSE,TRUE,TRUE
-0.449148872682462,-2.48773516792685,1.58943742256193,0.66256998493155,4.07717259048878,FALSE,TRUE,FALSE
1.21037589714764,-0.74393960837301,3.16469140266828,0.221677999563794,3.90863101104129,FALSE,TRUE,TRUE
1.36783123219129,-0.460055167917084,3.19571763229966,0.14055885899678,3.65577280021674,FALSE,TRUE,TRUE
-0.376181630786688,-2.68766867697994,1.93530541540657,0.747144245422679,4.62297409238651,FALSE,TRUE,FALSE
-1.04137240066723,-3.05701419663173,0.974269395297275,0.30736417507269,4.03128359192901,FALSE,TRUE,FALSE
0.380416183950115,-1.67656386727204,2.43739623517227,0.714107844823792,4.1139601024443,FALSE,TRUE,FALSE
-0.675035526940117,-2.9406896676873,1.59061861380707,0.555302629101581,4.53130828149437,FALSE,TRUE,FALSE
-0.329310612466877,-2.45948102160445,1.80085979667069,0.759400107313801,4.26034081827514,FALSE,TRUE,FALSE
0.987476990931228,-1.16595268204559,3.14090666390804,0.364631169485214,4.30685934595363,FALSE,TRUE,FALSE
-0.348317791869409,-2.32715645842305,1.63052087468423,0.727320550933946,3.95767733310728,FALSE,TRUE,TRUE
-0.738742180596613,-2.79922044459968,1.32173608340645,0.4780389156613,4.12095652800613,FALSE,TRUE,FALSE
-0.522898733873116,-2.85405745582583,1.8082599880796,0.656861060562923,4.66231744390542,FALSE,TRUE,FALSE
-0.539388904769597,-2.71027905402375,1.63150124448455,0.622698253380791,4.3417802985083,FALSE,TRUE,FALSE
0.636484337283962,-1.30083234454715,2.57380101911508,0.515521261754926,3.87463336366223,FALSE,TRUE,TRUE
2.11787518145038,0.158571684806772,4.07717867809398,0.034451384652967,3.91860699328721,TRUE,FALSE,TRUE
0.361137427782829,-1.65726349418869,2.37953834975435,0.723012805283471,4.03680184394304,FALSE,TRUE,FALSE
0.566270102253271,-1.31141493400703,2.44395513851357,0.550496351826143,3.75537007252059,FALSE,TRUE,TRUE
-0.503114231262842,-2.85670229333874,1.85047383081306,0.672010205469752,4.7071761241518,FALSE,TRUE,FALSE
0.0538517682489637,-2.0934245817268,2.20112811822472,0.960363277613655,4.29455269995152,FALSE,TRUE,FALSE
2.56380027949171,0.590189120369551,4.53741143861387,0.0114892868506275,3.94722231824432,TRUE,FALSE,TRUE
0.487368046983458,-1.5093612209378,2.48409731490472,0.628836259122523,3.99345853584253,FALSE,TRUE,TRUE
0.827046853258043,-1.16959064029452,2.82368434681061,0.412633764601454,3.99327498710513,FALSE,TRUE,TRUE
-1.0399531295171,-2.9753907423563,0.895484483322093,0.288524783539547,3.87087522567839,FALSE,TRUE,TRUE
0.227807169488925,-2.18023295343056,2.63584729240841,0.851307106375593,4.81608024583896,FALSE,TRUE,FALSE
-2.00714430388023,-4.16108152401642,0.146792916255964,0.0674000645168492,4.30787444027238,FALSE,TRUE,FALSE
0.99184103493816,-0.961834748302306,2.94551681817863,0.31578571994048,3.90735156648093,FALSE,TRUE,TRUE
1.58344588494088,-0.806587289257481,3.97347905913925,0.191384685763801,4.78006634839673,FALSE,TRUE,FALSE
0.478560884152099,-1.38902298938267,2.34614475768686,0.611862037240431,3.73516774706953,FALSE,TRUE,TRUE
-0.216055385661987,-2.35190845691074,1.91979768558676,0.8411411782125,4.2717061424975,FALSE,TRUE,FALSE
0.38258304704299,-1.86668596843923,2.63185206252521,0.736151345253451,4.49853803096443,FALSE,TRUE,FALSE
0.068177089242532,-2.18428086386955,2.32063504235462,0.952171751271087,4.50491590622417,FALSE,TRUE,FALSE
0.818678850384367,-1.18447458466334,2.82183228543207,0.41887114810434,4.00630687009541,FALSE,TRUE,FALSE
-0.107744689609181,-2.19314813321451,1.97765875399615,0.918454099567863,4.17080688721066,FALSE,TRUE,FALSE
-0.563058760062233,-2.82954928040339,1.70343176027892,0.622749715652448,4.53298104068231,FALSE,TRUE,FALSE
-1.05227043777894,-3.23938742882349,1.13484655326561,0.341626273352637,4.3742339820891,FALSE,TRUE,FALSE
-1.17439630888378,-3.15184759375242,0.803054975984847,0.241085518453687,3.95490256973726,FALSE,TRUE,TRUE
2.00903802795431,-0.260713624035016,4.27878967994364,0.0820499095954471,4.53950330397865,FALSE,TRUE,FALSE
-0.172535111479996,-2.3816142201,2.03654399714001,0.87700904862635,4.41815821724001,FALSE,TRUE,FALSE
-0.711687434970448,-2.63052489598317,1.20715002604227,0.463036740661282,3.83767492202544,FALSE,TRUE,TRUE
-0.189481010160911,-2.15386063301722,1.7748986126954,0.84842595809975,3.92875924571262,FALSE,TRUE,TRUE
1.21883521014728,-0.990934326901534,3.42860474719609,0.27601570411704,4.41953907409763,FALSE,TRUE,FALSE
-0.34600032340308,-2.5610461623314,1.86904551552524,0.756972722270559,4.43009167785663,FALSE,TRUE,FALSE
-1.35067919997572,-3.40163499730248,0.700276597351035,0.194026182873873,4.10191159465352,FALSE,TRUE,FALSE
0.409923214531907,-1.58708626129221,2.40693269035602,0.684317261151372,3.99401895164823,FALSE,TRUE,TRUE
1.24391007553137,-0.670206021168295,3.15802617223103,0.199925143848866,3.82823219339933,FALSE,TRUE,TRUE
-0.445755197126702,-2.29719307189084,1.40568267763743,0.63350720082263,3.70287574952827,FALSE,TRUE,TRUE
-0.507497572341953,-2.66262698466817,1.64763183998426,0.640960058004301,4.31025882465243,FALSE,TRUE,FALSE
-1.1170519715717,-3.06129364614451,0.82718970300111,0.256640742814648,3.88848334914562,FALSE,TRUE,TRUE
-0.134049729266555,-2.01460075963596,1.74650130110285,0.887673711211306,3.7611020607388,FALSE,TRUE,TRUE
0.0225017524480904,-2.30439675556247,2.34940026045865,0.984710989436436,4.65379701602113,FALSE,TRUE,FALSE
0.402576341381333,-1.55188918518285,2.35704186794551,0.683286672991549,3.90893105312836,FALSE,TRUE,TRUE
0.532049775842892,-1.64499104803673,2.70909059972251,0.628403778545423,4.35408164775924,FALSE,TRUE,FALSE
0.479674617139544,-1.72524289957231,2.6845921338514,0.666559000646083,4.40983503342372,FALSE,TRUE,FALSE
1.31269050644651,-0.572127347221246,3.19750836011427,0.169841013852356,3.76963570733551,FALSE,TRUE,TRUE
2.75946557710363,0.720449208427967,4.7984819457793,0.00856113429697927,4.07803273735133,TRUE,FALSE,FALSE
0.49278996083285,-1.50311556590259,2.48869548756829,0.624886294959604,3.99181105347088,FALSE,TRUE,TRUE
0.273473270319498,-1.73376519960513,2.28071174024412,0.787213207566987,4.01447693984925,FALSE,TRUE,FALSE
-0.0789142108660589,-2.07708642765884,1.91925800592672,0.937620902821423,3.99634443358556,FALSE,TRUE,TRUE
0.0951728271506096,-2.01989927329764,2.21024492759886,0.92894898946896,4.23014420089649,FALSE,TRUE,FALSE
-0.8666739195654,-2.95785705032163,1.22450921119083,0.412384228938501,4.18236626151246,FALSE,TRUE,FALSE
-0.315223494960643,-2.24906125065946,1.61861426073817,0.746754830301111,3.86767551139763,FALSE,TRUE,TRUE
0.704963145691609,-1.25007852511049,2.66000481649371,0.475523759418082,3.91008334160421,FALSE,TRUE,TRUE
-0.889813405581915,-3.08108380547565,1.30145699431182,0.421852215958985,4.38254079978746,FALSE,TRUE,FALSE
1.25421758335247,-0.912749002885186,3.42118416959012,0.253168358052593,4.33393317247531,FALSE,TRUE,FALSE
-0.26379533391221,-2.26965397792375,1.74206331009933,0.794430763774598,4.01171728802308,FALSE,TRUE,FALSE
-0.505939818036038,-2.55910940018697,1.54722976411489,0.625560658229774,4.10633916430186,FALSE,TRUE,FALSE
-0.657588721596321,-2.78066703152922,1.46548958833658,0.539793135208361,4.2461566198658,FALSE,TRUE,FALSE
-0.0169079117819516,-1.90950172512838,1.87568590156448,0.985875372674879,3.78518762669286,FALSE,TRUE,TRUE
-0.925794927190345,-3.20236027416637,1.35077041978568,0.421179366988363,4.55313069395205,FALSE,TRUE,FALSE
0.113235255783075,-2.01534840655717,2.24181891812332,0.916046089353563,4.25716732468048,FALSE,TRUE,FALSE
0.0967838396675498,-1.99427189315224,2.18783957248734,0.926922148015679,4.18211146563958,FALSE,TRUE,FALSE
-0.107497830185926,-2.04982188741869,1.83482622704684,0.912670550966368,3.88464811446553,FALSE,TRUE,TRUE
-1.5121573867434,-3.41420033518554,0.389885561698739,0.117710775076348,3.80408589688428,FALSE,TRUE,TRUE
0.0511937832413666,-1.98191678884005,2.08430435532279,0.96020390414725,4.06622114416284,FALSE,TRUE,FALSE
-0.898592192592256,-2.65924962640148,0.862065241216972,0.313239625354283,3.52131486761846,FALSE,TRUE,TRUE
-0.0630649044726575,-2.15903055967291,2.03290075072759,0.952454499754493,4.1919313104005,FALSE,TRUE,FALSE
-0.156744160737302,-2.10017518024097,1.78668685876637,0.873026664991602,3.88686203900734,FALSE,TRUE,TRUE
-1.36717689076526,-3.41920095477075,0.684847173240231,0.188916291126377,4.10404812801098,FALSE,TRUE,FALSE
-1.89514905321633,-4.1343500482967,0.344051941864028,0.0961252544363682,4.47840199016073,FALSE,TRUE,FALSE
-0.259027238080174,-2.36592160900311,1.84786713284276,0.807549628923152,4.21378874184588,FALSE,TRUE,FALSE
-0.0433141953063666,-2.02175841258628,1.93513002197354,0.96539527504204,3.95688843455982,FALSE,TRUE,TRUE
0.122673150747827,-1.80840848963016,2.05375479112581,0.899826923478391,3.86216328075598,FALSE,TRUE,TRUE
2.82877809262193,0.482168986871399,5.17538719837247,0.0187110724632455,4.69321821150107,TRUE,FALSE,FALSE
-1.48756152932961,-3.51543176020827,0.540308701549057,0.148457088072762,4.05574046175733,FALSE,TRUE,FALSE
0.255103774424519,-1.55931824886293,2.06952579771197,0.780586904040352,3.6288440465749,FALSE,TRUE,TRUE
-2.1901783427034,-4.18998534258403,-0.190371342822772,0.0321985166981905,3.99961399976125,TRUE,FALSE,TRUE
-1.04282199796976,-2.92166309718019,0.836019101240668,0.273028033323957,3.75768219842086,FALSE,TRUE,TRUE
-1.97338775832564,-3.93623898901998,-0.0105365276312908,0.0488090551173437,3.92570246138869,TRUE,FALSE,TRUE
-1.44531682135333,-3.30194676613756,0.411313123430906,0.125444748029321,3.71325988956847,FALSE,TRUE,TRUE
-1.59363947833313,-3.88920402062417,0.701925063957922,0.17119705525692,4.5911290845821,FALSE,TRUE,FALSE
0.20914985431907,-1.81622580868231,2.23452551732045,0.837876592654706,4.05075132600276,FALSE,TRUE,FALSE
-0.0487080400946856,-2.12423973474722,2.02682365455785,0.962908055493183,4.15106338930507,FALSE,TRUE,FALSE
-1.27678136160964,-3.35762635618831,0.804063632969024,0.225959386388345,4.16168998915734,FALSE,TRUE,FALSE
0.574774550198021,-1.34909323761073,2.49864233800678,0.554220824436066,3.84773557561751,FALSE,TRUE,TRUE
0.762907136033081,-1.72165624261698,3.24747051468314,0.543292109974175,4.96912675730013,FALSE,TRUE,FALSE
-1.54689615131595,-3.59164675114926,0.497854448517362,0.136309685196918,4.08950119966662,FALSE,TRUE,FALSE
-0.692983642923146,-2.71497670687014,1.32900942102385,0.497602864921405,4.043986127894,FALSE,TRUE,FALSE
-0.766021262075635,-2.74403936791193,1.21199684376066,0.443591079070915,3.95603621167259,FALSE,TRUE,TRUE
-0.852313566218419,-3.02218672126779,1.31755958883095,0.437134939976322,4.33974631009874,FALSE,TRUE,FALSE
-0.0202996415394498,-2.1078118335703,2.0672125504914,0.984625552256364,4.17502438406171,FALSE,TRUE,FALSE
2.65381429316475,0.781129997109834,4.52649858921967,0.00599727065323153,3.74536859210983,TRUE,FALSE,TRUE
0.403706642434109,-1.11663069118659,1.92404397605481,0.599035575136235,3.04067466724141,FALSE,TRUE,TRUE
-0.647136641636476,-2.73976271225962,1.44548942898667,0.540429896799819,4.18525214124629,FALSE,TRUE,FALSE
-0.46807369439016,-2.52525929608461,1.58911190730429,0.652258981384328,4.1143712033889,FALSE,TRUE,FALSE
0.976196365951547,-1.19647930519345,3.14887203709654,0.374345264121262,4.34535134228999,FALSE,TRUE,FALSE
-1.35235272324727,-3.14358422651139,0.438878780016851,0.137097022606611,3.58246300652825,FALSE,TRUE,TRUE
0.411087736800363,-1.62915432517227,2.451329798773,0.689818798872626,4.08048412394527,FALSE,TRUE,FALSE
-1.1064572478624,-3.37707324813299,1.16415875240818,0.335501590729692,4.54123200054117,FALSE,TRUE,FALSE
0.527470940315484,-1.69002044862249,2.74496232925346,0.637588071380012,4.43498277787595,FALSE,TRUE,FALSE
0.515696235275824,-1.46747034644083,2.49886281699248,0.60661414131497,3.96633316343331,FALSE,TRUE,TRUE
-0.850749596911187,-3.03531243894558,1.3338132451232,0.441049833005902,4.36912568406878,FALSE,TRUE,FALSE
-0.852355382285506,-3.08355394751573,1.37884318294472,0.44977479170126,4.46239713046046,FALSE,TRUE,FALSE
-1.44822878828823,-3.61069722098467,0.71423964440821,0.186656795395543,4.32493686539288,FALSE,TRUE,FALSE
-1.20240636045582,-2.97424313425538,0.569430413343727,0.180920424568316,3.5436735475991,FALSE,TRUE,TRUE
-0.896179861609543,-3.05348852303702,1.26112879981794,0.411291080365374,4.31461732285496,FALSE,TRUE,FALSE
-0.21294567389882,-2.46986079735048,2.04396944955284,0.851695701702662,4.51383024690333,FALSE,TRUE,FALSE
-0.659119089851364,-2.85863820384744,1.54040002414471,0.553023502009194,4.39903822799216,FALSE,TRUE,FALSE
0.190865142551282,-1.91113865824815,2.29286894335071,0.857215046944172,4.20400760159886,FALSE,TRUE,FALSE
0.65329057018414,-1.35943490570637,2.66601604607465,0.52058285072692,4.02545095178101,FALSE,TRUE,FALSE
0.274044304258415,-1.90338084949291,2.45146945800974,0.803081825079357,4.35485030750265,FALSE,TRUE,FALSE
0.671902355164895,-1.39461623953961,2.7384209498694,0.519868818225048,4.13303718940902,FALSE,TRUE,FALSE
-1.22067402079319,-3.39827609645804,0.956928054871656,0.26831567076653,4.35520415132969,FALSE,TRUE,FALSE
-0.773365544369515,-2.89876553109088,1.35203444235185,0.471528906352499,4.25079997344273,FALSE,TRUE,FALSE
-1.97371621289219,-3.76689428681414,-0.180538138970249,0.0313668104715103,3.58635614784389,TRUE,FALSE,TRUE
0.245104429684969,-1.89373431281975,2.38394317218969,0.820378703319699,4.27767748500943,FALSE,TRUE,FALSE
0.00652634146815531,-2.00267082462031,2.01572350755662,0.994864157460009,4.01839433217694,FALSE,TRUE,FALSE
-0.124956819710375,-2.20818284535004,1.95826920592929,0.905386752770262,4.16645205127932,FALSE,TRUE,FALSE
-2.31548097472214,-4.55152286774127,-0.0794390817029988,0.042559065295807,4.47208378603827,TRUE,FALSE,FALSE
2.27921777180805,0.396615381782116,4.16182016183399,0.0182226174383285,3.76520478005188,TRUE,FALSE,TRUE
-0.158185502681518,-1.89252342777686,1.57615242241383,0.85658288351292,3.46867585019069,FALSE,TRUE,TRUE
0.789205190380696,-1.23611973686183,2.81453011762322,0.440779298602856,4.05064985448505,FALSE,TRUE,FALSE
-1.37313409934017,-3.73139082720963,0.985122628529279,0.250349543951947,4.71651345573891,FALSE,TRUE,FALSE
-0.598792989381989,-2.56104478508627,1.36345880632229,0.545788193934435,3.92450359140857,FALSE,TRUE,TRUE
0.147061807683445,-1.89482813518078,2.18895175054767,0.886515230198296,4.08377988572846,FALSE,TRUE,FALSE
0.733371101283523,-1.21314683145125,2.6798890340183,0.456015141861326,3.89303586546955,FALSE,TRUE,TRUE
1.04162685437251,-0.819940094817154,2.90319380356217,0.269177872304107,3.72313389837932,FALSE,TRUE,TRUE
0.141899003678495,-2.10144612457264,2.38524413192963,0.90025403445131,4.48669025650228,FALSE,TRUE,FALSE
1.45613461540748,-0.888623672526292,3.80089290334125,0.220436214666175,4.68951657586754,FALSE,TRUE,FALSE
1.22810997653187,-0.822104337560513,3.27832429062424,0.237083839975192,4.10042862818476,FALSE,TRUE,FALSE
-0.00274697943725639,-2.13209566750889,2.12660170863438,0.997960256032352,4.25869737614327,FALSE,TRUE,FALSE
1.22298315953806,-0.883884450935954,3.32985077001208,0.251799486076004,4.21373522094804,FALSE,TRUE,FALSE
0.508463774294231,-1.90211238227172,2.91903993086018,0.676106172376557,4.8211523131319,FALSE,TRUE,FALSE
0.80649681757392,-1.26323747792922,2.87623111307706,0.440786809877349,4.13946859100628,FALSE,TRUE,FALSE
0.0909513240136384,-1.99457769839776,2.17648034642503,0.931133067412211,4.17105804482279,FALSE,TRUE,FALSE
0.468117189310386,-1.98215138979385,2.91838576841462,0.705107796174978,4.90053715820847,FALSE,TRUE,FALSE
-0.970576439210333,-2.95823575631852,1.01708287789785,0.33450879599214,3.97531863421637,FALSE,TRUE,TRUE
0.438012267944314,-1.49495285541744,2.37097739130607,0.653585527483218,3.86593024672351,FALSE,TRUE,TRUE
-1.48284836880103,-3.54276885510016,0.577072117498107,0.156096361024087,4.11984097259827,FALSE,TRUE,FALSE
-1.03920582794815,-2.8800631136706,0.801651457774297,0.264969420758731,3.68171457144489,FALSE,TRUE,TRUE
-0.922662532940342,-2.8675082216943,1.02218315581361,0.348365060439861,3.88969137750791,FALSE,TRUE,TRUE
-1.39949797053895,-3.60711827369834,0.808122332620446,0.21106456175167,4.41524060631878,FALSE,TRUE,FALSE
0.487471445763486,-1.797089502491,2.77203239401797,0.672570834308149,4.56912189650898,FALSE,TRUE,FALSE
2.46964767163209,0.246126895392039,4.69316844787214,0.0298971126433421,4.4470415524801,TRUE,FALSE,FALSE
0.0129150271032891,-2.17979095558579,2.20562100979237,0.990687368781243,4.38541196537816,FALSE,TRUE,FALSE
0.790007597964198,-1.17786775138032,2.75788294730872,0.427133227561929,3.93575069868904,FALSE,TRUE,TRUE
-1.86810305726065,-4.00822408333507,0.272017968813764,0.0862956783258507,4.28024205214884,FALSE,TRUE,FALSE
0.898142150037261,-1.07180976180568,2.8680940618802,0.36738518732128,3.93990382368588,FALSE,TRUE,TRUE
0.407894683588858,-1.47074041433403,2.28652978151175,0.667170199043314,3.75727019584578,FALSE,TRUE,TRUE
-1.92180321551236,-3.86905565008709,0.0254492190623647,0.0530035793002386,3.89450486914945,FALSE,TRUE,TRUE
-2.03489681536531,-4.2683647803309,0.198571149600273,0.0736146530065702,4.46693592993117,FALSE,TRUE,FALSE
-0.472565993124819,-2.41279694751572,1.46766496126608,0.629568578151791,3.8804619087818,FALSE,TRUE,TRUE
1.26330829612676,-1.14323027681009,3.6698468690636,0.299701804321938,4.81307714587369,FALSE,TRUE,FALSE
-0.662096504194423,-2.4585317423863,1.13433873399745,0.46584755819517,3.59287047638375,FALSE,TRUE,TRUE
-1.14975950183058,-3.36336438733805,1.06384538367689,0.304802197344056,4.42720977101494,FALSE,TRUE,FALSE
0.0763751383086231,-2.24621940934995,2.3989696859672,0.948044252888635,4.64518909531715,FALSE,TRUE,FALSE
-1.05018144190955,-3.07938564995673,0.979022766137621,0.306538349153755,4.05840841609435,FALSE,TRUE,FALSE
-1.2445637924853,-3.01231026325396,0.523182678283355,0.165288590267072,3.53549294153732,FALSE,TRUE,TRUE
0.31700838880318,-1.69159840063632,2.32561517824268,0.754533650033458,4.017213578879,FALSE,TRUE,FALSE
0.525495081767889,-1.78869901914582,2.8396891826816,0.652909840810557,4.62838820182742,FALSE,TRUE,FALSE
0.448883851046755,-1.9403730147658,2.83814071685931,0.709775521945077,4.77851373162511,FALSE,TRUE,FALSE
-1.27923639147362,-3.42243058305918,0.863957800111928,0.238744087574821,4.2863883831711,FALSE,TRUE,FALSE
-1.33240751668383,-3.5114260226216,0.84661098925395,0.227551165619434,4.35803701187555,FALSE,TRUE,FALSE
-2.10896310081487,-4.16928927239566,-0.0486369292340862,0.0449419650974468,4.12065234316158,TRUE,FALSE,FALSE
1.10980654935065,-1.11026399597602,3.32987709467732,0.3232193138066,4.44014109065334,FALSE,TRUE,FALSE
1.96756706974483,-0.2696009538331,4.20473509332277,0.0839863745881447,4.47433604715587,FALSE,TRUE,FALSE
-0.286854558801453,-2.35956038621098,1.78585126860807,0.783935350621706,4.14541165481905,FALSE,TRUE,FALSE
-0.104706135724956,-2.25631606165978,2.04690379020987,0.923176888559667,4.30321985186965,FALSE,TRUE,FALSE
0.536013885447848,-1.54111726042799,2.61314503132369,0.609355252992625,4.15426229175168,FALSE,TRUE,FALSE
0.397295473651077,-1.71824163519005,2.5128325824922,0.709889080744973,4.23107421768225,FALSE,TRUE,FALSE
-0.222430834923636,-2.31862200050339,1.87376033065612,0.833472272536056,4.1923823311595,FALSE,TRUE,FALSE
-1.83948203824088,-3.61759094217733,-0.061373134304435,0.0427568022550025,3.5562178078729,TRUE,FALSE,TRUE
2.38932691581334,0.228231965220468,4.55042186640621,0.0306355760004313,4.32218990118574,TRUE,FALSE,FALSE
-0.338177134829319,-2.26909036630979,1.59273609665115,0.728633197564364,3.86182646296094,FALSE,TRUE,TRUE
-0.122007119132712,-2.16214423421116,1.91812999594574,0.905667709735148,4.0802742301569,FALSE,TRUE,FALSE
0.139511307381814,-1.99722569102258,2.27624830578621,0.89705746874364,4.27347399680878,FALSE,TRUE,FALSE
-0.88556076089627,-3.20636634072457,1.43524481893202,0.450297744445246,4.64161115965659,FALSE,TRUE,FALSE
-0.802261203934801,-2.90044304317633,1.29592063530673,0.449368861284856,4.19636367848305,FALSE,TRUE,FALSE
1.55165463677904,-0.692786095739802,3.79609536929787,0.172969132118965,4.48888146503768,FALSE,TRUE,FALSE
-1.30081224240582,-3.70652315599186,1.10489867118022,0.285507411947368,4.81142182717208,FALSE,TRUE,FALSE
-0.87180490173918,-2.95788917564432,1.21427937216596,0.408493963513578,4.17216854781029,FALSE,TRUE,FALSE
1.31264909100269,-0.763654445933543,3.38895262793893,0.212305352234005,4.15260707387247,FALSE,TRUE,FALSE
0.47949782248955,-1.43483274590099,2.3938283908801,0.619886010915036,3.82866113678109,FALSE,TRUE,TRUE
-1.42403341642903,-3.5179711452486,0.669904312390535,0.179997784064197,4.18787545763913,FALSE,TRUE,FALSE
0.677659996598387,-1.2788817245972,2.63420171779397,0.493068228986085,3.91308344239117,FALSE,TRUE,TRUE
0.601181823588568,-1.56857722706652,2.77094087424366,0.583286225089996,4.33951810131018,FALSE,TRUE,FALSE
1.96410494057381,-0.0738973288525262,4.00210721000015,0.0587108825733308,4.07600453885268,FALSE,TRUE,FALSE
-1.61507098720519,-3.56414996118868,0.334007986778309,0.10317953890648,3.89815794796699,FALSE,TRUE,TRUE
-0.981155879423522,-3.00256693348931,1.04025517464227,0.337391476909757,4.04282210813157,FALSE,TRUE,FALSE
0.796550958583518,-1.32556554066125,2.91866745782828,0.457689937952745,4.24423299848953,FALSE,TRUE,FALSE
0.829580356555395,-1.37983832005424,3.03899903316503,0.457549433967096,4.41883735321927,FALSE,TRUE,FALSE
-0.232393723541069,-2.28411894723496,1.81933150015283,0.822427030902147,4.10345044738779,FALSE,TRUE,FALSE
-0.44272331495553,-2.42172003329726,1.5362734033862,0.657715820685707,3.95799343668346,FALSE,TRUE,TRUE
0.544811874922822,-1.62889411583086,2.7185178656765,0.61966382461985,4.34741198150736,FALSE,TRUE,FALSE
-1.09550590946267,-3.16840324112829,0.977391422202958,0.296472830127851,4.14579466333125,FALSE,TRUE,FALSE
0.0735313052020717,-1.93974286285482,2.08680547325897,0.942303249423675,4.02654833611379,FALSE,TRUE,FALSE
0.0352232986787359,-2.22699905670538,2.29744565406285,0.975385434976924,4.52444471076823,FALSE,TRUE,FALSE
0.607694326757339,-1.33032771866607,2.54571637218075,0.534802277138095,3.87604409084682,FALSE,TRUE,TRUE
-1.623142585369,-3.78154849294928,0.535263322211283,0.138632316135646,4.31681181516056,FALSE,TRUE,FALSE
0.172171350382852,-2.03150731291894,2.37585001368464,0.876967917720369,4.40735732660358,FALSE,TRUE,FALSE
0.0734085459845914,-1.99267276733831,2.1394898593075,0.943869115961348,4.13216262664581,FALSE,TRUE,FALSE
-0.722450779879876,-2.74699293959712,1.30209137983737,0.48010142062994,4.04908431943448,FALSE,TRUE,FALSE
0.501709309897912,-1.61332746505045,2.61674608484627,0.638517199831718,4.23007354989672,FALSE,TRUE,FALSE
-1.796099449945,-4.24614103005567,0.653942130165666,0.148713782109688,4.90008316022133,FALSE,TRUE,FALSE
-0.728799684190115,-2.5808933710221,1.12329400264187,0.436313961190053,3.70418737366397,FALSE,TRUE,TRUE
0.420781397432698,-1.53382811091252,2.37539090577792,0.669829724064236,3.90921901669044,FALSE,TRUE,TRUE
1.14662328640129,-0.951961704978978,3.24520827778155,0.280526807052556,4.19716998276053,FALSE,TRUE,FALSE
-1.97315587541658,-4.01105884316131,0.0647470923281401,0.0575674539191308,4.07580593548945,FALSE,TRUE,FALSE
0.742515208350105,-1.40697562698969,2.8920060436899,0.494212312624654,4.29898167067959,FALSE,TRUE,FALSE
0.162465262048683,-1.79254727726255,2.11747780135992,0.869206619559978,3.91002507862247,FALSE,TRUE,TRUE
1.50605335504683,-0.515067387998803,3.52717409809247,0.142219802623452,4.04224148609127,FALSE,TRUE,FALSE
-0.796359118090014,-2.74548561695663,1.1527673807766,0.419010331132046,3.89825299773323,FALSE,TRUE,TRUE
-2.02525788427274,-3.68025713505868,-0.370258633486795,0.0170465012174993,3.30999850157189,TRUE,FALSE,TRUE
0.14217958326197,-1.83823663759038,2.12259580411432,0.886874557032755,3.96083244170469,FALSE,TRUE,TRUE
-0.997003461065545,-2.93184941283288,0.937842490701793,0.308629211134193,3.86969190353468,FALSE,TRUE,TRUE
-0.669182117141013,-2.78566729714438,1.44730306286236,0.531412805600288,4.23297036000674,FALSE,TRUE,FALSE
-0.881699063174731,-2.8379401214164,1.07454199506694,0.37286026090222,3.91248211648334,FALSE,TRUE,TRUE
0.16734062100777,-1.86362942768867,2.19831066970421,0.870310034519129,4.06194009739288,FALSE,TRUE,FALSE
0.752856700638377,-1.34712237235622,2.85283577363298,0.47806671048337,4.1999581459892,FALSE,TRUE,FALSE
1.86407420567428,-0.213133872735281,3.94128228408384,0.0779718265899202,4.15441615681912,FALSE,TRUE,FALSE
-0.0983854087700968,-2.20359722810628,2.00682641056609,0.926214444002345,4.21042363867237,FALSE,TRUE,FALSE
-0.541576073226279,-2.23567596358643,1.15252381713387,0.526878638320558,3.38819978072031,FALSE,TRUE,TRUE
2.12278593709011,-0.0839696029316652,4.32954147711189,0.0591726034592276,4.41351108004356,FALSE,TRUE,FALSE
-0.902045840262201,-3.05325404630174,1.24916236577733,0.406925151915558,4.30241641207907,FALSE,TRUE,FALSE
-0.631948853511253,-2.5448398346129,1.28094212759039,0.513197949615906,3.82578196220329,FALSE,TRUE,TRUE
-0.766384313542833,-2.7294787764206,1.19671014933493,0.439929388541622,3.92618892575553,FALSE,TRUE,TRUE
-0.641669372176994,-2.50918731346052,1.22584856910653,0.496512759576129,3.73503588256704,FALSE,TRUE,TRUE
-2.50136984574704,-4.66588564231183,-0.336854049182255,0.0240182431307848,4.32903159312957,TRUE,FALSE,FALSE
2.94710145392287,0.950649899511459,4.94355300833429,0.00427185707460597,3.99290310882283,TRUE,FALSE,TRUE
0.503576855023981,-1.6401120789802,2.64726578902816,0.641770300584688,4.28737786800836,FALSE,TRUE,FALSE
0.987843340224453,-0.964729170042545,2.94041585049145,0.317457266377721,3.905145020534,FALSE,TRUE,TRUE
0.859707696642772,-1.03713923553244,2.75655462881798,0.370206682091364,3.79369386435042,FALSE,TRUE,TRUE
-0.0578594405644515,-2.36607657575965,2.25035769463075,0.960382829320716,4.61643427039039,FALSE,TRUE,FALSE
0.117318300534942,-1.81007306165506,2.04470966272494,0.903995117925228,3.85478272438,FALSE,TRUE,TRUE
0.80008673384779,-1.2026809164158,2.80285438411138,0.429387240229954,4.00553530052717,FALSE,TRUE,FALSE
1.4204554217481,-0.866041628137051,3.70695247163326,0.220274492651935,4.57299409977031,FALSE,TRUE,FALSE
-0.406710257631465,-2.40835641607831,1.59493590081538,0.687344343192582,4.00329231689368,FALSE,TRUE,FALSE
-0.610080541995709,-2.69452904586219,1.47436796187077,0.562293540600955,4.16889700773296,FALSE,TRUE,FALSE
-0.968358659304379,-3.04039698445211,1.10367966584335,0.355558290050971,4.14407665029546,FALSE,TRUE,FALSE
-0.923190885444002,-2.95957656563455,1.11319479474655,0.37008279320935,4.07277136038109,FALSE,TRUE,FALSE
-0.330199543258413,-2.31773358359529,1.65733449707846,0.742064541355739,3.97506808067375,FALSE,TRUE,TRUE
0.812592211926412,-1.40442930731855,3.02961373117138,0.468308781177628,4.43404303848993,FALSE,TRUE,FALSE
1.17897914489558,-1.06316634323351,3.42112463302466,0.298899115547632,4.48429097625817,FALSE,TRUE,FALSE
2.26209728652916,0.0424678060587986,4.48172676699953,0.0458653321235911,4.43925896094073,TRUE,FALSE,FALSE
-0.48674917069491,-2.4121237097454,1.43862536835558,0.616639799309193,3.85074907810097,FALSE,TRUE,TRUE
-0.00845672976954311,-2.05793098366494,2.04101752412585,0.993475870419394,4.09894850779079,FALSE,TRUE,FALSE
0.281970417144933,-1.77803235553175,2.34197318982162,0.78624569607612,4.12000554535337,FALSE,TRUE,FALSE
-0.808670906439035,-3.02653653613121,1.40919472325314,0.470620198564739,4.43573125938435,FALSE,TRUE,FALSE
0.711123110675609,-1.08010631285097,2.50235253420219,0.432256036690914,3.58245884705316,FALSE,TRUE,TRUE
0.5111639743938,-1.40701923731632,2.42934718610392,0.597736860960432,3.83636642342024,FALSE,TRUE,TRUE
0.859962964012202,-1.54543489171476,3.26536081973917,0.479283024904101,4.81079571145393,FALSE,TRUE,FALSE
1.2277943031357,-0.881914980246272,3.33750358651767,0.250586511052783,4.21941856676394,FALSE,TRUE,FALSE
-0.90973135879943,-3.05559452019691,1.23613180259805,0.401789482801303,4.29172632279495,FALSE,TRUE,FALSE
-0.290953175688282,-2.65131439865207,2.0694080472755,0.807053073616976,4.72072244592758,FALSE,TRUE,FALSE
-0.348121146034516,-2.41670902459659,1.72046673252756,0.738843666198256,4.13717575712416,FALSE,TRUE,FALSE
-0.345040203097553,-2.4062353754726,1.7161549692775,0.740175649315746,4.1223903447501,FALSE,TRUE,FALSE
1.0889223636819,-1.31830897238584,3.49615369974965,0.371127266988005,4.8144626721355,FALSE,TRUE,FALSE
0.922504713654332,-1.10988878664468,2.95489821395334,0.369502103043569,4.06478700059802,FALSE,TRUE,FALSE
0.482187036405102,-1.63241987473065,2.59679394754085,0.651552276664124,4.2292138222715,FALSE,TRUE,FALSE
0.355651623165376,-1.6731112163883,2.38441446271905,0.728385973527663,4.05752567910734,FALSE,TRUE,FALSE
1.27852752656436,-0.664206693650734,3.22126174677945,0.194330498056712,3.88546844043019,FALSE,TRUE,TRUE
0.842311927244622,-1.2407359605525,2.92535981504174,0.423798722704071,4.16609577559424,FALSE,TRUE,FALSE
0.540823888658958,-1.37383452481051,2.45548230212843,0.575992695221382,3.82931682693894,FALSE,TRUE,TRUE
-0.595781563522662,-2.7178474910199,1.52628436397457,0.578300379312876,4.24413185499447,FALSE,TRUE,FALSE
-1.0176052864834,-2.94478496690161,0.909574393934804,0.296892624626697,3.85435936083642,FALSE,TRUE,TRUE
-0.0810046543799945,-1.97215837437742,1.81014906561743,0.93235736805606,3.78230743999485,FALSE,TRUE,TRUE
-0.537785471855964,-2.5085238907362,1.43295294702427,0.588981091306932,3.94147683776047,FALSE,TRUE,TRUE
0.387833969244211,-1.8270875776076,2.60275551609602,0.728689560708979,4.42984309370362,FALSE,TRUE,FALSE
-0.832379247627493,-3.05916848249603,1.39440998724105,0.459548679889503,4.45357846973708,FALSE,TRUE,FALSE
-0.386494547293967,-2.14337722135777,1.37038812676984,0.663050671056871,3.51376534812761,FALSE,TRUE,TRUE
0.495754566623282,-1.36299356860076,2.35450270184732,0.59742011518212,3.71749627044808,FALSE,TRUE,TRUE
-0.226023985551687,-2.09155420067801,1.63950622957464,0.810288690701673,3.73106043025265,FALSE,TRUE,TRUE
0.0621394415721664,-1.81039101278194,1.93466989592627,0.94756905403076,3.74506090870821,FALSE,TRUE,TRUE
3.32254657369197,1.09247699413588,5.55261615324807,0.00394297102635834,4.46013915911219,TRUE,FALSE,FALSE
-1.00095673810289,-3.02323383237352,1.02132035616773,0.327989613998391,4.04455418854125,FALSE,TRUE,FALSE
0.537106053184712,-1.76048384389525,2.83469595026467,0.643388635785946,4.59517979415992,FALSE,TRUE,FALSE
0.836276875782832,-1.10342927657548,2.77598302814114,0.393887104218045,3.87941230471662,FALSE,TRUE,TRUE
0.946732589396387,-1.04729586574771,2.94076104454048,0.347991506524615,3.98805691028819,FALSE,TRUE,TRUE
-1.01861085573422,-3.31422814447564,1.27700643300719,0.380287294178505,4.59123457748283,FALSE,TRUE,FALSE
0.610978929294287,-1.62610693230438,2.84806479089295,0.588669695138298,4.47417172319733,FALSE,TRUE,FALSE
1.17580817293943,-0.816352952187075,3.16796929806594,0.243987846700507,3.98432225025302,FALSE,TRUE,TRUE
0.603783181239726,-1.26284122940804,2.4704075918875,0.522016213551933,3.73324882129554,FALSE,TRUE,TRUE
1.57514436409053,-0.586953241257089,3.73724196943815,0.151228530054942,4.32419521069524,FALSE,TRUE,FALSE
-0.115114919623398,-1.71519837899829,1.4849685397515,0.886639361866725,3.20016691874979,FALSE,TRUE,TRUE
-0.1966192786935,-2.45356275763856,2.06032420025156,0.86294862541481,4.51388695789012,FALSE,TRUE,FALSE
-1.05314129142147,-3.2414161137745,1.13513353093157,0.34148314672008,4.37654964470607,FALSE,TRUE,FALSE
1.2199484955612,-0.654464280477862,3.09436127160026,0.199252892199185,3.74882555207812,FALSE,TRUE,TRUE
-0.195101682575023,-2.14025330580149,1.75004994065144,0.842465861390683,3.89030324645293,FALSE,TRUE,TRUE
1.49885090625363,-0.606014252049298,3.60371606455655,0.160560384829828,4.20973031660585,FALSE,TRUE,FALSE
0.408293276743837,-1.83358829155579,2.65017484504346,0.718274349016054,4.48376313659925,FALSE,TRUE,FALSE
-0.901840893462696,-2.86099258962676,1.05731080270137,0.36279988694316,3.91830339232813,FALSE,TRUE,TRUE
-1.49079049486798,-3.64496003574139,0.663379046005436,0.172529026241379,4.30833908174683,FALSE,TRUE,FALSE
-1.76538132657592,-3.82739340688016,0.296630753728319,0.0923972617562624,4.12402416060848,FALSE,TRUE,FALSE
2.00728418703035,-0.0324629649120904,4.0470313389728,0.0536775750012043,4.07949430388489,FALSE,TRUE,FALSE
-2.04099571769872,-3.93765722651819,-0.144334208879255,0.0352453832816612,3.79332301763893,TRUE,FALSE,TRUE
1.97298549877021,-0.0795904380629484,4.02556143560336,0.0593602573666403,4.10515187366631,FALSE,TRUE,FALSE
-1.50577436238482,-3.54914934458248,0.537600619812832,0.146635824199772,4.08674996439531,FALSE,TRUE,FALSE
0.843614911612736,-1.30355349207562,2.99078331530109,0.437015974461785,4.29433680737672,FALSE,TRUE,FALSE
-0.729480025825418,-2.81344196101095,1.35448190936011,0.488487058630598,4.16792387037106,FALSE,TRUE,FALSE
-1.33133730229112,-3.52450788454523,0.861833279962985,0.2309119385056,4.38634116450822,FALSE,TRUE,FALSE
-1.09244531527934,-3.1744893730866,0.989598742527925,0.299930452064736,4.16408811561452,FALSE,TRUE,FALSE
-0.615411540350313,-2.48263074631053,1.25180766560991,0.514185692449985,3.73443841192044,FALSE,TRUE,TRUE
0.221656203124087,-1.40749622646445,1.85080863271263,0.787498732451911,3.25830485917708,FALSE,TRUE,TRUE
-1.09850055406519,-3.16663510464684,0.969633996516453,0.294058884343844,4.13626910116329,FALSE,TRUE,FALSE
1.47086678739571,-0.80361965415334,3.74535322894477,0.202114724014683,4.54897288309811,FALSE,TRUE,FALSE
0.114076641332262,-1.97858574230067,2.20673902496519,0.913978569863563,4.18532476726586,FALSE,TRUE,FALSE
0.130378296712675,-1.83587435428799,2.09663094771334,0.895464472605401,3.93250530200133,FALSE,TRUE,TRUE
-0.0465915102788516,-2.29531563608911,2.20213261553141,0.967249794504494,4.49744825162052,FALSE,TRUE,FALSE
0.577243010321126,-1.87298440681363,3.02747042745588,0.640812913944899,4.9004548342695,FALSE,TRUE,FALSE
0.798130060388527,-1.43284273894608,3.02910285972314,0.478993805803006,4.46194559866922,FALSE,TRUE,FALSE
0.214309437970798,-1.53627501073729,1.96489388667889,0.808349056237247,3.50116889741618,FALSE,TRUE,TRUE
0.94681085810775,-1.2295669727634,3.1231886889789,0.389636361782532,4.35275566174229,FALSE,TRUE,FALSE
-0.42293804135391,-2.25476818034354,1.40889209763572,0.64748678642251,3.66366027797926,FALSE,TRUE,TRUE
-1.37018071293627,-3.63446437653068,0.894102950658136,0.232370787396115,4.52856732718882,FALSE,TRUE,FALSE
1.50678673942107,-0.609605554353685,3.62317903319582,0.160635195811823,4.2327845875495,FALSE,TRUE,FALSE
-0.846828328631261,-3.20150876333339,1.50785210607087,0.476685290878347,4.70936086940426,FALSE,TRUE,FALSE
-0.193891323834662,-2.23412252245338,1.84633987478406,0.850637350211769,4.08046239723744,FALSE,TRUE,FALSE
1.86584530847372,0.0226694036409005,3.70902121330654,0.047307204778784,3.68635180966564,TRUE,FALSE,TRUE
-0.300595020131802,-2.23608998684152,1.63489994657791,0.758325539003263,3.87098993341943,FALSE,TRUE,TRUE
-0.1237507985445,-2.13503060766219,1.88752901057319,0.902960244419378,4.02255961823538,FALSE,TRUE,FALSE
0.455765219477995,-1.39470818760489,2.30623862656088,0.625732071690174,3.70094681416577,FALSE,TRUE,TRUE
0.500490336782558,-1.64197328643119,2.64295395999631,0.643621568116334,4.2849272464275,FALSE,TRUE,FALSE
0.353756564399761,-1.75019575654232,2.45770888534184,0.739068128982095,4.20790464188416,FALSE,TRUE,FALSE
0.598664562019115,-1.35561883226199,2.55294795630022,0.544241519244469,3.90856678856222,FALSE,TRUE,TRUE
-0.720250139711433,-2.88766503233911,1.44716475291624,0.510726592643824,4.33482978525535,FALSE,TRUE,FALSE
-1.83721263780399,-4.11276907384316,0.43834379823519,0.112192430283313,4.55111287207835,FALSE,TRUE,FALSE
1.81749152823346,-0.294164503936847,3.92914756040377,0.0907060851471116,4.22331206434062,FALSE,TRUE,FALSE
0.461460416190007,-1.37909718335547,2.30201801573548,0.619551686242991,3.68111519909095,FALSE,TRUE,TRUE
-0.468689946438475,-2.74692112929773,1.80954123642079,0.683653319484192,4.55646236571852,FALSE,TRUE,FALSE
0.0344346077634771,-2.01441146230045,2.08328067782741,0.973431216761761,4.09769214012786,FALSE,TRUE,FALSE
0.0321747189229211,-2.09532512593411,2.15967456377995,0.976091814313668,4.25499968971406,FALSE,TRUE,FALSE
0.159063225094624,-1.8317677105241,2.14989416071334,0.874205797281991,3.98166187123744,FALSE,TRUE,TRUE
-0.646214840271116,-2.86271935453704,1.57028967399481,0.56380766394,4.43300902853185,FALSE,TRUE,FALSE
1.16068563555583,-0.892298496436667,3.21366976754832,0.264262099376192,4.10596826398498,FALSE,TRUE,FALSE
0.369865209398747,-1.5518965660092,2.29162698480669,0.703029905191658,3.84352355081589,FALSE,TRUE,TRUE
0.695989775532641,-1.06422409895834,2.45620365002362,0.43410952676286,3.52042774898196,FALSE,TRUE,TRUE
-1.00526353023068,-3.22327499780467,1.21274793734332,0.370209301827749,4.43602293514799,FALSE,TRUE,FALSE
1.37327473809877,-0.6752283312796,3.42177780747714,0.186221621571357,4.09700613875674,FALSE,TRUE,FALSE
-1.25146876407069,-3.50530401940228,1.00236649126091,0.272833118898572,4.50767051066319,FALSE,TRUE,FALSE
0.536996965830758,-1.30440334234242,2.37839727400393,0.563704334009761,3.68280061634635,FALSE,TRUE,TRUE
1.21480101305287,-0.755411018999213,3.18501304510495,0.223720031453992,3.94042406410416,FALSE,TRUE,TRUE
0.281495432589139,-1.79042461511734,2.35341548029562,0.787794413676062,4.14384009541297,FALSE,TRUE,FALSE
-0.665609251361021,-2.60293365588925,1.27171515316721,0.496541955326424,3.87464880905646,FALSE,TRUE,TRUE
-1.87813103717999,-3.93488087567765,0.178618801317682,0.0729766936812703,4.11349967699534,FALSE,TRUE,FALSE
1.40219735268107,-0.926400562091238,3.73079526745337,0.234647670509365,4.65719582954461,FALSE,TRUE,FALSE
0.678754440502673,-1.62871261716706,2.98622149817241,0.560330942639879,4.61493411533947,FALSE,TRUE,FALSE
-0.48306119004454,-2.57818584104001,1.61206346095093,0.647939456109207,4.19024930199094,FALSE,TRUE,FALSE
-1.79110985385776,-3.78287895814127,0.200659250425756,0.0773674187679615,3.98353820856703,FALSE,TRUE,TRUE
0.85743419660188,-1.45897330982751,3.17384170303127,0.463924806281493,4.63281501285878,FALSE,TRUE,FALSE
-0.881941043280503,-2.7463332473186,0.982451160757596,0.349751319773399,3.7287844080762,FALSE,TRUE,TRUE
-0.520549920302587,-2.61055999513828,1.56946015453311,0.621857830960396,4.18002014967138,FALSE,TRUE,FALSE
1.62584720777668,-0.450915673902173,3.70261008945554,0.123344683878498,4.15352576335771,FALSE,TRUE,FALSE
-0.54339429143022,-2.53122586403808,1.44443728117764,0.588333755663802,3.97566314521573,FALSE,TRUE,TRUE
0.197021459799903,-1.73941823929629,2.1334611588961,0.840230861678656,3.87287939819239,FALSE,TRUE,TRUE
-0.683993775146972,-2.83225450612145,1.46426695582751,0.528543183403785,4.29652146194896,FALSE,TRUE,FALSE
-1.22298936211525,-3.42586223381939,0.979883509588886,0.272903970989842,4.40574574340827,FALSE,TRUE,FALSE
1.63457336671418,-0.435215323506029,3.70436205693439,0.12013864853147,4.13957738044042,FALSE,TRUE,FALSE
-0.100592583940358,-2.09473276857832,1.89354760069761,0.920376246547066,3.98828036927593,FALSE,TRUE,TRUE
-1.08692315263712,-3.29125896154989,1.11741265627564,0.329821175750943,4.40867161782554,FALSE,TRUE,FALSE
1.48807509642503,-0.647087031592861,3.62323722444292,0.16954834800707,4.27032425603578,FALSE,TRUE,FALSE
-0.43563839373562,-2.33459692116082,1.46332013368958,0.649583224088803,3.79791705485039,FALSE,TRUE,TRUE
1.50130372221525,-0.848564964223411,3.85117240865392,0.207554387268957,4.69973737287733,FALSE,TRUE,FALSE
-2.0750647951372,-3.88567616231408,-0.264453427960327,0.0251768565791919,3.62122273435375,TRUE,FALSE,TRUE
0.198916886894144,-1.84424177400698,2.24207554779527,0.847030796163409,4.08631732180224,FALSE,TRUE,FALSE
1.23227089149394,-0.621244532924172,3.08578631591206,0.189857075392616,3.70703084883623,FALSE,TRUE,TRUE
-0.190837871182623,-2.19781562513087,1.81613988276563,0.850554750704087,4.0139555078965,FALSE,TRUE,FALSE
0.0286188936952136,-2.53932600567591,2.59656379306634,0.982380290332136,5.13588979874225,FALSE,TRUE,FALSE
0.153907981805871,-1.91413502928961,2.22195099290135,0.882761488861572,4.13608602219095,FALSE,TRUE,FALSE
-1.51094137363955,-3.51876869272915,0.49688594545005,0.138365236446675,4.0156546381792,FALSE,TRUE,FALSE
-0.795161402873391,-3.07525877475366,1.48493596900688,0.490104703430994,4.56019474376054,FALSE,TRUE,FALSE
0.115701826055708,-2.19055635512116,2.42196000723258,0.920809577942274,4.61251636235374,FALSE,TRUE,FALSE
-0.560650293483551,-2.38978376642148,1.26848317945438,0.54400961910865,3.65826694587586,FALSE,TRUE,TRUE
0.190278750081109,-1.86310889293927,2.24366639310149,0.854316540637794,4.10677528604076,FALSE,TRUE,FALSE
-1.63749423415696,-3.89241470129026,0.617426232976351,0.152530140134927,4.50984093426661,FALSE,TRUE,FALSE
-1.00610173989566,-2.75415467462597,0.741951194834646,0.25581015389244,3.49610586946062,FALSE,TRUE,TRUE
-0.96196578264311,-2.68729533201228,0.763363766726066,0.270871148875897,3.45065909873835,FALSE,TRUE,TRUE
1.07550370104917,-1.10269318657924,3.25370058867759,0.329163603425553,4.35639377525683,FALSE,TRUE,FALSE
-1.53340925827821,-3.46001289845078,0.393194381894371,0.117303422109556,3.85320728034515,FALSE,TRUE,TRUE
0.141881223887534,-1.8937453372522,2.17750778502727,0.890152100719061,4.07125312227947,FALSE,TRUE,FALSE
0.288270681621978,-1.59086311555458,2.16740447879854,0.761190741784048,3.75826759435312,FALSE,TRUE,TRUE
0.889874885021864,-1.17092638771393,2.95067615775766,0.39315088034379,4.1216025454716,FALSE,TRUE,FALSE
-0.612553275825713,-2.57245402946058,1.34734747780915,0.536130465837568,3.91980150726974,FALSE,TRUE,TRUE
2.27353249242111,0.261949490777805,4.28511549406441,0.0272028943380939,4.0231660032866,TRUE,FALSE,FALSE
-0.00623113506451617,-1.84226579747929,1.82980352735025,0.994634002405308,3.67206932482954,FALSE,TRUE,TRUE
-1.20182357969293,-3.42677577968202,1.02312862029617,0.286004649964591,4.44990439997819,FALSE,TRUE,FALSE
0.838598476538763,-1.08351150071465,2.76070845379217,0.388280417973957,3.84421995450682,FALSE,TRUE,TRUE
0.056557845119121,-2.16470172482744,2.27781741506569,0.959758546739449,4.44251913989313,FALSE,TRUE,FALSE
0.0227092400236643,-2.14381643301796,2.18923491306529,0.98342801574592,4.33305134608325,FALSE,TRUE,FALSE
-0.347752172461542,-2.43561993605328,1.7401155911302,0.741431309115142,4.17573552718348,FALSE,TRUE,FALSE
0.242423702767947,-1.71881665576256,2.20366406129846,0.806530119293383,3.92248071706102,FALSE,TRUE,TRUE
0.801854754010129,-1.34204599304468,2.94575550106494,0.459292174398343,4.28780149410962,FALSE,TRUE,FALSE
-0.249806929375585,-2.26269119599502,1.76307733724385,0.805768565145513,4.02576853323888,FALSE,TRUE,FALSE
1.0767978581771,-0.986475955122152,3.14007167147636,0.302510845565255,4.12654762659851,FALSE,TRUE,FALSE
-1.75422288529109,-3.79418212136247,0.285736350780281,0.0909884697543039,4.07991847214275,FALSE,TRUE,FALSE
0.128619307644392,-2.11177447900162,2.3690130942904,0.909427293343038,4.48078757329202,FALSE,TRUE,FALSE
1.04674702611447,-1.09671952289785,3.19021357512679,0.334467581035923,4.28693309802463,FALSE,TRUE,FALSE
1.61421720253799,-0.324799272206322,3.55323367728229,0.101608084452164,3.87803294948861,FALSE,TRUE,TRUE
-2.22523339862664,-4.23964662497625,-0.210820172277043,0.0307758678689887,4.0288264526992,TRUE,FALSE,FALSE
-1.06929295485012,-2.91145985093348,0.77287394123324,0.251816281797942,3.68433379216672,FALSE,TRUE,TRUE
-0.184384768043998,-2.11962961796308,1.75086008187508,0.850259656927989,3.87048969983816,FALSE,TRUE,TRUE
-1.18678178056917,-3.27474224020932,0.901178679070973,0.261730729990095,4.1759209192803,FALSE,TRUE,FALSE
2.11495091835289,-0.216689644418631,4.44659148112441,0.0748740874193799,4.66328112554304,FALSE,TRUE,FALSE
0.122460360950394,-2.11677815111566,2.36169887301645,0.913702395117363,4.4784770241321,FALSE,TRUE,FALSE
1.71339992961416,-0.314110766858428,3.74091062608675,0.0966194041963706,4.05502139294518,FALSE,TRUE,FALSE
0.0933664390644818,-2.26522737048162,2.45196024861058,0.937475199810793,4.7171876190922,FALSE,TRUE,FALSE
-0.603869729261302,-2.62063198627813,1.41289252775553,0.553340496830778,4.03352451403366,FALSE,TRUE,FALSE
1.26092636279143,-0.69653575337337,3.21838847895623,0.203860055347045,3.9149242323296,FALSE,TRUE,TRUE
-1.68429072687387,-3.764297503049,0.395716049301255,0.111151554316167,4.16001355235025,FALSE,TRUE,FALSE
-1.61452128238447,-3.31705448987213,0.088011925103195,0.0627905254145826,3.40506641497532,FALSE,TRUE,TRUE
-0.375330689236166,-2.40483634215397,1.65417496368164,0.71411104824412,4.0590113058356,FALSE,TRUE,FALSE
-0.26681353814388,-2.00350102719626,1.4698739509085,0.760847651747341,3.47337497810475,FALSE,TRUE,TRUE
-1.84552275573528,-3.88867847681639,0.197632965345823,0.0760771559563269,4.08631144216221,FALSE,TRUE,FALSE
0.180982355942781,-2.0795069093696,2.44147162125516,0.873947521869352,4.52097853062476,FALSE,TRUE,FALSE
-1.98920032135984,-4.41587128838722,0.437470645667532,0.106881693342761,4.85334193405475,FALSE,TRUE,FALSE
-0.011589666787665,-1.82128346536287,1.79810413178754,0.989874382707108,3.6193875971504,FALSE,TRUE,TRUE
-0.876118917837832,-2.97077401803551,1.21853618235985,0.408103631044042,4.18931020039537,FALSE,TRUE,FALSE
-0.571012104783427,-2.73892567421324,1.59690146464639,0.601985715036304,4.33582713885963,FALSE,TRUE,FALSE
1.14394175062969,-0.905122588654138,3.19300608991352,0.270256796973458,4.09812867856766,FALSE,TRUE,FALSE
0.562139630420789,-1.62716125430061,2.75144051514219,0.611139925949933,4.37860176944281,FALSE,TRUE,FALSE
1.1473538815022,-1.0898158578388,3.38452362084321,0.310901611966115,4.47433947868201,FALSE,TRUE,FALSE
0.960309251495576,-1.27024888621559,3.19086738920675,0.394555688087224,4.46111627542234,FALSE,TRUE,FALSE
-0.274977990595615,-2.45185807554374,1.9019020943525,0.80237657808282,4.35376016989624,FALSE,TRUE,FALSE
0.0657952789347831,-1.78474050831429,1.91633106618386,0.943830648056605,3.70107157449815,FALSE,TRUE,TRUE
1.63588398240455,-0.410647547691664,3.68241551250076,0.1157532862703,4.09306306019242,FALSE,TRUE,FALSE
0.656215646302732,-1.6266822820436,2.93911357464907,0.569290636377645,4.56579585669267,FALSE,TRUE,FALSE
-1.07589065426343,-3.27421801440457,1.12243670587772,0.333414994099653,4.39665472028229,FALSE,TRUE,FALSE
-1.58950054631843,-3.67172212288716,0.492721030250304,0.132842692425372,4.16444315313747,FALSE,TRUE,FALSE
-2.18011706842254,-4.28143977845402,-0.0787943583910717,0.042175739381464,4.20264542006294,TRUE,FALSE,FALSE
0.64967961659289,-1.56000866330212,2.8593678964879,0.560519230294431,4.41937655979001,FALSE,TRUE,FALSE
0.841348292215395,-1.21413161350851,2.8968281979393,0.418163160793736,4.11095981144782,FALSE,TRUE,FALSE
-1.77867603363614,-3.73553924092261,0.178187173650333,0.0742849404477214,3.91372641457294,FALSE,TRUE,TRUE
0.687259033098854,-1.48508701278625,2.85960507898396,0.531165309331332,4.34469209177021,FALSE,TRUE,FALSE
1.06168992868625,-0.776868180090936,2.90024803746343,0.254253823975027,3.67711621755436,FALSE,TRUE,TRUE
-1.18874353376417,-3.37048872218633,0.993001654657994,0.281858434778136,4.36349037684432,FALSE,TRUE,FALSE
0.357831927699767,-1.5976206977638,2.31328455316333,0.71698570530064,3.91090525092713,FALSE,TRUE,TRUE
-0.861163268224356,-2.8777647651649,1.15543822871619,0.398380839118516,4.03320299388108,FALSE,TRUE,FALSE
-2.22782243988638,-4.09853242402909,-0.357112455743671,0.0201433273164328,3.74141996828542,TRUE,FALSE,TRUE
1.81774237020311,-0.213230800073428,3.84871554047964,0.0787513541000915,4.06194634055307,FALSE,TRUE,FALSE
-1.3286849963615,-3.58752192076288,0.930151928039887,0.245577910193654,4.51767384880276,FALSE,TRUE,FALSE
-0.636353723259438,-2.45150346876956,1.17879602225069,0.487825324317093,3.63029949102025,FALSE,TRUE,TRUE
-1.2668959220265,-3.44072909856316,0.906937254510165,0.249924305661453,4.34766635307332,FALSE,TRUE,FALSE
-0.335788533239389,-2.45660454079311,1.78502747431433,0.753774232399029,4.24163201510744,FALSE,TRUE,FALSE
0.310168207945264,-1.80739595846102,2.42773237435155,0.771670214969206,4.23512833281258,FALSE,TRUE,FALSE
0.441351112154489,-1.65132296987369,2.53402519418266,0.67614589446919,4.18534816405635,FALSE,TRUE,FALSE
-1.2623014154288,-3.42322614549857,0.898623314640966,0.248833049605063,4.32184946013954,FALSE,TRUE,FALSE
-0.852999037725104,-2.89466916493372,1.18867108948351,0.408627776193197,4.08334025441723,FALSE,TRUE,FALSE
0.816064110205001,-1.19447530215839,2.82660352256839,0.422055893005527,4.02107882472678,FALSE,TRUE,FALSE
0.755363261305514,-1.07347449962015,2.58420102223118,0.413973295712132,3.65767552185133,FALSE,TRUE,TRUE
0.237572849503385,-2.01239077982944,2.48753647883621,0.834279771297017,4.49992725866565,FALSE,TRUE,FALSE
-0.340106190466634,-2.31336259716815,1.63315021623488,0.732772641156543,3.94651281340303,FALSE,TRUE,TRUE
0.890647538844359,-1.21169625954804,2.99299133723676,0.402123030404123,4.2046875967848,FALSE,TRUE,FALSE
0.176616621621647,-1.76062727424731,2.1138605174906,0.856643514053187,3.87448779173791,FALSE,TRUE,TRUE
0.884593853305323,-1.19099430395147,2.96018201056212,0.399313781250016,4.15117631451359,FALSE,TRUE,FALSE
-0.945246546430846,-3.18300931481906,1.29251622195737,0.403494331386971,4.47552553677642,FALSE,TRUE,FALSE
-0.0119896059020323,-2.20560448886999,2.18162527706592,0.991358216100991,4.38722976593591,FALSE,TRUE,FALSE
-0.0739195506337004,-2.22007194863086,2.07223284736346,0.945584400876718,4.29230479599433,FALSE,TRUE,FALSE
-0.520495553493029,-2.24566506482774,1.20467395784168,0.550327466476031,3.45033902266943,FALSE,TRUE,TRUE
0.843961507896988,-1.27119957434211,2.95912259013609,0.429945366109909,4.2303221644782,FALSE,TRUE,FALSE
0.0724858459292044,-2.09840362816765,2.24337532002606,0.947245344799371,4.3417789481937,FALSE,TRUE,FALSE
0.104366933391135,-1.98696173710466,2.19569560388693,0.921224960754899,4.1826573409916,FALSE,TRUE,FALSE
0.531124691910549,-1.52873059578085,2.59097997960195,0.609645025723697,4.1197105753828,FALSE,TRUE,FALSE
0.939639674128124,-1.13182187706405,3.0111012253203,0.369805262869381,4.14292310238435,FALSE,TRUE,FALSE
0.417505679359385,-1.80123518701316,2.63624654573193,0.709338767766698,4.4374817327451,FALSE,TRUE,FALSE
1.63837398326012,-0.453181009499037,3.72992897601927,0.123130952667118,4.18310998551831,FALSE,TRUE,FALSE
1.32481522222126,-0.849139131169624,3.49876957561215,0.22911428422445,4.34790870678177,FALSE,TRUE,FALSE
-0.101299719283554,-2.15096939195483,1.94836995338773,0.921983549079174,4.09933934534256,FALSE,TRUE,FALSE
1.04369953372161,-1.06434356203514,3.15174262947836,0.327855180898907,4.2160861915135,FALSE,TRUE,FALSE
1.71574535282465,-0.405026544648437,3.83651725029774,0.111470864982689,4.24154379494617,FALSE,TRUE,FALSE
1.47532172808442,-0.707600637794229,3.65824409396306,0.182692022089371,4.36584473175729,FALSE,TRUE,FALSE
-0.202992330561453,-2.14406939731482,1.73808473619191,0.835845721508621,3.88215413350673,FALSE,TRUE,TRUE
0.270661004643511,-1.96251795607443,2.50383996536145,0.810224460392977,4.46635792143589,FALSE,TRUE,FALSE
-0.339873920930899,-2.46140661329839,1.78165877143659,0.750960196381974,4.24306538473498,FALSE,TRUE,FALSE
0.566148182686985,-1.50211884515147,2.63441521052544,0.587829309367244,4.13653405567692,FALSE,TRUE,FALSE
0.164775275815463,-2.18992070877172,2.51947126040264,0.889716399375864,4.70939196917436,FALSE,TRUE,FALSE
1.74599311572909,-0.389378337517465,3.88136456897564,0.107757399223021,4.2707429064931,FALSE,TRUE,FALSE
-0.0552680249730637,-1.84954864675505,1.73901259680893,0.951328261047699,3.58856124356398,FALSE,TRUE,TRUE
-1.4602589693078,-3.36187484399717,0.44135690538157,0.130584034124373,3.80323174937874,FALSE,TRUE,TRUE
-0.758718153193375,-2.89073411223257,1.37329780584582,0.481301754294117,4.26403191807839,FALSE,TRUE,FALSE
2.75261532359028,0.697592869761176,4.80763777741939,0.00923668948923998,4.11004490765821,TRUE,FALSE,FALSE
-0.0272020313300411,-2.2888538099679,2.23444974730782,0.980984782758845,4.52330355727572,FALSE,TRUE,FALSE
0.175110084704037,-1.85745782816735,2.20767799757543,0.864452276222348,4.06513582574278,FALSE,TRUE,FALSE
0.605992640870992,-1.64095668256033,2.85294196430231,0.593335858619415,4.49389864686264,FALSE,TRUE,FALSE
0.424882405920191,-1.39613263566796,2.24589744750834,0.644023374936223,3.6420300831763,FALSE,TRUE,TRUE
1.39864032256746,-0.627726175894682,3.42500682102961,0.173653710433313,4.05273299692429,FALSE,TRUE,FALSE
-2.04200383695729,-3.97804843329235,-0.105959240622239,0.0389488576934893,3.87208919267011,TRUE,FALSE,TRUE
2.15980964976665,0.281637021412477,4.03798227812082,0.0246993753070917,3.75634525670834,TRUE,FALSE,TRUE
0.0383075020808707,-2.19785389445338,2.27446889861512,0.972919083076447,4.47232279306849,FALSE,TRUE,FALSE
-0.102701777815668,-2.13492741027224,1.92952385464091,0.920230713578299,4.06445126491315,FALSE,TRUE,FALSE
1.68929151976025,-0.389005223105041,3.76758826262555,0.109821536326669,4.15659348573059,FALSE,TRUE,FALSE
0.679024498475446,-1.39657359024393,2.75462258719482,0.517298840125755,4.15119617743875,FALSE,TRUE,FALSE
-0.340658620005463,-2.68076283502413,1.9994455950132,0.773033828032239,4.68020843003732,FALSE,TRUE,FALSE
1.39933372178398,-0.913812118713207,3.71247956228116,0.232508105540787,4.62629168099437,FALSE,TRUE,FALSE
1.02934266271761,-0.94532078814388,3.00400611357909,0.303075674585303,3.94932690172297,FALSE,TRUE,TRUE
0.831483977721433,-1.50327087852299,3.16623883396586,0.480976927147046,4.66950971248885,FALSE,TRUE,FALSE
-1.00289275106173,-3.17142080218375,1.1656353000603,0.36056903707955,4.33705610224405,FALSE,TRUE,FALSE
-1.45708885800966,-3.26186724453969,0.347689528520364,0.112200298372261,3.60955677306005,FALSE,TRUE,TRUE
-2.03182464898211,-4.09113515560037,0.0274858576361465,0.0530690574245084,4.11862101323651,FALSE,TRUE,FALSE
0.187809187166255,-1.63583395154524,2.01145232587775,0.838308474708169,3.64728627742299,FALSE,TRUE,TRUE
0.76799163548301,-1.20963171385625,2.74561498482227,0.442332664047352,3.95524669867851,FALSE,TRUE,TRUE
0.355586864061814,-1.74366733415183,2.45484106227545,0.737203654588519,4.19850839642728,FALSE,TRUE,FALSE
-0.497082367239339,-2.61017552385918,1.6160107893805,0.641306007927669,4.22618631323967,FALSE,TRUE,FALSE
0.435800442201159,-1.66172065804981,2.53332154245213,0.680685817809396,4.19504220050195,FALSE,TRUE,FALSE
0.732319799164587,-1.55238080322739,3.01702040155656,0.525784950506139,4.56940120478395,FALSE,TRUE,FALSE
0.196898740066208,-2.03618078435491,2.42997826448733,0.861304160216866,4.46615904884224,FALSE,TRUE,FALSE
0.815061557732025,-0.972709300708107,2.60283241617216,0.367397152977951,3.57554171688027,FALSE,TRUE,TRUE
-1.216697253808,-3.42952308906635,0.996128581450349,0.277512770618551,4.4256516705167,FALSE,TRUE,FALSE
0.662955744141847,-1.3521429540548,2.67805444233849,0.514941157723749,4.03019739639329,FALSE,TRUE,FALSE
1.26920441605306,-1.05836065982037,3.59676949192649,0.281478045280946,4.65513015174686,FALSE,TRUE,FALSE
-1.12365344734888,-3.18568474973787,0.938377855040099,0.281800103033813,4.12406260477796,FALSE,TRUE,FALSE
0.44159425168927,-1.82022605662117,2.70341455999971,0.698956449782123,4.52364061662088,FALSE,TRUE,FALSE
-1.77238379247265,-3.93369311574767,0.388925530802362,0.106743935539223,4.32261864655003,FALSE,TRUE,FALSE
0.605484187654084,-1.52123964924363,2.7322080245518,0.572978510835541,4.25344767379542,FALSE,TRUE,FALSE
-0.496936814092617,-2.61341812326513,1.6195444950799,0.64193671153244,4.23296261834503,FALSE,TRUE,FALSE
0.742057473405175,-1.53280895722905,3.0169239040394,0.518510877212086,4.54973286126846,FALSE,TRUE,FALSE
0.904650832464199,-1.27625208021404,3.08555374514244,0.411975700374573,4.36180582535648,FALSE,TRUE,FALSE
0.0145470055842122,-2.10877533955593,2.13786935072436,0.989167925952377,4.24664469028029,FALSE,TRUE,FALSE
-0.336560017920315,-2.45751630740173,1.7843962715611,0.753242984055147,4.24191257896283,FALSE,TRUE,FALSE
-1.05913629806914,-3.18005042445286,1.06177782831459,0.323719824785204,4.24182825276745,FALSE,TRUE,FALSE
-0.425709662663026,-2.37770821437909,1.52628888905304,0.665780167209121,3.90399710343213,FALSE,TRUE,TRUE
0.467086476521086,-1.76918465524795,2.70335760829013,0.679092034160777,4.47254226353808,FALSE,TRUE,FALSE
2.11940252248143,0.0943695505194477,4.14443549444341,0.0404433652478274,4.05006594392396,TRUE,FALSE,FALSE
0.50823325595013,-1.70823737079686,2.72470388269711,0.649740783888044,4.43294125349397,FALSE,TRUE,FALSE
0.341644142366725,-1.55303031115939,2.23631859589284,0.720943811420856,3.78934890705223,FALSE,TRUE,TRUE
-0.168126461375339,-2.38453376570711,2.04828084295644,0.880520570697537,4.43281460866355,FALSE,TRUE,FALSE
1.62270176262165,-0.641551544608342,3.88695506985165,0.157921321775795,4.52850661445999,FALSE,TRUE,FALSE
0.867797989210436,-1.43345831870803,3.1690542971289,0.455613596124883,4.60251261583693,FALSE,TRUE,FALSE
1.07356487669474,-0.840906842352213,2.9880365957417,0.268142590920254,3.82894343809391,FALSE,TRUE,TRUE
0.570604338220429,-1.4866224207417,2.62783109718256,0.582889148808512,4.11445351792426,FALSE,TRUE,FALSE
1.06760231223818,-1.10581283750784,3.24101746198419,0.331653246774817,4.34683029949204,FALSE,TRUE,FALSE
1.08307363023103,-1.00977384899498,3.17592110945705,0.306558479567394,4.18569495845203,FALSE,TRUE,FALSE
0.708442171146555,-1.42224904310355,2.83913338539666,0.51049101843786,4.26138242850022,FALSE,TRUE,FALSE
0.0533866825793326,-2.01980049275336,2.12657385791202,0.959302263249135,4.14637435066538,FALSE,TRUE,FALSE
-2.10081708521032,-4.08717487779669,-0.114459292623939,0.0384285797381912,3.97271558517275,TRUE,FALSE,TRUE
-0.547480951476314,-2.58920633322045,1.49424443026782,0.5954568486527,4.08345076348826,FALSE,TRUE,FALSE
1.95977346323485,-0.410343538242792,4.3298904647125,0.103904679001346,4.74023400295529,FALSE,TRUE,FALSE
0.570666754624526,-1.77642546978035,2.91775897902941,0.630164235822217,4.69418444880976,FALSE,TRUE,FALSE
0.153351764741014,-2.04200334164209,2.34870687112412,0.889911298233068,4.39071021276621,FALSE,TRUE,FALSE
1.27274028083827,-0.872632537103642,3.41811309878018,0.2415928414418,4.29074563588382,FALSE,TRUE,FALSE
-1.05682544220915,-3.44899645647102,1.33534557205272,0.382358912922028,4.78434202852375,FALSE,TRUE,FALSE
-1.37883828707741,-3.45343188629226,0.695755312137438,0.189988061245977,4.1491871984297,FALSE,TRUE,FALSE
0.279702469335071,-1.70672952069771,2.26613445936785,0.780269784436544,3.97286398006557,FALSE,TRUE,TRUE
2.38555409654522,0.326518157546121,4.44459003554431,0.0236703316733092,4.11807187799819,TRUE,FALSE,FALSE
-1.42947610687372,-3.35232725710671,0.49337504335928,0.14314363677365,3.84570230046599,FALSE,TRUE,TRUE
0.063471569402542,-2.054355340977,2.18129847978208,0.952641637977348,4.23565382075908,FALSE,TRUE,FALSE
-0.817176266870555,-3.06561956380526,1.43126703006415,0.472048150211762,4.49688659386941,FALSE,TRUE,FALSE
-0.45548931027256,-2.48129420040659,1.57031557986147,0.656095955892646,4.05160978026806,FALSE,TRUE,FALSE
1.85348866109503,-0.0207553420108766,3.72773266420093,0.0525353275144413,3.74848800621181,FALSE,TRUE,TRUE
-0.117353339771814,-1.95803207450443,1.7233253949608,0.899466420312622,3.68135746946524,FALSE,TRUE,TRUE
-1.1951860720809,-3.44142647512842,1.05105433096662,0.29322182673762,4.49248080609504,FALSE,TRUE,FALSE
-0.178133569250593,-2.03768426292,1.68141712441881,0.849457523493937,3.71910138733881,FALSE,TRUE,TRUE
-0.177243993316,-2.23098031871726,1.87649233208526,0.864216975540451,4.10747265080251,FALSE,TRUE,FALSE
-2.73976199923546,-4.97925001057217,-0.500273987898745,0.0170757142875845,4.47897602267343,TRUE,FALSE,FALSE
-1.79395873365226,-3.89568802774735,0.307770560442836,0.093368314802868,4.20345858819018,FALSE,TRUE,FALSE
1.91104220121703,0.00616325559565212,3.81592114683841,0.049279234157089,3.80975789124275,TRUE,FALSE,TRUE
0.115944124635966,-2.09496114273578,2.32684939200772,0.917234062112466,4.4218105347435,FALSE,TRUE,FALSE
0.615052449023149,-1.53265439414104,2.76275929218734,0.570729327261573,4.29541368632839,FALSE,TRUE,FALSE
2.72877768493645,0.257250325014351,5.20030504485854,0.0308600433262952,4.94305471984419,TRUE,FALSE,FALSE
1.14486970330929,-0.683816366602541,2.97355577322112,0.216742441764378,3.65737213982366,FALSE,TRUE,TRUE
0.0835976936886119,-1.97696589779417,2.1441612851714,0.935923298448136,4.12112718296557,FALSE,TRUE,FALSE
-0.758770294860424,-2.57115869249002,1.05361810276918,0.407664332846957,3.6247767952592,FALSE,TRUE,TRUE
0.133517344174349,-1.79210100831656,2.05913569666526,0.890718435039818,3.85123670498182,FALSE,TRUE,TRUE
0.32833540382178,-1.6940806239771,2.35075143162066,0.747738694316587,4.04483205559776,FALSE,TRUE,FALSE
-0.2362328685381,-2.34033694315921,1.86787120608301,0.823960880362722,4.20820814924222,FALSE,TRUE,FALSE
0.0658004973729532,-2.05248286566794,2.18408386041384,0.950916701135033,4.23656672608178,FALSE,TRUE,FALSE
-0.302514325721118,-2.71475738413293,2.1097287326907,0.803769966164186,4.82448611682363,FALSE,TRUE,FALSE
0.95438276080166,-0.884666275157218,2.79343179676054,0.305220199964207,3.67809807191776,FALSE,TRUE,TRUE
-0.649273335586584,-2.76269927148359,1.46415260031042,0.543089253369507,4.22685187179402,FALSE,TRUE,FALSE
0.15268550023095,-1.70991073559266,2.01528173605456,0.870965016723046,3.72519247164722,FALSE,TRUE,TRUE
-1.2743841071295,-3.45074166649435,0.901973452235352,0.247701638627224,4.3527151187297,FALSE,TRUE,FALSE
-0.506172015685158,-2.63718297284059,1.62483894147028,0.638070633411587,4.26202191431087,FALSE,TRUE,FALSE
0.832702468964497,-1.05201479643646,2.71741973436545,0.382323336153602,3.76943453080191,FALSE,TRUE,TRUE
0.677797274780209,-1.62161142628493,2.97720597584535,0.55951340068196,4.59881740213028,FALSE,TRUE,FALSE
-0.951112991799054,-3.24271070375269,1.34048472015458,0.411708558158582,4.58319542390726,FALSE,TRUE,FALSE
0.928928610998111,-1.11689384703784,2.97475106903406,0.369333571559143,4.09164491607191,FALSE,TRUE,FALSE
0.815948158354266,-1.1298659866452,2.76176230335374,0.406908959536366,3.89162828999894,FALSE,TRUE,TRUE
1.95139579174146,-0.12008380922655,4.02287539270946,0.0645160515193171,4.14295920193601,FALSE,TRUE,FALSE
1.21845264054882,-0.673075358319933,3.10998063941758,0.20386055050263,3.78305599773751,FALSE,TRUE,TRUE
0.282418039710597,-1.67632313244954,2.24115921187074,0.775142452412354,3.91748234432028,FALSE,TRUE,TRUE
0.177753472032854,-1.97420456526763,2.32971150933334,0.869988130259792,4.30391607460096,FALSE,TRUE,FALSE
0.137711990245871,-1.77796118619384,2.05338516668558,0.88672711422701,3.83134635287942,FALSE,TRUE,TRUE
2.19172269489963,0.0533075133483614,4.33013787645091,0.0446721504652517,4.27683036310254,TRUE,FALSE,FALSE
-0.68802402368209,-2.79201138159572,1.41596333423154,0.517473677998714,4.20797471582726,FALSE,TRUE,FALSE
-2.60708813571989,-4.63807822605075,-0.57609804538902,0.0124697140502858,4.06198018066173,TRUE,FALSE,FALSE
-0.519963629579214,-2.32315447148156,1.28322721232314,0.568072298898008,3.6063816838047,FALSE,TRUE,TRUE
-0.373491075424931,-2.39075190658837,1.6437697557385,0.713800002686358,4.03452166232687,FALSE,TRUE,FALSE
-0.233859603208496,-2.52168917761991,2.05396997120292,0.839495563573647,4.57565914882284,FALSE,TRUE,FALSE
0.972546914215113,-1.07451282461861,3.01960665304884,0.347677755039133,4.09411947766745,FALSE,TRUE,FALSE
-0.00532338640629338,-2.14419985770994,2.13355308489735,0.996064789105624,4.27775294260729,FALSE,TRUE,FALSE
-0.83263091051864,-2.94109018101942,1.27582835998214,0.434689537881086,4.21691854100156,FALSE,TRUE,FALSE
1.6432469793167,-0.422257836989012,3.70875179562241,0.117460838433113,4.13100963261142,FALSE,TRUE,FALSE
-0.393332340021167,-2.51898800090778,1.73232332086545,0.713958237555429,4.25131132177323,FALSE,TRUE,FALSE
0.657595359024575,-1.45920418189383,2.77439489994298,0.538589887658734,4.23359908183681,FALSE,TRUE,FALSE
1.11491347163167,-1.02024062882104,3.25006757208437,0.302251236640337,4.27030820090542,FALSE,TRUE,FALSE
0.726387889497931,-1.32376615665589,2.77654193565175,0.483220550399154,4.10030809230764,FALSE,TRUE,FALSE
-0.321798219388337,-2.26670897013565,1.62311253135898,0.743080427588383,3.88982150149464,FALSE,TRUE,TRUE
-1.95950986386514,-3.9915235143675,0.0725037866372189,0.0585623247625814,4.06402730100472,FALSE,TRUE,FALSE
2.22768197942428,0.0403479251393781,4.41501603370918,0.046008493088055,4.3746681085698,TRUE,FALSE,FALSE
-2.16933807810447,-4.18318984768455,-0.155486308524399,0.0350617659507633,4.02770353916015,TRUE,FALSE,FALSE
0.0842940517710629,-1.73728039997163,1.90586850351376,0.926936783832136,3.64314890348539,FALSE,TRUE,TRUE
-2.121925639769,-4.0291467941754,-0.214704485362599,0.0296276559627322,3.8144423088128,TRUE,FALSE,TRUE
-1.02362371714164,-3.11409142889219,1.06684399460891,0.333170185661704,4.1809354235011,FALSE,TRUE,FALSE
-1.9032459752464,-3.93834367270598,0.131851722213186,0.0664359568938082,4.07019539491916,FALSE,TRUE,FALSE
-1.14001561214043,-3.04163101641358,0.761599792132727,0.236708846842997,3.80323080854631,FALSE,TRUE,TRUE
0.516663171793676,-1.54173662497963,2.57506296856699,0.619154747632874,4.11679959354662,FALSE,TRUE,FALSE
-0.11397238172577,-2.16915545973857,1.94121069628703,0.912495927402701,4.11036615602559,FALSE,TRUE,FALSE
0.744862577170585,-1.31279094746912,2.80251610181029,0.473806067753626,4.11530704927941,FALSE,TRUE,FALSE
0.640516761587475,-1.71030593036252,2.99133945353747,0.589554113682191,4.70164538389998,FALSE,TRUE,FALSE
-0.807635505859282,-2.91324131631645,1.29797030459788,0.447946868388108,4.21121162091433,FALSE,TRUE,FALSE
0.294353483477149,-1.68427801152654,2.27298497848084,0.768200309793516,3.95726299000739,FALSE,TRUE,TRUE
0.120950369643344,-1.93765003910561,2.1795507783923,0.907315818899786,4.11720081749791,FALSE,TRUE,FALSE
-1.72586672162835,-3.4976957887729,0.0459623455162108,0.0561101697638346,3.54365813428911,FALSE,TRUE,TRUE
0.585836563534121,-1.30047022860098,2.47214335566923,0.538697059312823,3.77261358427021,FALSE,TRUE,TRUE
0.034242320403538,-1.71194899920132,1.78043364000839,0.969002425423739,3.49238263920971,FALSE,TRUE,TRUE
-1.80082983068507,-3.75525231690755,0.153592655537403,0.0704676255177545,3.90884497244495,FALSE,TRUE,TRUE
1.96649356282767,-0.139603815617672,4.07259094127302,0.0668637003971123,4.21219475689069,FALSE,TRUE,FALSE
0.545371879142222,-1.65991373137669,2.75065748966113,0.624323962734991,4.41057122103782,FALSE,TRUE,FALSE
0.671235454046211,-1.57477646968604,2.91724737777846,0.554092875524433,4.4920238474645,FALSE,TRUE,FALSE
1.54915793364769,-0.152868080931785,3.25118394822717,0.0738971390506727,3.40405202915896,FALSE,TRUE,TRUE
-0.533024438913514,-2.44483015982215,1.37878128199512,0.580936262841693,3.82361144181727,FALSE,TRUE,TRUE
0.213806510936188,-1.88648771861445,2.31410074048683,0.840146939731928,4.20058845910128,FALSE,TRUE,FALSE
-0.110427417796034,-2.17393685107477,1.9530820154827,0.915547854648017,4.12701886655746,FALSE,TRUE,FALSE
1.46988883603519,-0.452295711080252,3.39207338315062,0.132177654515611,3.84436909423087,FALSE,TRUE,TRUE
0.0722678002030519,-2.13917212533627,2.28370772574238,0.948366858532764,4.42287985107865,FALSE,TRUE,FALSE
0.726991309607401,-1.37630743385044,2.83029005306525,0.493955944565939,4.20659748691569,FALSE,TRUE,FALSE
1.04804714347265,-1.03774817981583,3.13384246676114,0.320750013419143,4.17159064657696,FALSE,TRUE,FALSE
0.868875224742787,-1.52074752400246,3.25849797348803,0.471850530655038,4.77924549749049,FALSE,TRUE,FALSE
-0.300336275285363,-1.94350757930745,1.34283502873672,0.717301384015589,3.28634260804417,FALSE,TRUE,TRUE
0.643364994334323,-1.44191463154773,2.72864462021637,0.541370175972649,4.1705592517641,FALSE,TRUE,FALSE
0.480499851512386,-1.63881405635401,2.59981375937878,0.65340996219476,4.23862781573279,FALSE,TRUE,FALSE
-1.05141801642444,-3.20792155949491,1.10508552664603,0.335242243937944,4.31300708614094,FALSE,TRUE,FALSE
-0.780301068412665,-3.16330521958142,1.60270308275609,0.516918409259892,4.76600830233751,FALSE,TRUE,FALSE
-2.31192012268281,-4.52776932003187,-0.0960709253337568,0.0410537229135605,4.43169839469811,TRUE,FALSE,FALSE
0.317275023247007,-1.93352531030696,2.56807535680098,0.780034967247016,4.50160066710794,FALSE,TRUE,FALSE
-0.225190194625472,-2.14375376242709,1.69337337317614,0.816103644390052,3.83712713560323,FALSE,TRUE,TRUE
-0.969133530040891,-3.16645032740503,1.22818326732324,0.383144432907447,4.39463359472827,FALSE,TRUE,FALSE
2.18724081958487,0.0809039472265125,4.29357769194322,0.0419993114079316,4.21267374471671,TRUE,FALSE,FALSE
-1.34846382542123,-3.1793874066353,0.482459755792837,0.146858945827883,3.66184716242814,FALSE,TRUE,TRUE
-1.54512913867175,-3.662851403661,0.572593126317509,0.150623565468009,4.23544452997851,FALSE,TRUE,FALSE
-0.377288764446432,-2.39602518832892,1.64144765943606,0.711223716702998,4.03747284776498,FALSE,TRUE,FALSE
-0.0719936032694244,-2.35988919108827,2.21590198454942,0.950279094193072,4.57579117563769,FALSE,TRUE,FALSE
-1.65273152783535,-3.61600143065179,0.310538374981087,0.0978883215814844,3.92653980563288,FALSE,TRUE,TRUE
-0.521503864718796,-2.53596313123475,1.49295540179716,0.608212942298012,4.02891853303191,FALSE,TRUE,FALSE
0.475594642721467,-1.70736785645508,2.65855714189801,0.666100177304308,4.36592499835309,FALSE,TRUE,FALSE
0.356536333492812,-1.74698049118244,2.46005315816807,0.737042221198431,4.20703364935051,FALSE,TRUE,FALSE
0.416016473408114,-1.7032973441289,2.53533029094513,0.697404885047867,4.23862763507403,FALSE,TRUE,FALSE
0.434407896248675,-1.50891160126975,2.3777273937671,0.657961793347476,3.88663899503686,FALSE,TRUE,TRUE
0.308885002925102,-1.91489490588159,2.53266491173179,0.783167378337915,4.44755981761339,FALSE,TRUE,FALSE
-0.609036135303032,-3.06629291487998,1.84822064427392,0.623554546874092,4.9145135591539,FALSE,TRUE,FALSE
1.77027474849545,-0.437357495081546,3.97790699207245,0.114614739721268,4.415264487154,FALSE,TRUE,FALSE
0.889172186597333,-1.44060253898963,3.21894691218429,0.450201743063969,4.65954945117392,FALSE,TRUE,FALSE
-1.05336997229818,-3.13610636378853,1.02936641919217,0.317606043267084,4.16547278298071,FALSE,TRUE,FALSE
-1.91196663246487,-3.89104676151688,0.0671134965871312,0.058110277496451,3.95816025810401,FALSE,TRUE,TRUE
-0.0650338807678711,-1.96676199401451,1.83669423247877,0.945971766424812,3.80345622649328,FALSE,TRUE,TRUE
0.984562400000742,-1.2392104376062,3.20833523760768,0.381331107040578,4.44754567521388,FALSE,TRUE,FALSE
-0.683112863915422,-2.6487400146313,1.28251428680046,0.491608672766674,3.93125430143176,FALSE,TRUE,TRUE
0.931586330406091,-1.43617344244903,3.29934610326122,0.43637686188742,4.73551954571025,FALSE,TRUE,FALSE
0.535153068401215,-1.44380895695523,2.51411509375766,0.592344186527775,3.95792405071289,FALSE,TRUE,TRUE
-0.795338235402601,-2.60923789503873,1.01856142423353,0.385926249273302,3.62779931927225,FALSE,TRUE,TRUE
-0.679870834890895,-2.87842017766922,1.51867850788743,0.540443077351727,4.39709868555665,FALSE,TRUE,FALSE
-0.0174665797851453,-2.1162192158848,2.08128605631451,0.986841871962181,4.19750527219932,FALSE,TRUE,FALSE
0.697097500669881,-1.63373109203124,3.02792609337101,0.553801082518871,4.66165718540225,FALSE,TRUE,FALSE
-0.81641943066682,-2.79106915581704,1.1582302944834,0.41349923329763,3.94929945030044,FALSE,TRUE,TRUE
-1.82889909774197,-3.85633672904956,0.198538533565624,0.0764598087824411,4.05487526261519,FALSE,TRUE,FALSE
-0.453106057646503,-2.53960919446423,1.63339707917122,0.667116077533918,4.17300627363544,FALSE,TRUE,FALSE
-1.09096924711921,-2.81703785246176,0.635099358223342,0.212413189258904,3.4521372106851,FALSE,TRUE,TRUE
0.427808911741954,-1.53581635014531,2.39143417362922,0.666099789331869,3.92725052377453,FALSE,TRUE,TRUE
0.449442052724897,-1.83152540508619,2.73040951053598,0.696318274276544,4.56193491562217,FALSE,TRUE,FALSE
-1.91836253240744,-3.97270031068489,0.135975245870012,0.0668361332434705,4.1086755565549,FALSE,TRUE,FALSE
-1.64665928898566,-3.75217949516184,0.458860917190519,0.123727093288146,4.21104041235236,FALSE,TRUE,FALSE
1.16723815995531,-0.947569443057376,3.28204576296799,0.275696567972267,4.22961520602537,FALSE,TRUE,FALSE
1.56594172851355,-0.469839148355024,3.60172260538213,0.129939913029757,4.07156175373715,FALSE,TRUE,FALSE
0.434485194779928,-1.62679196302364,2.4957623525835,0.676317322789447,4.12255431560714,FALSE,TRUE,FALSE
-0.124049413831328,-2.16168814499028,1.91358931732762,0.903979350311162,4.0752774623179,FALSE,TRUE,FALSE
-0.279292174112935,-2.24898257651578,1.69039822828991,0.778767913703021,3.93938080480568,FALSE,TRUE,TRUE
-0.342379375461131,-2.24676970506794,1.56201095414567,0.721735061796107,3.80878065921361,FALSE,TRUE,TRUE
1.37202751206844,-0.601662909921401,3.34571793405827,0.170628592902502,3.94738084397968,FALSE,TRUE,TRUE
-0.646280035779037,-2.73494867428576,1.44238860272768,0.540200174394687,4.17733727701344,FALSE,TRUE,FALSE
-0.409125506915425,-2.60529502080727,1.78704400697642,0.712113187146277,4.39233902778369,FALSE,TRUE,FALSE
-0.227154618021743,-2.14312681776898,1.68881758172549,0.814282824647077,3.83194439949447,FALSE,TRUE,TRUE
1.67214379942774,-0.659290417978411,4.00357801683389,0.157602725394587,4.6628684348123,FALSE,TRUE,FALSE
-0.123757990901404,-1.90917982179688,1.66166383999407,0.890752197857906,3.57084366179095,FALSE,TRUE,TRUE
-0.852214069725955,-2.83036775470969,1.12593961525778,0.39424006151033,3.95630736996747,FALSE,TRUE,TRUE
-1.95572186900542,-3.87076561737241,-0.0406781206384412,0.0454281193738514,3.83008749673397,TRUE,FALSE,TRUE
1.22959724078769,-0.686878739571755,3.14607322114713,0.205654373660216,3.83295196071889,FALSE,TRUE,TRUE
0.162631990214566,-2.04585608456552,2.37112006499465,0.883985297518031,4.41697614956017,FALSE,TRUE,FALSE
0.140220426159283,-1.99881660210225,2.27925745442081,0.896647824359097,4.27807405652306,FALSE,TRUE,FALSE
0.592701336277216,-1.22149595356633,2.40689862612076,0.517867148781543,3.62839457968708,FALSE,TRUE,TRUE
-1.08517699582391,-3.10740101876338,0.937047027115549,0.289146189162629,4.04444804587892,FALSE,TRUE,FALSE
-1.59802516418124,-4.0194914840656,0.823441155703122,0.193102327458696,4.84293263976872,FALSE,TRUE,FALSE
-1.23170067243039,-3.47082470764176,1.00742336278099,0.277302080179645,4.47824807042275,FALSE,TRUE,FALSE
-0.512649216467697,-2.47635463946047,1.45105620652508,0.605198106708806,3.92741084598555,FALSE,TRUE,TRUE
0.960842906966999,-1.22823777854241,3.1499235924764,0.38543387242545,4.37816137101881,FALSE,TRUE,FALSE
-1.45410067237349,-3.5530190499461,0.644817705199121,0.172077223220973,4.19783675514522,FALSE,TRUE,FALSE
0.997172820844887,-0.932823319443989,2.92716896113376,0.307340608544312,3.85999228057775,FALSE,TRUE,TRUE
0.474519259495908,-1.60046684819131,2.54950536718313,0.650613654611958,4.14997221537443,FALSE,TRUE,FALSE
0.709877404863437,-1.31303833325652,2.73279314298339,0.48740611724554,4.04583147623991,FALSE,TRUE,FALSE
-2.19008379224424,-4.28043070531018,-0.0997368791782951,0.0402361069015478,4.18069382613189,TRUE,FALSE,FALSE
-0.497694510296044,-2.52735146860556,1.53196244801347,0.627253487221826,4.05931391661903,FALSE,TRUE,FALSE
-0.322822069959897,-2.28303607587468,1.63739193595489,0.74423254312757,3.92042801182957,FALSE,TRUE,TRUE
-1.05560529884146,-3.20291191380429,1.09170131612137,0.33127597074217,4.29461322992566,FALSE,TRUE,FALSE
0.752374627764235,-1.42525110076175,2.93000035629022,0.494131844136991,4.35525145705197,FALSE,TRUE,FALSE
2.33847535583353,0.15496072733682,4.52198998433024,0.0361055019447009,4.36702925699342,TRUE,FALSE,FALSE
0.849261819471741,-0.904563013571699,2.60308665251518,0.338528981335912,3.50764966608688,FALSE,TRUE,TRUE
-0.476929946213179,-2.45815216390736,1.504292271481,0.633558630488817,3.96244443538836,FALSE,TRUE,TRUE
-0.0235473306727687,-2.22779760624198,2.18070294489644,0.983110558007021,4.40850055113842,FALSE,TRUE,FALSE
2.18781469549637,-0.0693499384102005,4.44497932940294,0.057303428021801,4.51432926781314,FALSE,TRUE,FALSE
1.64467685513676,-0.185259664506895,3.47461337478041,0.0775274402109497,3.65987303928731,FALSE,TRUE,TRUE
0.316942866070547,-1.84163526683543,2.47552099897653,0.771131882698922,4.31715626581196,FALSE,TRUE,FALSE
0.151355938143777,-1.8830026282756,2.18571450456316,0.882796216111738,4.06871713283876,FALSE,TRUE,FALSE
-0.685025029408056,-2.94091854451521,1.5708684856991,0.547754517643895,4.51178703021431,FALSE,TRUE,FALSE
-0.926086113269225,-2.85815394852962,1.00598172199117,0.343424523785057,3.86413567052079,FALSE,TRUE,TRUE
-0.878283642253779,-2.73809480220872,0.981527517701161,0.350564150944066,3.71962231990988,FALSE,TRUE,TRUE
0.538134298639918,-1.75747854078808,2.83374713806791,0.64246838437342,4.59122567885599,FALSE,TRUE,FALSE
