"estimate","lower","upper","p_value","width","reject","cover","width_met"
4.30314156322856,2.18436003647257,6.42192308998454,0.000115649249999698,4.23756305351196,TRUE,TRUE,FALSE
4.04809857382743,1.97110520677313,6.12509194088173,0.000206068462312989,4.15398673410861,TRUE,TRUE,FALSE
1.12145569493903,-0.833658154239207,3.07656954411726,0.257416158232435,3.91022769835646,FALSE,TRUE,TRUE
5.10375374853614,2.72340506011141,7.48410243696088,5.08976433573511e-05,4.76069737684947,TRUE,TRUE,FALSE
3.75362803939235,1.60407459402709,5.90318148475761,0.000807570109766566,4.29910689073052,TRUE,TRUE,FALSE
4.8705775482751,2.9312872170586,6.80986787949161,3.00438820002551e-06,3.87858066243301,TRUE,TRUE,TRUE
3.84495336843816,1.96108414122499,5.72882259565133,0.000107644030627705,3.76773845442634,TRUE,TRUE,TRUE
2.32888391016026,0.0971349120379479,4.56063290828257,0.041021957717025,4.46349799624462,TRUE,TRUE,FALSE
3.50113516546747,1.46541031244455,5.53686001849039,0.000957915318258479,4.07144970604584,TRUE,TRUE,FALSE
4.41795379146393,2.41270050095198,6.42320708197589,3.28300037756191e-05,4.01050658102391,TRUE,TRUE,FALSE
4.01873301398123,1.94972247942619,6.08774354853627,0.000215858374712504,4.13802106911008,TRUE,TRUE,FALSE
3.18453855005502,0.780843739639773,5.58823336047027,0.00999984151356638,4.80738962083049,TRUE,TRUE,FALSE
2.91430008161558,1.00371178011056,4.82488838312059,0.00319803244250219,3.82117660301003,TRUE,TRUE,TRUE
2.92568281129119,1.04100766815053,4.81035795443186,0.00272051638303566,3.76935028628132,TRUE,TRUE,TRUE
2.25416634303033,0.093834185341215,4.41449850071945,0.0410388056104565,4.32066431537824,TRUE,TRUE,FALSE
0.644077977619693,-1.3754840481325,2.66364000337188,0.527864595219057,4.03912405150438,FALSE,FALSE,FALSE
2.25295482125697,0.446468374081833,4.0594412684321,0.0151037729030284,3.61297289435027,TRUE,TRUE,TRUE
3.66933446417112,1.3796592415787,5.95900968676354,0.00200433353334969,4.57935044518485,TRUE,TRUE,FALSE
6.39180145745827,4.10724548948942,8.67635742542713,2.85141665748472e-07,4.56911193593771,TRUE,FALSE,FALSE
3.01139607042203,0.966811407540883,5.05598073330317,0.00435481573327348,4.08916932576229,TRUE,TRUE,FALSE
1.33781021008133,-1.00057715037437,3.67619757053704,0.258647932552047,4.67677472091141,FALSE,TRUE,FALSE
2.42821359862366,0.300609759109101,4.55581743813822,0.0257722877047752,4.25520767902912,TRUE,TRUE,FALSE
2.90834872428836,0.791195042141593,5.02550240643513,0.00765025627262149,4.23430736429354,TRUE,TRUE,FALSE
0.779345553013902,-1.34976907309263,2.90846017912044,0.468892461781396,4.25822925221307,FALSE,FALSE,FALSE
4.78440938282417,2.69536375598189,6.87345500966644,1.69995028823971e-05,4.17809125368455,TRUE,TRUE,FALSE
2.2379371947901,0.129190534402436,4.34668385517775,0.0377822403216792,4.21749332077532,TRUE,TRUE,FALSE
4.5782039838722,2.4956750069804,6.660732960764,3.40301676889053e-05,4.1650579537836,TRUE,TRUE,FALSE
1.77659440056218,-0.368370542296209,3.92155934342056,0.103331300401621,4.28992988571677,FALSE,TRUE,FALSE
2.95064869308091,1.03165609725853,4.86964128890328,0.00297238480031804,3.83798519164475,TRUE,TRUE,TRUE
2.46805955701427,0.623069599364825,4.31304951466371,0.00932518061628561,3.68997991529889,TRUE,TRUE,TRUE
3.25090701477203,1.37528108210332,5.12653294744074,0.000878599344529121,3.75125186533742,TRUE,TRUE,TRUE
2.22917209117569,-0.0222675601611484,4.48061174251253,0.0522592274346856,4.50287930267367,FALSE,TRUE,FALSE
2.9467268312997,1.04789427553379,4.84555938706561,0.00272857915482782,3.79766511153182,TRUE,TRUE,TRUE
3.45062711039348,1.36434871823038,5.53690550255659,0.00145630115471254,4.17255678432621,TRUE,TRUE,FALSE
4.38368298362607,2.45613221153667,6.31123375571548,1.92075135106035e-05,3.85510154417882,TRUE,TRUE,TRUE
1.88826244284674,-0.178846971031968,3.95537185672545,0.0728766043247849,4.13421882775741,FALSE,TRUE,FALSE
1.51240987339525,-0.785180952848929,3.81000069963943,0.194228653759134,4.59518165248836,FALSE,TRUE,FALSE
1.50865277383892,-0.399662075380175,3.41696762305801,0.119751032596885,3.81662969843819,FALSE,TRUE,TRUE
2.51978389126483,0.357906144960692,4.68166163756896,0.0228660317219376,4.32375549260827,TRUE,TRUE,FALSE
5.34261401684432,3.31962590700672,7.36560212668193,1.05131776101744e-06,4.04597621967521,TRUE,FALSE,FALSE
3.45613302784791,1.35657262318985,5.55569343250597,0.00152965630949001,4.19912080931611,TRUE,TRUE,FALSE
3.4431289874547,1.14189210979505,5.74436586511436,0.00379935597892292,4.60247375531931,TRUE,TRUE,FALSE
2.93284850630467,0.9978904867389,4.86780652587044,0.00338617579766526,3.86991603913154,TRUE,TRUE,TRUE
3.58401501163039,1.71070848381932,5.45732153944146,0.000264060747824314,3.74661305562214,TRUE,TRUE,TRUE
2.08527603483972,-0.147402611136279,4.31795468081572,0.0667877891230175,4.465357291952,FALSE,TRUE,FALSE
1.53005480738182,-0.437847376710403,3.49795699147404,0.125903865199727,3.93580436818445,FALSE,TRUE,TRUE
3.40867296231159,1.22809130464887,5.58925461997432,0.00254822086374506,4.36116331532545,TRUE,TRUE,FALSE
1.91644449995607,-0.108363404235806,3.94125240414794,0.0632877951556609,4.04961580838375,FALSE,TRUE,FALSE
2.10605414164967,0.0761160476079334,4.13599223569141,0.0421758888249657,4.05987618808347,TRUE,TRUE,FALSE
2.48393849410112,0.332624600413245,4.63525238778899,0.0241383999541013,4.30262778737575,TRUE,TRUE,FALSE
2.90522268343382,1.01382705600698,4.79661831086066,0.00300065121321791,3.78279125485369,TRUE,TRUE,TRUE
3.46386366871862,1.36767061025416,5.56005672718309,0.00147015215209194,4.19238611692893,TRUE,TRUE,FALSE
1.74973854899553,-0.275223400935412,3.77470049892647,0.089462645443588,4.04992389986188,FALSE,TRUE,FALSE
2.9037311151802,0.599267405637752,5.20819482472265,0.014120928722,4.6089274190849,TRUE,TRUE,FALSE
5.06647149400816,3.18462336941824,6.94831961859808,6.88520986621293e-07,3.76369624917984,TRUE,FALSE,TRUE
4.59503998832065,2.55549211933065,6.63458785731066,2.25711776772388e-05,4.07909573798001,TRUE,TRUE,FALSE
3.30565711273487,1.40713229726438,5.20418192820536,0.000834578196872485,3.79704963094097,TRUE,TRUE,TRUE
2.16489394376328,0.0785233022276777,4.25126458529889,0.0421488535387637,4.17274128307121,TRUE,TRUE,FALSE
1.74407136434388,-0.234497868477276,3.72264059716503,0.0832991884413113,3.95713846564231,FALSE,TRUE,TRUE
2.90241445948064,0.869384189136317,4.93544472982496,0.00564964812667568,4.06606054068864,TRUE,TRUE,FALSE
2.35532249829807,0.120928856566973,4.58971614002917,0.0390590091743701,4.4687872834622,TRUE,TRUE,FALSE
2.88323752754157,0.642268717451715,5.12420633763143,0.0122761361866333,4.48193762017972,TRUE,TRUE,FALSE
3.7032365874566,1.47027720171962,5.93619597319357,0.00141587778990374,4.46591877147395,TRUE,TRUE,FALSE
2.22594705545603,0.0918215233190995,4.36007258759297,0.0411164005874381,4.26825106427387,TRUE,TRUE,FALSE
3.38444013214078,1.32721607338741,5.44166419089415,0.00153899901478954,4.11444811750674,TRUE,TRUE,FALSE
2.59593094739479,0.525101793322876,4.66676010146671,0.0146069258107825,4.14165830814383,TRUE,TRUE,FALSE
3.17372203337241,1.07510053220752,5.27234353453731,0.00345562338267843,4.1972430023298,TRUE,TRUE,FALSE
3.11657657151048,1.1585075730489,5.07464556997206,0.00214293968990726,3.91613799692316,TRUE,TRUE,TRUE
2.52689892136754,0.510532749530992,4.54326509320409,0.0146356255890202,4.03273234367309,TRUE,TRUE,FALSE
5.45207820445518,3.44850383728884,7.45565257162153,5.41704918641978e-07,4.00714873433269,TRUE,FALSE,FALSE
2.43074110761924,0.475774771901798,4.38570744333667,0.0154031887625305,3.90993267143487,TRUE,TRUE,TRUE
1.89851798719748,-0.344906411339552,4.14194238573451,0.0961606974921494,4.48684879707406,FALSE,TRUE,FALSE
3.32092910385267,1.442163243722,5.19969496398334,0.000702412063097997,3.75753172026134,TRUE,TRUE,TRUE
4.16107561769829,2.05685925193559,6.265291983461,0.00016885987793945,4.20843273152541,TRUE,TRUE,FALSE
4.40548570206268,2.51116440111386,6.29980700301151,1.29571335754781e-05,3.78864260189764,TRUE,TRUE,TRUE
3.33733512521804,1.29541030272125,5.37925994771484,0.00164573990400963,4.08384964499359,TRUE,TRUE,FALSE
1.65853782687216,-0.175577967242676,3.49265362098699,0.0757584796808731,3.66823158822967,FALSE,TRUE,TRUE
3.92373586897872,1.79628023425286,6.05119150370459,0.000421997965121267,4.25491126945173,TRUE,TRUE,FALSE
1.945479281943,-0.250732728278815,4.14169129216481,0.0818129370522252,4.39242402044363,FALSE,TRUE,FALSE
4.10318972290798,2.07447092365941,6.13190852215655,0.000122784279256477,4.05743759849713,TRUE,TRUE,FALSE
2.92855285474542,0.595902191536888,5.26120351795396,0.0144635070783717,4.66530132641707,TRUE,TRUE,FALSE
4.45905208364613,2.27708228860526,6.64102187868701,0.00010565646196513,4.36393959008175,TRUE,TRUE,FALSE
1.57627322791994,-0.689518634181243,3.84206509002112,0.170309479173179,4.53158372420237,FALSE,TRUE,FALSE
1.97275624997027,-0.190710713122503,4.13622321306305,0.0733800278171554,4.32693392618555,FALSE,TRUE,FALSE
3.90717336763252,2.11418213378452,5.70016460148053,3.92793933629115e-05,3.58598246769601,TRUE,TRUE,TRUE
3.67284391082208,1.42271566018175,5.9229721614624,0.00166765317529824,4.50025650128066,TRUE,TRUE,FALSE
3.75361771912373,1.48284497202676,6.0243904662207,0.00146500604601685,4.54154549419394,TRUE,TRUE,FALSE
1.58603415640583,-0.605165901164094,3.77723421397575,0.15385635287871,4.38240011513984,FALSE,TRUE,FALSE
2.30059207900254,0.319454537590729,4.28172962041434,0.0233595705454248,3.96227508282361,TRUE,TRUE,TRUE
1.79010669580417,-0.238324060538073,3.81853745214642,0.082946517043175,4.05686151268449,FALSE,TRUE,FALSE
3.86178883216519,1.84511643396844,5.87846123036195,0.000260936335265999,4.03334479639351,TRUE,TRUE,FALSE
4.03310191653566,1.67997466434593,6.38622916872538,0.000995049924761062,4.70625450437945,TRUE,TRUE,FALSE
4.38062855310484,2.58689489284676,6.17436221336293,5.21718597721107e-06,3.58746732051617,TRUE,TRUE,TRUE
5.01314769339211,2.95774016227648,7.06855522450773,5.34992708257969e-06,4.11081506223125,TRUE,TRUE,FALSE
4.12916350561392,2.07461024403322,6.18371676719462,0.000134466213617159,4.1091065231614,TRUE,TRUE,FALSE
1.65346735439091,-0.595633730966151,3.90256843974797,0.147579074354199,4.49820217071412,FALSE,TRUE,FALSE
1.78120181678544,-0.0631616200602569,3.62556525363114,0.0581954618780688,3.6887268736914,FALSE,TRUE,TRUE
4.8357723671438,2.76297904339437,6.90856569089323,1.22435939915794e-05,4.14558664749886,TRUE,TRUE,FALSE
3.7004054841434,1.66122474166886,5.73958622661794,0.000514773157223679,4.07836148494907,TRUE,TRUE,FALSE
2.06906964623399,0.115339524415748,4.02279976805224,0.0381766787257776,3.90746024363649,TRUE,TRUE,TRUE
4.78634406294303,2.79836905957565,6.77431906631041,6.84766039936388e-06,3.97595000673476,TRUE,TRUE,TRUE
2.97273044018015,0.821574284719552,5.12388659564074,0.00730867482849083,4.30231231092119,TRUE,TRUE,FALSE
3.56997159995928,1.36939791515078,5.77054528476778,0.00177441583327051,4.401147369617,TRUE,TRUE,FALSE
4.04793308731781,2.04406739041437,6.05179878422126,0.00012497960570516,4.00773139380689,TRUE,TRUE,FALSE
4.00455646623022,2.09906641268189,5.91004651977854,6.94982331932813e-05,3.81098010709665,TRUE,TRUE,TRUE
5.26900305092792,3.36810428655601,7.16990181529982,3.54734575180762e-07,3.8017975287438,TRUE,FALSE,TRUE
3.20789224861476,1.04545998158135,5.37032451564817,0.00409389545135422,4.32486453406682,TRUE,TRUE,FALSE
3.81692552134008,1.82370035576094,5.81015068691921,0.00026090340133582,3.98645033115827,TRUE,TRUE,TRUE
1.2832994036172,-0.67808865063011,3.24468745786451,0.196911665186174,3.92277610849462,FALSE,TRUE,TRUE
4.59844503749673,2.79784981205691,6.39904026293655,2.13722017460773e-06,3.60119045087964,TRUE,TRUE,TRUE
2.91198215246386,0.873004502686143,4.95095980224157,0.00563267779766094,4.07795529955543,TRUE,TRUE,FALSE
2.70680979035856,0.722750989739625,4.69086859097749,0.00806015302691466,3.96811760123787,TRUE,TRUE,TRUE
4.8258907776902,2.26811016374195,7.38367139163844,0.000316560103564905,5.11556122789649,TRUE,TRUE,FALSE
1.35953760717743,-0.959997399619566,3.67907261397443,0.247247689006337,4.63907001359399,FALSE,TRUE,FALSE
3.24431017108319,1.10530991712275,5.38331042504362,0.00336567242664925,4.27800050792087,TRUE,TRUE,FALSE
4.41499276350727,2.60426702239761,6.22571850461694,5.38210539671791e-06,3.62145148221933,TRUE,TRUE,TRUE
4.06752687503852,1.88006624920192,6.25498750087512,0.000381015943718999,4.3749212516732,TRUE,TRUE,FALSE
2.97678523866869,0.970516998403157,4.98305347893423,0.00408726184080871,4.01253648053107,TRUE,TRUE,FALSE
1.76932087204457,-0.243724741998671,3.78236648608781,0.0841814344403913,4.02609122808648,FALSE,TRUE,FALSE
1.14988065356498,-1.16593989637472,3.46570120350467,0.326468399459191,4.63164109987939,FALSE,TRUE,FALSE
1.84196206287698,0.012762716310452,3.67116140944351,0.04845677910336,3.65839869313306,TRUE,TRUE,TRUE
4.35805390555918,2.27019274133706,6.4459150697813,7.70861114217187e-05,4.17572232844424,TRUE,TRUE,FALSE
3.61635233228134,1.64819199421182,5.58451267035085,0.000442046050985683,3.93632067613904,TRUE,TRUE,TRUE
2.84361182029696,0.355363798758167,5.33185984183576,0.0255802822477039,4.97649604307759,TRUE,TRUE,FALSE
3.44838419295084,1.28164130385533,5.61512708204636,0.00214493782181138,4.33348577819103,TRUE,TRUE,FALSE
2.31286932093078,0.0478109788605865,4.57792766300098,0.0454556530630707,4.53011668414039,TRUE,TRUE,FALSE
3.00604171244026,0.853082463031386,5.15900096184914,0.00674655902562948,4.30591849881775,TRUE,TRUE,FALSE
3.51680703036765,1.36989784921101,5.66371621152428,0.0016084915797586,4.29381836231326,TRUE,TRUE,FALSE
4.33136740398875,2.13150764541838,6.53122716255911,0.000179316553265969,4.39971951714073,TRUE,TRUE,FALSE
1.97583566963841,-0.0764417716487049,4.02811311092552,0.0589650421451099,4.10455488257422,FALSE,TRUE,FALSE
3.09715038886444,0.843748022272617,5.35055275545625,0.00761949516762528,4.50680473318364,TRUE,TRUE,FALSE
4.2575407538704,2.25003813552796,6.26504337221283,6.03972477934312e-05,4.01500523668487,TRUE,TRUE,FALSE
2.61722742695888,0.32885727458158,4.90559757933617,0.025468774062739,4.57674030475459,TRUE,TRUE,FALSE
5.31267954522315,3.25618772195871,7.36917136848759,1.68254319747898e-06,4.11298364652888,TRUE,FALSE,FALSE
4.53516241750663,2.37557715152147,6.6947476834918,7.02987841631174e-05,4.31917053197033,TRUE,TRUE,FALSE
3.08013069662152,0.732848944040302,5.42741244920274,0.0107058706700875,4.69456350516244,TRUE,TRUE,FALSE
3.93800915359635,2.01208151812276,5.86393678906993,0.000104794422806143,3.85185527094717,TRUE,TRUE,TRUE
3.34601255704496,0.994586010660376,5.69743910342955,0.00580135277612476,4.70285309276917,TRUE,TRUE,FALSE
2.56583584660951,0.337700953325079,4.79397073989395,0.0245044197696872,4.45626978656887,TRUE,TRUE,FALSE
4.6900979342316,2.62465933232444,6.75553653613875,1.97218100624679e-05,4.13087720381431,TRUE,TRUE,FALSE
3.77716913478991,1.83135879544369,5.72297947413614,0.000217612161515634,3.89162067869245,TRUE,TRUE,TRUE
5.04211814228697,2.90673639237435,7.17749989219959,9.83830623217699e-06,4.27076349982524,TRUE,TRUE,FALSE
3.28130889631518,1.54699759717428,5.01562019545609,0.000305416364678012,3.46862259828181,TRUE,TRUE,TRUE
2.41462440113458,0.444682463148924,4.38456633912024,0.0168712521084505,3.93988387597131,TRUE,TRUE,TRUE
0.815490062324066,-1.12263022884644,2.75361035349457,0.405319112975423,3.87624058234101,FALSE,FALSE,TRUE
3.96886113214924,2.06054756796316,5.87717469633531,8.1423182547608e-05,3.81662712837215,TRUE,TRUE,TRUE
2.69902475155934,0.649833770089022,4.74821573302966,0.0104266734567062,4.09838196294064,TRUE,TRUE,FALSE
2.58252460299667,0.439038773478063,4.72601043251528,0.0187729611303336,4.28697165903722,TRUE,TRUE,FALSE
3.26190953349874,1.12437637563417,5.39944269136331,0.00318522465723114,4.27506631572913,TRUE,TRUE,FALSE
3.66352216388449,1.76749462006939,5.55954970769959,0.00023158248138879,3.7920550876302,TRUE,TRUE,TRUE
3.29055639826542,1.27016578765309,5.31094700887774,0.00170550291448234,4.04078122122465,TRUE,TRUE,FALSE
3.5496466152571,1.31664224632244,5.78265098419177,0.00216972523172161,4.46600873786933,TRUE,TRUE,FALSE
1.3187519758975,-0.560897185601793,3.19840113739679,0.16674575547266,3.75929832299858,FALSE,TRUE,TRUE
2.29652073928891,-0.0274319584384424,4.62047343701627,0.0527062376556401,4.64790539545471,FALSE,TRUE,FALSE
4.64939252961793,2.52646293402754,6.77232212520832,3.62055732930062e-05,4.24585919118078,TRUE,TRUE,FALSE
1.50410286507378,-0.57125454104393,3.57946027119149,0.153337563024203,4.15071481223542,FALSE,TRUE,FALSE
4.61125366510112,2.60193061061887,6.62057671958336,1.64005164685688e-05,4.01864610896449,TRUE,TRUE,FALSE
5.03506196215238,2.71451055013195,7.35561337417281,4.2108480384883e-05,4.64110282404086,TRUE,TRUE,FALSE
4.88133329771362,2.85089961272517,6.91176698270207,7.04175203506971e-06,4.06086736997689,TRUE,TRUE,FALSE
2.11349924215823,0.106614054699666,4.12038442961679,0.0392402342121685,4.01377037491712,TRUE,TRUE,FALSE
2.74781011173588,0.583700139086027,4.91192008438573,0.0134220428413023,4.3282199452997,TRUE,TRUE,FALSE
2.93011104677237,0.70265389737217,5.15756819617257,0.0105207520132666,4.4549142988004,TRUE,TRUE,FALSE
2.41732558640424,0.106162017778191,4.72848915503029,0.040568178612839,4.6223271372521,TRUE,TRUE,FALSE
1.65624414252921,-0.617627114781754,3.93011539984017,0.151309100652061,4.54774251462193,FALSE,TRUE,FALSE
2.43386989949658,0.273043953229968,4.5946958457632,0.0277178428534587,4.32165189253323,TRUE,TRUE,FALSE
2.74982196973741,0.553618229128887,4.94602571034593,0.0147209417733422,4.39240748121704,TRUE,TRUE,FALSE
4.49994973497407,2.4275490293777,6.57235044057043,4.16114439151086e-05,4.14480141119272,TRUE,TRUE,FALSE
3.96017349196057,1.58607222280182,6.33427476111933,0.00133253289536986,4.7482025383175,TRUE,TRUE,FALSE
3.08817996810983,1.08839224257563,5.08796769364403,0.00285625565328782,3.9995754510684,TRUE,TRUE,TRUE
2.84473754581504,0.801351451061167,4.88812364056892,0.00690217042420257,4.08677218950775,TRUE,TRUE,FALSE
5.11876854278263,2.70232083387583,7.53521625168942,6.15174326349834e-05,4.83289541781359,TRUE,TRUE,FALSE
2.07283521094026,0.229174341278286,3.91649608060223,0.0279957563797803,3.68732173932394,TRUE,TRUE,TRUE
4.34044607064684,2.55800806694986,6.12288407434381,5.51662371503003e-06,3.56487600739395,TRUE,TRUE,TRUE
2.63985714607584,0.620526483905685,4.65918780824599,0.0109925852110449,4.0386613243403,TRUE,TRUE,FALSE
1.9865880475853,-0.0223622277088009,3.9955383228794,0.0525487296530599,4.0179005505882,FALSE,TRUE,FALSE
1.60422847280358,-0.783073582728377,3.99153052833554,0.185180709458303,4.77460411106392,FALSE,TRUE,FALSE
4.08967378281457,1.78084697570579,6.39850058992336,0.00068553696810195,4.61765361421757,TRUE,TRUE,FALSE
3.88315354164842,1.80402138082433,5.9622857024725,0.000360416911565427,4.15826432164818,TRUE,TRUE,FALSE
4.17272076265426,2.40698832242202,5.9384532028865,9.69104756791185e-06,3.53146488046448,TRUE,TRUE,TRUE
4.23044665803907,1.81247817770032,6.64841513837781,0.000790156659476979,4.83593696067749,TRUE,TRUE,FALSE
1.62820225083021,-0.284355937410582,3.54076043907101,0.0942181073454518,3.82511637648159,FALSE,TRUE,TRUE
1.8189230867383,-0.168482162608823,3.80632833608542,0.0723407974719422,3.97481049869424,FALSE,TRUE,TRUE
2.75964299436516,0.751364460750217,4.76792152798009,0.0076321646578685,4.01655706722988,TRUE,TRUE,FALSE
2.22979799651116,0.0733703397667584,4.38622565325557,0.0428533330217239,4.31285531348881,TRUE,TRUE,FALSE
0.882318301923535,-1.43955445785594,3.20419106170301,0.452159947078634,4.64374551955895,FALSE,TRUE,FALSE
2.88387933502381,0.99368249119649,4.77407617885113,0.00319115957524889,3.78039368765464,TRUE,TRUE,TRUE
2.69852102546603,0.838524280811998,4.55851777012006,0.00494718330109258,3.71999348930807,TRUE,TRUE,TRUE
3.04820031394695,0.886488253386764,5.20991237450713,0.00624062901665099,4.32342412112037,TRUE,TRUE,FALSE
3.60481794021115,1.65412938173267,5.55550649868962,0.0004117816990527,3.90137711695696,TRUE,TRUE,TRUE
0.0423003996534819,-2.09566447663464,2.1802652759416,0.968724932448576,4.27592975257624,FALSE,FALSE,FALSE
1.84253329804137,-0.206804286250218,3.89187088233296,0.0774219674044308,4.09867516858317,FALSE,TRUE,FALSE
1.85196643529072,-0.364606337550974,4.06853920813242,0.100393646628651,4.43314554568339,FALSE,TRUE,FALSE
3.11121929912198,1.22439430756125,4.99804429068271,0.00150311355500218,3.77364998312146,TRUE,TRUE,TRUE
3.33597384211319,1.19632142378531,5.47562626044107,0.00261175909240755,4.27930483665576,TRUE,TRUE,FALSE
4.43625912966088,2.27543717892735,6.5970810803944,9.87305087860146e-05,4.32164390146705,TRUE,TRUE,FALSE
4.47077573733677,2.23419191340723,6.7073595612663,0.000145185449666782,4.47316764785906,TRUE,TRUE,FALSE
2.17748658214816,-0.0534447013466077,4.40841786564294,0.0556213936879795,4.46186256698955,FALSE,TRUE,FALSE
2.5734725612033,0.597984563833688,4.54896055857292,0.0112664427797302,3.95097599473923,TRUE,TRUE,TRUE
2.56200259600322,0.343999666386681,4.78000552561977,0.0240813203096943,4.43600585923308,TRUE,TRUE,FALSE
1.91849476709916,-0.000139431034165804,3.83712896523248,0.0500162916317051,3.83726839626664,FALSE,TRUE,TRUE
2.9391263000968,0.926445690119833,4.95180691007377,0.00468378296545668,4.02536121995394,TRUE,TRUE,FALSE
3.34497014736798,1.2204803820775,5.46945991265845,0.00237964946180543,4.24897953058095,TRUE,TRUE,FALSE
3.92106823211191,1.58347416035004,6.25866230387379,0.00125625114858097,4.67518814352375,TRUE,TRUE,FALSE
3.56566343636146,1.44058092862168,5.69074594410124,0.00125228360660684,4.25016501547955,TRUE,TRUE,FALSE
3.88315217636327,1.78556065372879,5.98074369899776,0.000402799892466201,4.19518304526898,TRUE,TRUE,FALSE
2.88373178900993,0.727869314438186,5.03959426358167,0.00932953626627518,4.31172494914348,TRUE,TRUE,FALSE
4.46082186353838,2.62996103987576,6.29168268720101,5.45842009507623e-06,3.66172164732525,TRUE,TRUE,TRUE
2.29325986646892,0.33060893150466,4.25591080143318,0.0225391630155719,3.92530186992852,TRUE,TRUE,TRUE
1.74428274429629,-0.566691750215173,4.05525723880775,0.137201125879502,4.62194898902292,FALSE,TRUE,FALSE
5.39366705601424,3.4455786613506,7.34175545067787,3.64233330912381e-07,3.89617678932727,TRUE,FALSE,TRUE
1.12277823339309,-0.974202830744285,3.21975929753047,0.290218575349251,4.19396212827476,FALSE,TRUE,FALSE
3.04726056275759,0.721258694180648,5.37326243133452,0.0108289926862953,4.65200373715388,TRUE,TRUE,FALSE
3.22060783164486,0.834141770927021,5.60707389236271,0.0087416261131068,4.77293212143569,TRUE,TRUE,FALSE
3.79862323746004,1.88494207533849,5.71230439958159,0.000160198444888831,3.8273623242431,TRUE,TRUE,TRUE
2.94025841301569,0.880337284229085,5.00017954180229,0.0056581850490447,4.1198422575732,TRUE,TRUE,FALSE
3.98550339624841,1.80435134901472,6.1666554434821,0.000473261536903085,4.36230409446738,TRUE,TRUE,FALSE
4.39142191522738,2.56828658673881,6.21455724371595,6.79032283950455e-06,3.64627065697714,TRUE,TRUE,TRUE
3.05022042201322,0.665576563025315,5.43486428100113,0.0127733643037915,4.76928771797582,TRUE,TRUE,FALSE
2.65732916477419,0.63073957785387,4.68391875169451,0.0107624356183915,4.05317917384064,TRUE,TRUE,FALSE
1.91622787192328,-0.12286974913867,3.95532549298522,0.0651546814236595,4.07819524212389,FALSE,TRUE,FALSE
1.73290244985076,-0.558766826579979,4.0245717262815,0.136486724786971,4.58333855286148,FALSE,TRUE,FALSE
2.90248589393932,0.385679219475982,5.41929256840267,0.0243024512113843,5.03361334892669,TRUE,TRUE,FALSE
3.29153674567971,1.12987963581397,5.45319385554545,0.0032488492837212,4.32331421973148,TRUE,TRUE,FALSE
2.79857973137258,0.890327920353559,4.70683154239159,0.00451698834399748,3.81650362203803,TRUE,TRUE,TRUE
2.26073670342994,0.33211871426085,4.18935469259903,0.0221215730607845,3.85723597833818,TRUE,TRUE,TRUE
4.09269355615729,1.9772216717292,6.20816544058537,0.000227702364156676,4.23094376885617,TRUE,TRUE,FALSE
3.35437317243687,1.2479230462553,5.46082329861843,0.00213284467293968,4.21290025236313,TRUE,TRUE,FALSE
1.39384614456647,-0.574756136122107,3.36244842525505,0.162926491037707,3.93720456137715,FALSE,TRUE,TRUE
2.64749587699358,0.472394914351089,4.82259683963606,0.0176271395043782,4.35020192528497,TRUE,TRUE,FALSE
4.58473511303986,2.41531626753958,6.75415395854015,6.37868424521093e-05,4.33883769100056,TRUE,TRUE,FALSE
1.43861282720134,-0.489287352689545,3.36651300709222,0.14166565069095,3.85580035978176,FALSE,TRUE,TRUE
5.14236527458683,2.75644190831004,7.52828864086362,4.68708146794431e-05,4.77184673255359,TRUE,TRUE,FALSE
2.13888467580918,0.250800534735946,4.0269688168824,0.0268590864316772,3.77616828214646,TRUE,TRUE,TRUE
3.92260346732113,1.86020064129479,5.98500629334747,0.000285273912956857,4.12480565205268,TRUE,TRUE,FALSE
3.60697403796908,1.38648919976801,5.82745887617016,0.00175127324547352,4.44096967640215,TRUE,TRUE,FALSE
2.43342136143021,0.185929562240152,4.68091316062028,0.034160524503075,4.49498359838012,TRUE,TRUE,FALSE
2.63453290891426,0.678211064926721,4.5908547529018,0.00887936757426404,3.91264368797507,TRUE,TRUE,TRUE
3.24878403754104,1.37628922141811,5.12127885366398,0.000868622604976752,3.74498963224587,TRUE,TRUE,TRUE
2.5744397522248,0.453775446519567,4.69510405793003,0.0179181491412139,4.24132861141046,TRUE,TRUE,FALSE
3.42379819452643,1.33159579717581,5.51600059187704,0.00162484981191521,4.18440479470123,TRUE,TRUE,FALSE
2.49908353476313,0.317627697260572,4.68053937226569,0.0252330336918563,4.36291167500512,TRUE,TRUE,FALSE
3.95900808914563,1.53983467708219,6.37818150120907,0.00162428022820529,4.83834682412688,TRUE,TRUE,FALSE
1.34578069414622,-0.629944149136425,3.32150553742886,0.179312038322635,3.95144968656529,FALSE,TRUE,TRUE
3.34911598412862,1.53092919973799,5.16730276851924,0.000428646810164551,3.63637356878125,TRUE,TRUE,TRUE
4.33063514783903,2.02139253175441,6.63987776392366,0.000342126790179277,4.61848523216925,TRUE,TRUE,FALSE
3.46415863893994,1.38001583591271,5.54830144196716,0.00138323007716353,4.16828560605445,TRUE,TRUE,FALSE
2.80616459914564,0.998422972859962,4.61390622543132,0.00272133358113579,3.61548325257135,TRUE,TRUE,TRUE
1.64947528333976,-0.613895402634776,3.9128459693143,0.151093586364942,4.52674137194908,FALSE,TRUE,FALSE
3.56637551784773,1.74280864606282,5.38994238963264,0.000196672770670238,3.64713374356982,TRUE,TRUE,TRUE
3.78170766679968,2.1080415494814,5.45537378411796,2.14755553848009e-05,3.34733223463656,TRUE,TRUE,TRUE
2.26662923013595,0.210435087178946,4.32282337309295,0.0311186319808477,4.112388285914,TRUE,TRUE,FALSE
2.83331791313539,0.728285561529379,4.93835026474141,0.00891360645169758,4.21006470321203,TRUE,TRUE,FALSE
2.76998979717031,0.723846608780444,4.81613298556017,0.00854094684586352,4.09228637677973,TRUE,TRUE,FALSE
3.17703238604999,1.09935966824669,5.25470510385328,0.00312666854602182,4.1553454356066,TRUE,TRUE,FALSE
1.97428651106503,0.26110836965699,3.68746465247307,0.0244020661254975,3.42635628281608,TRUE,TRUE,TRUE
3.88087508401397,1.94941525928584,5.8123349087421,0.000134911250426145,3.86291964945626,TRUE,TRUE,TRUE
4.18080724538303,1.96531433817989,6.39630015258616,0.000315851310807589,4.43098581440626,TRUE,TRUE,FALSE
3.23083386381244,1.17433546055407,5.28733226707082,0.00242996877460499,4.11299680651675,TRUE,TRUE,FALSE
4.20715402509692,2.09252797390957,6.32178007628428,0.000155125685757898,4.22925210237471,TRUE,TRUE,FALSE
2.34478067369823,0.296633794415633,4.39292755298083,0.0253289653446949,4.0962937585652,TRUE,TRUE,FALSE
2.26343403803262,0.0738724897652459,4.45299558629999,0.0429094482991963,4.37912309653475,TRUE,TRUE,FALSE
4.35497590002971,2.42273275332015,6.28721904673927,2.24221369985377e-05,3.86448629341912,TRUE,TRUE,TRUE
0.686544948132872,-1.58511084037757,2.95820073664331,0.549648026876913,4.54331157702088,FALSE,FALSE,FALSE
3.54753816858108,1.47375297280957,5.6213233643526,0.00101618789428053,4.14757039154303,TRUE,TRUE,FALSE
3.30741020906382,1.17030814261186,5.44451227551578,0.00279919234580557,4.27420413290393,TRUE,TRUE,FALSE
4.63759054447019,2.42238940846203,6.85279168047835,7.36933291811192e-05,4.43040227201633,TRUE,TRUE,FALSE
5.00513317148185,2.83233431802741,7.17793202493629,1.53538003050801e-05,4.34559770690888,TRUE,TRUE,FALSE
0.486845150559955,-1.51374615453802,2.48743645565793,0.62986513297789,4.00118261019595,FALSE,FALSE,FALSE
2.82925008941438,0.88151352489094,4.77698665393781,0.0048972043295821,3.89547312904688,TRUE,TRUE,TRUE
2.97196814454213,0.86402380881431,5.07991248026995,0.00624757170103511,4.21588867145564,TRUE,TRUE,FALSE
3.15669133657721,1.00881534497319,5.30456732818124,0.00443613168784511,4.29575198320805,TRUE,TRUE,FALSE
2.03653223652796,-0.197187329506382,4.27025180256229,0.0734193865036734,4.46743913206868,FALSE,TRUE,FALSE
4.1717035224607,2.3695210769166,5.9738859680048,1.40821661979671e-05,3.6043648910882,TRUE,TRUE,TRUE
1.96602536575959,0.0938540625927959,3.83819666892639,0.0397884161109193,3.74434260633359,TRUE,TRUE,TRUE
0.47733123058499,-1.51146589498073,2.46612835615071,0.634566227801787,3.97759425113144,FALSE,FALSE,TRUE
2.95876217888479,0.845605156452357,5.07191920131722,0.00659949726882642,4.22631404486487,TRUE,TRUE,FALSE
2.6427628713054,0.633905956343635,4.65161978626717,0.0105148336424532,4.01771382992353,TRUE,TRUE,FALSE
3.39275285887557,1.54480919746914,5.24069652028199,0.000446418832800825,3.69588732281285,TRUE,TRUE,TRUE
2.55085112731754,0.512264832073146,4.58943742256193,0.0147820754968138,4.07717259048878,TRUE,TRUE,FALSE
4.21037589714764,2.25606039162699,6.16469140266828,4.71814608417558e-05,3.90863101104129,TRUE,TRUE,TRUE
4.36783123219129,2.53994483208292,6.19571763229966,7.88999349196998e-06,3.65577280021674,TRUE,TRUE,TRUE
2.62381836921331,0.312331323020056,4.93530541540657,0.026561149991325,4.62297409238651,TRUE,TRUE,FALSE
1.95862759933277,-0.0570141966317346,3.97426939529728,0.0566925162445547,4.03128359192901,FALSE,TRUE,FALSE
3.38041618395012,1.32343613272796,5.43739623517227,0.00155604137789364,4.1139601024443,TRUE,TRUE,FALSE
2.32496447305988,0.0593103323127,4.59061861380707,0.0444184286414615,4.53130828149437,TRUE,TRUE,FALSE
2.67068938753312,0.540518978395554,4.80085979667069,0.014593697377655,4.26034081827514,TRUE,TRUE,FALSE
3.98747699093123,1.83404731795441,6.14090666390804,0.000401596884386993,4.30685934595363,TRUE,TRUE,FALSE
2.65168220813059,0.672843541576949,4.63052087468423,0.009208417731142,3.95767733310728,TRUE,TRUE,TRUE
2.26125781940339,0.200779555400324,4.32173608340645,0.0318553427914793,4.12095652800613,TRUE,TRUE,FALSE
2.47710126612688,0.145942544174173,4.80825998807959,0.0375465960637363,4.66231744390542,TRUE,TRUE,FALSE
2.4606110952304,0.289720945976252,4.63150124448456,0.0267775602064054,4.3417802985083,TRUE,TRUE,FALSE
3.63648433728396,1.69916765545285,5.57380101911508,0.000338138248760558,3.87463336366223,TRUE,TRUE,TRUE
5.11787518145038,3.15857168480677,7.07717867809398,1.33158544092371e-06,3.91860699328721,TRUE,FALSE,TRUE
3.36113742778283,1.34273650581131,5.37953834975435,0.00135649446330946,4.03680184394304,TRUE,TRUE,FALSE
3.56627010225327,1.68858506599297,5.44395513851357,0.000290538483184278,3.75537007252059,TRUE,TRUE,TRUE
2.49688576873716,0.143297706661256,4.85047383081306,0.0378491308362733,4.7071761241518,TRUE,TRUE,FALSE
3.05385176824896,0.906575418273204,5.20112811822472,0.00582690098357009,4.29455269995152,TRUE,TRUE,FALSE
5.56380027949171,3.59018912036955,7.53741143861387,2.38318200904934e-07,3.94722231824432,TRUE,FALSE,TRUE
3.48736804698346,1.4906387790622,5.48409731490472,0.00080597525621403,3.99345853584253,TRUE,TRUE,TRUE
3.82704685325804,1.83040935970548,5.82368434681061,0.00025769392409362,3.99327498710513,TRUE,TRUE,TRUE
1.9600468704829,0.0246092576436989,3.89548448332209,0.047218338871252,3.87087522567839,TRUE,TRUE,TRUE
3.22780716948892,0.819767046569445,5.63584729240841,0.00918784972674964,4.81608024583896,TRUE,TRUE,FALSE
0.992855696119772,-1.16108152401642,3.14679291625596,0.362149556387407,4.30787444027238,FALSE,TRUE,FALSE
3.99184103493816,2.03816525169769,5.94551681817863,0.000105916953164517,3.90735156648093,TRUE,TRUE,TRUE
4.58344588494088,2.19341271074252,6.97347905913925,0.000255946302546539,4.78006634839673,TRUE,TRUE,FALSE
3.4785608841521,1.61097701061734,5.34614475768686,0.000373041978212229,3.73516774706953,TRUE,TRUE,TRUE
2.78394461433801,0.648091543089262,4.91979768558676,0.0112223499903156,4.2717061424975,TRUE,TRUE,FALSE
3.38258304704299,1.13331403156077,5.63185206252521,0.00363205652863074,4.49853803096443,TRUE,TRUE,FALSE
3.06817708924253,0.815719136130446,5.32063504235462,0.00815561107104435,4.50491590622417,TRUE,TRUE,FALSE
3.81867885038437,1.81552541533666,5.82183228543207,0.000276832956028482,4.00630687009541,TRUE,TRUE,FALSE
2.89225531039082,0.80685186678549,4.97765875399615,0.0071083571144914,4.17080688721066,TRUE,TRUE,FALSE
2.43694123993777,0.170450719596615,4.70343176027892,0.0353940316077118,4.53298104068231,TRUE,TRUE,FALSE
1.94772956222106,-0.239387428823486,4.13484655326561,0.0802286194532165,4.3742339820891,FALSE,TRUE,FALSE
1.82560369111622,-0.151847593752417,3.80305497598485,0.0699310698976685,3.95490256973726,FALSE,TRUE,TRUE
5.00903802795431,2.73928637596498,7.27878967994364,3.19391654220228e-05,4.53950330397865,TRUE,TRUE,FALSE
2.82746488852,0.618385779899998,5.03654399714001,0.0127180992346469,4.41815821724001,TRUE,TRUE,FALSE
2.28831256502955,0.369475104016832,4.20715002604227,0.0199759922658862,3.83767492202544,TRUE,TRUE,TRUE
2.81051898983909,0.846139366982778,4.7748986126954,0.00555035513518995,3.92875924571262,TRUE,TRUE,TRUE
4.21883521014728,2.00906567309847,6.42860474719609,0.000271481263009602,4.41953907409763,TRUE,TRUE,FALSE
2.65399967659692,0.438953837668604,4.86904551552524,0.0194170948750383,4.43009167785663,TRUE,TRUE,FALSE
1.64932080002428,-0.401634997302482,3.70027659735103,0.113600407929968,4.10191159465352,FALSE,TRUE,FALSE
3.40992321453191,1.41291373870779,5.40693269035602,0.00103687948924984,3.99401895164823,TRUE,TRUE,TRUE
4.24391007553137,2.32979397883171,6.15802617223103,2.95662358647842e-05,3.82823219339932,TRUE,TRUE,TRUE
2.5542448028733,0.702806928109161,4.40568267763743,0.00740376574676375,3.70287574952827,TRUE,TRUE,TRUE
2.49250242765805,0.337373015331831,4.64763183998426,0.0239095201407246,4.31025882465243,TRUE,TRUE,FALSE
1.8829480284283,-0.0612936461445068,3.82718970300111,0.0575054077548076,3.88848334914562,FALSE,TRUE,TRUE
2.86595027073345,0.985399240364045,4.74650130110285,0.00322376287727485,3.7611020607388,TRUE,TRUE,TRUE
3.02250175244809,0.695603244437528,5.34940026045865,0.0114954358995059,4.65379701602112,TRUE,TRUE,FALSE
3.40257634138133,1.44811081481715,5.35704186794551,0.000835917945573044,3.90893105312836,TRUE,TRUE,TRUE
3.53204977584289,1.35500895196327,5.70909059972251,0.00177312625918785,4.35408164775924,TRUE,TRUE,FALSE
3.47967461713954,1.27475710042769,5.6845921338514,0.00232724165483118,4.40983503342372,TRUE,TRUE,FALSE
4.31269050644651,2.42787265277875,6.19750836011427,1.72765598272263e-05,3.76963570733551,TRUE,TRUE,TRUE
5.75946557710363,3.72044920842797,7.7984819457793,2.2742982821125e-07,4.07803273735133,TRUE,FALSE,FALSE
3.49278996083285,1.49688443409741,5.48869548756829,0.000788151057515442,3.99181105347088,TRUE,TRUE,TRUE
3.2734732703195,1.26623480039487,5.28071174024412,0.00168274284342594,4.01447693984925,TRUE,TRUE,FALSE
2.92108578913394,0.92291357234116,4.91925800592672,0.00464132489231002,3.99634443358556,TRUE,TRUE,TRUE
3.09517282715061,0.980100726702362,5.21024492759886,0.00460094226879528,4.23014420089649,TRUE,TRUE,FALSE
2.1333260804346,0.0421429496783694,4.22450921119083,0.0456534131099857,4.18236626151246,TRUE,TRUE,FALSE
2.68477650503936,0.750938749340543,4.61861426073817,0.00705255064814059,3.86767551139763,TRUE,TRUE,TRUE
3.70496314569161,1.74992147488951,5.66000481649371,0.000299036441603554,3.91008334160421,TRUE,TRUE,TRUE
2.11018659441808,-0.0810838054756475,4.30145699431182,0.0589021144657316,4.38254079978746,FALSE,TRUE,FALSE
4.25421758335247,2.08725099711481,6.42118416959012,0.000186635684681506,4.33393317247531,TRUE,TRUE,FALSE
2.73620466608779,0.73034602207625,4.74206331009933,0.00806783972324804,4.01171728802308,TRUE,TRUE,FALSE
2.49406018196396,0.440890599813033,4.54722976411489,0.0178488853541018,4.10633916430186,TRUE,TRUE,FALSE
2.34241127840368,0.219332968470781,4.46548958833658,0.0309749944981526,4.2461566198658,TRUE,TRUE,FALSE
2.98309208821805,1.09049827487162,4.87568590156448,0.00235502444472275,3.78518762669286,TRUE,TRUE,TRUE
2.07420507280965,-0.202360274166372,4.35077041978568,0.0736088509765732,4.55313069395205,FALSE,TRUE,FALSE
3.11323525578308,0.984651593442834,5.24181891812332,0.0046223905077405,4.25716732468048,TRUE,TRUE,FALSE
3.09678383966755,1.00572810684776,5.18783957248734,0.00415405284425516,4.18211146563958,TRUE,TRUE,FALSE
2.89250216981407,0.950178112581308,4.83482622704684,0.00395890094098585,3.88464811446553,TRUE,TRUE,TRUE
1.4878426132566,-0.414200335185538,3.38988556169874,0.123648313350862,3.80408589688428,FALSE,TRUE,TRUE
3.05119378324137,1.01808321115995,5.08430435532279,0.00369916427634629,4.06622114416284,TRUE,TRUE,FALSE
2.10140780740774,0.340750373598516,3.86206524121697,0.0198770409971378,3.52131486761846,TRUE,TRUE,TRUE
2.93693509552734,0.840969440327091,5.03290075072759,0.00655990027800551,4.1919313104005,TRUE,TRUE,FALSE
2.8432558392627,0.899824819759027,4.78668685876637,0.00461108646272681,3.88686203900734,TRUE,TRUE,TRUE
1.63282310923474,-0.419200954770751,3.68484717324023,0.117394172538399,4.10404812801098,FALSE,TRUE,FALSE
1.10485094678367,-1.1343500482967,3.34405194186403,0.329500497443307,4.47840199016073,FALSE,TRUE,FALSE
2.74097276191983,0.634078390996888,4.84786713284277,0.0113723323520874,4.21378874184588,TRUE,TRUE,FALSE
2.95668580469363,0.978241587413724,4.93513002197354,0.00383879237238488,3.95688843455982,TRUE,TRUE,TRUE
3.12267315074783,1.19159151036984,5.05375479112582,0.00183284591357866,3.86216328075598,TRUE,TRUE,TRUE
5.82877809262193,3.4821689868714,8.17538719837247,3.74622666950626e-06,4.69321821150107,TRUE,FALSE,FALSE
1.51243847067039,-0.515431760208274,3.54030870154906,0.14186664086274,4.05574046175733,FALSE,TRUE,FALSE
3.25510377442452,1.44068175113707,5.06952579771197,0.000590342014683843,3.6288440465749,TRUE,TRUE,TRUE
0.809821657296601,-1.18998534258403,2.80962865717723,0.423131217953652,3.99961399976125,FALSE,FALSE,TRUE
1.95717800203024,0.0783369028198082,3.83601910124067,0.0413693689366649,3.75768219842086,TRUE,TRUE,TRUE
1.02661224167436,-0.936238989019981,2.98946347236871,0.301468877369106,3.92570246138869,FALSE,FALSE,TRUE
1.55468317864667,-0.301946766137562,3.41131312343091,0.0996508645898012,3.71325988956847,FALSE,TRUE,TRUE
1.40636052166687,-0.889204020624175,3.70192506395792,0.226669375502267,4.5911290845821,FALSE,TRUE,FALSE
3.20914985431907,1.18377419131769,5.23452551732045,0.00223917617278181,4.05075132600276,TRUE,TRUE,FALSE
2.95129195990531,0.875760265252781,5.02682365455785,0.00583527350546732,4.15106338930507,TRUE,TRUE,FALSE
1.72321863839036,-0.357626356188312,3.80406363296902,0.103384057192671,4.16168998915734,FALSE,TRUE,FALSE
3.57477455019802,1.65090676238927,5.49864233800678,0.000384525175004278,3.84773557561751,TRUE,TRUE,TRUE
3.76290713603308,1.27834375738302,6.24747051468314,0.00341038732379214,4.96912675730013,TRUE,TRUE,FALSE
1.45310384868405,-0.591646751149258,3.49785444851736,0.161397331180895,4.08950119966662,FALSE,TRUE,FALSE
2.30701635707685,0.285023293129855,4.32900942102385,0.0258137990379246,4.043986127894,TRUE,TRUE,FALSE
2.23397873792437,0.255960632088069,4.21199684376066,0.027311323870458,3.95603621167259,TRUE,TRUE,TRUE
2.14768643378158,-0.02218672126779,4.31755958883095,0.0523371368595978,4.33974631009874,FALSE,TRUE,FALSE
2.97970035846055,0.892188166429698,5.0672125504914,0.00565726779936418,4.17502438406171,TRUE,TRUE,FALSE
5.65381429316475,3.78112999710983,7.52649858921967,4.29486878400894e-08,3.74536859210983,TRUE,FALSE,TRUE
3.40370664243411,1.88336930881341,4.92404397605481,2.51263435052284e-05,3.04067466724141,TRUE,TRUE,TRUE
2.35286335836352,0.260237287740381,4.44548942898667,0.0279882618059131,4.18525214124629,TRUE,TRUE,FALSE
2.53192630560984,0.47474070391539,4.58911190730429,0.0164395543795276,4.1143712033889,TRUE,TRUE,FALSE
3.97619636595155,1.80352069480655,6.14887203709654,0.000464333824377293,4.34535134228999,TRUE,TRUE,FALSE
1.64764727675273,-0.143584226511394,3.43887878001685,0.0709397134321146,3.58246300652825,FALSE,TRUE,TRUE
3.41108773680036,1.37084567482773,5.451329798773,0.00130067476063453,4.08048412394527,TRUE,TRUE,FALSE
1.8935427521376,-0.377073248132988,4.16415875240818,0.101026515179567,4.54123200054117,FALSE,TRUE,FALSE
3.52747094031548,1.30997955137751,5.74496232925346,0.00215490535358936,4.43498277787595,TRUE,TRUE,FALSE
3.51569623527582,1.53252965355917,5.49886281699248,0.000679054494240769,3.96633316343331,TRUE,TRUE,TRUE
2.14925040308881,-0.0353124389455779,4.3338132451232,0.0537369723051718,4.36912568406878,FALSE,TRUE,FALSE
2.14764461771449,-0.083553947515735,4.37884318294472,0.0590168113343603,4.46239713046046,FALSE,TRUE,FALSE
1.55177121171177,-0.610697220984673,3.71423964440821,0.157387676587044,4.32493686539288,FALSE,TRUE,FALSE
1.79759363954418,0.0257568657446241,3.56943041334373,0.0468308496257606,3.5436735475991,TRUE,TRUE,TRUE
2.10382013839046,-0.0534885230370232,4.26112879981794,0.055827327652624,4.31461732285496,FALSE,TRUE,FALSE
2.78705432610118,0.530139202649516,5.04396944955284,0.016093596581694,4.51383024690333,TRUE,TRUE,FALSE
2.34088091014864,0.141361796152558,4.54040002414471,0.0372559216678997,4.39903822799216,TRUE,TRUE,FALSE
3.19086514255128,1.08886134175185,5.29286894335071,0.0033404204152678,4.20400760159886,TRUE,TRUE,FALSE
3.65329057018414,1.64056509429363,5.66601604607465,0.000513255162877227,4.02545095178101,TRUE,TRUE,FALSE
3.27404430425842,1.09661915050709,5.45146945800974,0.0036369348203483,4.35485030750265,TRUE,TRUE,FALSE
3.6719023551649,1.60538376046039,5.7384209498694,0.00066107440592693,4.13303718940902,TRUE,TRUE,FALSE
1.77932597920681,-0.398276096458035,3.95692805487166,0.107990842367543,4.35520415132969,FALSE,TRUE,FALSE
2.22663445563049,0.101234468909119,4.35203444235185,0.0402514187234522,4.25079997344273,TRUE,TRUE,FALSE
1.02628378710781,-0.766894286814138,2.81946186102975,0.258467248943383,3.58635614784389,FALSE,FALSE,TRUE
3.24510442968497,1.10626568718025,5.38394317218969,0.00335598864501401,4.27767748500943,TRUE,TRUE,FALSE
3.00652634146816,0.997329175379686,5.01572350755662,0.00379547437963596,4.01839433217694,TRUE,TRUE,FALSE
2.87504318028962,0.791817154649963,4.95826920592929,0.00738355242566959,4.16645205127932,TRUE,TRUE,FALSE
0.684519025277865,-1.55152286774127,2.920560918297,0.544510113801735,4.47208378603827,FALSE,FALSE,FALSE
5.27921777180805,3.39661538178212,7.16182016183399,2.70213956543541e-07,3.76520478005188,TRUE,FALSE,TRUE
2.84181449731848,1.10747657222314,4.57615242241383,0.00160368593578877,3.46867585019069,TRUE,TRUE,TRUE
3.7892051903807,1.76388026313817,5.81453011762322,0.000352597314167379,4.05064985448505,TRUE,TRUE,FALSE
1.62686590065983,-0.731390827209627,3.98512262852928,0.173876638586822,4.71651345573891,FALSE,TRUE,FALSE
2.40120701061801,0.438955214913727,4.36345880632229,0.0170483901610934,3.92450359140857,TRUE,TRUE,TRUE
3.14706180768345,1.10517186481922,5.18895175054767,0.00290818273460735,4.08377988572846,TRUE,TRUE,FALSE
3.73337110128352,1.78685316854875,5.6798890340183,0.000255521391841357,3.89303586546955,TRUE,TRUE,TRUE
4.04162685437251,2.18005990518285,5.90319380356217,4.16985402319197e-05,3.72313389837932,TRUE,TRUE,TRUE
3.1418990036785,0.898553875427357,5.38524413192963,0.00658541709245728,4.48669025650228,TRUE,TRUE,FALSE
4.45613461540748,2.11137632747371,6.80089290334125,0.000288206597242001,4.68951657586754,TRUE,TRUE,FALSE
4.22810997653187,2.17789566243949,6.27832429062424,9.23862357023231e-05,4.10042862818476,TRUE,TRUE,FALSE
2.99725302056274,0.867904332491111,5.12660170863438,0.00632911982884097,4.25869737614327,TRUE,TRUE,FALSE
4.22298315953806,2.11611554906405,6.32985077001208,0.000139684819178097,4.21373522094804,TRUE,TRUE,FALSE
3.50846377429423,1.09788761772828,5.91903993086018,0.00481705303927785,4.8211523131319,TRUE,TRUE,FALSE
3.80649681757392,1.73676252207078,5.87623111307706,0.000437040510103028,4.13946859100628,TRUE,TRUE,FALSE
3.09095132401364,1.00542230160225,5.17648034642503,0.00412679110108569,4.17105804482279,TRUE,TRUE,FALSE
3.46811718931039,1.01784861020615,5.91838576841462,0.00605580815893363,4.90053715820847,TRUE,TRUE,FALSE
2.02942356078967,0.0417642436814849,4.01708287789785,0.0454755504107072,3.97531863421637,TRUE,TRUE,TRUE
3.43801226794431,1.50504714458256,5.37097739130607,0.000653439056694395,3.86593024672351,TRUE,TRUE,TRUE
1.51715163119897,-0.542768855100163,3.57707211749811,0.146850257657971,4.11984097259827,FALSE,TRUE,FALSE
1.96079417205185,0.119936886329403,3.8016514577743,0.0371024358715006,3.68171457144489,TRUE,TRUE,TRUE
2.07733746705966,0.132491778305704,4.02218315581361,0.0365900652541965,3.88969137750791,TRUE,TRUE,TRUE
1.60050202946105,-0.607118273698336,3.80812233262045,0.153199858848728,4.41524060631878,FALSE,TRUE,FALSE
3.48747144576349,1.202910497509,5.77203239401797,0.00317531820781058,4.56912189650898,TRUE,TRUE,FALSE
5.46964767163209,3.24612689539204,7.69316844787214,4.53428259940494e-06,4.4470415524801,TRUE,FALSE,FALSE
3.01291502710329,0.820209044414207,5.20562100979237,0.00763517727592551,4.38541196537816,TRUE,TRUE,FALSE
3.7900075979642,1.82213224861968,5.75788294730872,0.000241851090121449,3.93575069868904,TRUE,TRUE,TRUE
1.13189694273935,-1.00822408333507,3.27201796881376,0.296106304766558,4.28024205214884,FALSE,TRUE,FALSE
3.89814215003726,1.92819023819432,5.8680940618802,0.000167317094541108,3.93990382368588,TRUE,TRUE,TRUE
3.40789468358886,1.52925958566597,5.28652978151175,0.000516924335367649,3.75727019584578,TRUE,TRUE,TRUE
1.07819678448764,-0.869055650087088,3.02544921906236,0.274173809686265,3.89450486914945,FALSE,TRUE,TRUE
0.965103184634687,-1.2683647803309,3.19857114960027,0.39282406723444,4.46693592993117,FALSE,TRUE,FALSE
2.52743400687518,0.587203052484284,4.46766496126608,0.0112698357130522,3.8804619087818,TRUE,TRUE,TRUE
4.26330829612676,1.85676972318991,6.6698468690636,0.000684499381553384,4.81307714587369,TRUE,TRUE,FALSE
2.33790349580558,0.5414682576137,4.13433873399745,0.0113444688396118,3.59287047638375,TRUE,TRUE,TRUE
1.85024049816942,-0.363364387338048,4.06384538367689,0.100257285600741,4.42720977101494,FALSE,TRUE,FALSE
3.07637513830862,0.753780590650047,5.3989696859672,0.0100165845793603,4.64518909531715,TRUE,TRUE,FALSE
1.94981855809045,-0.0793856499567309,3.97902276613762,0.0594499438482104,4.05840841609435,FALSE,TRUE,FALSE
1.7554362075147,-0.0123102632539629,3.52318267828335,0.0515818501033837,3.53549294153732,FALSE,TRUE,TRUE
3.31700838880318,1.30840159936368,5.32561517824268,0.00147993083692955,4.017213578879,TRUE,TRUE,FALSE
3.52549508176789,1.21130098085418,5.8396891826816,0.00323475984067966,4.62838820182742,TRUE,TRUE,FALSE
3.44888385104675,1.0596269852342,5.83814071685931,0.00515983691763716,4.77851373162511,TRUE,TRUE,FALSE
1.72076360852638,-0.422430583059175,3.86395780011193,0.114165934516251,4.2863883831711,FALSE,TRUE,FALSE
1.66759248331617,-0.511426022621603,3.84661098925395,0.131879264771484,4.35803701187555,FALSE,TRUE,FALSE
0.891036899185126,-1.16928927239566,2.95136307076591,0.392427182281929,4.12065234316158,FALSE,FALSE,FALSE
4.10980654935065,1.88973600402398,6.32987709467732,0.000402902822310944,4.44014109065334,TRUE,TRUE,FALSE
4.96756706974483,2.7303990461669,7.20473509332277,2.8841112453251e-05,4.47433604715587,TRUE,TRUE,FALSE
2.71314544119855,0.640439613789023,4.78585126860807,0.0108930604784233,4.14541165481905,TRUE,TRUE,FALSE
2.89529386427504,0.74368393834022,5.04690379020987,0.00892985958486101,4.30321985186965,TRUE,TRUE,FALSE
3.53601388544785,1.45888273957201,5.61314503132369,0.0010717053112232,4.15426229175168,TRUE,TRUE,FALSE
3.39729547365108,1.28175836480995,5.5128325824922,0.00196378152109993,4.23107421768225,TRUE,TRUE,FALSE
2.77756916507636,0.681377999496613,4.87376033065611,0.00998880991372608,4.1923823311595,TRUE,TRUE,FALSE
1.16051796175912,-0.617590942177333,2.93862686569557,0.198006409660335,3.5562178078729,FALSE,FALSE,TRUE
5.38932691581334,3.22823196522047,7.55042186640621,3.46228156652346e-06,4.32218990118574,TRUE,FALSE,FALSE
2.66182286517068,0.730909633690212,4.59273609665115,0.00744797336771133,3.86182646296094,TRUE,TRUE,TRUE
2.87799288086729,0.837855765788838,4.91812999594574,0.00621952230400099,4.0802742301569,TRUE,TRUE,FALSE
3.13951130738181,1.00277430897742,5.27624830578621,0.00444589686269447,4.27347399680878,TRUE,TRUE,FALSE
2.11443923910373,-0.206366340724565,4.43524481893202,0.0736187015229753,4.64161115965659,FALSE,TRUE,FALSE
2.1977387960652,0.0995569568236734,4.29592063530673,0.0402852322622719,4.19636367848305,TRUE,TRUE,FALSE
4.55165463677904,2.3072139042602,6.79609536929787,0.000118136407649431,4.48888146503768,TRUE,TRUE,FALSE
1.69918775759418,-0.706523155991861,4.10489867118022,0.163941852821741,4.81142182717208,FALSE,TRUE,FALSE
2.12819509826082,0.0421108243556767,4.21427937216596,0.0456463920360425,4.17216854781029,TRUE,TRUE,FALSE
4.31264909100269,2.23634555406646,6.38895262793893,8.30255659891404e-05,4.15260707387247,TRUE,TRUE,FALSE
3.47949782248955,1.56516725409901,5.3938283908801,0.000504742245346171,3.82866113678109,TRUE,TRUE,TRUE
1.57596658357097,-0.5179711452486,3.66990431239053,0.138309652655965,4.18787545763913,FALSE,TRUE,FALSE
3.67765999659839,1.7211182754028,5.63420171779397,0.000332204610613535,3.91308344239117,TRUE,TRUE,TRUE
3.60118182358857,1.43142277293348,5.77094087424366,0.00140459679055722,4.33951810131018,TRUE,TRUE,FALSE
4.96410494057381,2.92610267114747,7.00210721000015,5.48828873733463e-06,4.07600453885268,TRUE,TRUE,FALSE
1.38492901279481,-0.564149961188684,3.33400798677831,0.161452908304531,3.89815794796699,FALSE,TRUE,TRUE
2.01884412057648,-0.0025669334893097,4.04025517464227,0.0502853323950568,4.04282210813157,FALSE,TRUE,FALSE
3.79655095858352,1.67443445933875,5.91866745782828,0.000610079897155665,4.24423299848953,TRUE,TRUE,FALSE
3.8295803565554,1.62016167994576,6.03899903316503,0.000878262562047996,4.41883735321927,TRUE,TRUE,FALSE
2.76760627645893,0.715881052765036,4.81933150015283,0.00877107509105848,4.10345044738779,TRUE,TRUE,FALSE
2.55727668504447,0.578279966702739,4.5362734033862,0.0119156726310085,3.95799343668346,TRUE,TRUE,TRUE
3.54481187492282,1.37110588416914,5.7185178656765,0.00168342832182825,4.34741198150736,TRUE,TRUE,FALSE
1.90449409053733,-0.168403241128289,3.97739142220296,0.0712658239579318,4.14579466333125,FALSE,TRUE,FALSE
3.07353130520207,1.06025713714518,5.08680547325897,0.00317353683931287,4.02654833611379,TRUE,TRUE,FALSE
3.03522329867874,0.773000943294619,5.29744565406285,0.00912433120666628,4.52444471076823,TRUE,TRUE,FALSE
3.60769432675734,1.66967228133393,5.54571637218075,0.000375742201974478,3.87604409084682,TRUE,TRUE,TRUE
1.376857414631,-0.781548492949282,3.53526332221128,0.208248598470009,4.31681181516056,FALSE,TRUE,FALSE
3.17217135038285,0.968492687081061,5.37585001368464,0.00527972057745635,4.40735732660358,TRUE,TRUE,FALSE
3.07340854598459,1.00732723266169,5.1394898593075,0.0039971477388351,4.13216262664581,TRUE,TRUE,FALSE
2.27754922012012,0.253007060402884,4.30209137983737,0.0279055000959585,4.04908431943448,TRUE,TRUE,FALSE
3.50170930989791,1.38667253494955,5.61674608484627,0.00144117423923153,4.23007354989672,TRUE,TRUE,FALSE
1.203900550055,-1.24614103005567,3.65394213016567,0.331486758275313,4.90008316022133,FALSE,TRUE,FALSE
2.27120031580988,0.419106628977901,4.12329400264187,0.0168232714012703,3.70418737366397,TRUE,TRUE,TRUE
3.4207813974327,1.46617188908748,5.37539090577792,0.000787472647824365,3.90921901669044,TRUE,TRUE,TRUE
4.14662328640129,2.04803829502102,6.24520827778155,0.000170744150508356,4.19716998276053,TRUE,TRUE,FALSE
1.02684412458342,-1.01105884316131,3.06474709232814,0.319407220464875,4.07580593548945,FALSE,TRUE,FALSE
3.7425152083501,1.59302437301031,5.8920060436899,0.000834872425889703,4.29898167067959,TRUE,TRUE,FALSE
3.16246526204868,1.20745272273745,5.11747780135992,0.00182650948879505,3.91002507862247,TRUE,TRUE,TRUE
4.50605335504683,2.4849326120012,6.52717409809247,2.69512416040444e-05,4.04224148609127,TRUE,TRUE,FALSE
2.20364088190999,0.254514383043368,4.1527673807766,0.0271555434797978,3.89825299773323,TRUE,TRUE,TRUE
0.974742115727262,-0.680257135058682,2.62974136651321,0.244979567869939,3.30999850157189,FALSE,FALSE,TRUE
3.14217958326197,1.16176336240962,5.12259580411432,0.00220991196414473,3.96083244170469,TRUE,TRUE,TRUE
2.00299653893446,0.0681505871671173,3.93784249070179,0.0426184401138006,3.86969190353468,TRUE,TRUE,TRUE
2.33081788285899,0.214332702855616,4.44730306286236,0.0312788304950581,4.23297036000674,TRUE,TRUE,FALSE
2.11830093682527,0.162059878583596,4.07454199506694,0.0341419769588482,3.91248211648334,TRUE,TRUE,TRUE
3.16734062100777,1.13637057231133,5.19831066970421,0.00260543263699299,4.06194009739288,TRUE,TRUE,FALSE
3.75285670063838,1.65287762764378,5.85283577363298,0.0006179715705618,4.1999581459892,TRUE,TRUE,FALSE
4.86407420567428,2.78686612726472,6.94128228408384,1.14507633650959e-05,4.15441615681912,TRUE,TRUE,FALSE
2.9016145912299,0.796402771893717,5.00682641056609,0.00745750685797298,4.21042363867237,TRUE,TRUE,FALSE
2.45842392677372,0.764324036413568,4.15252381713387,0.00493728437463076,3.38819978072031,TRUE,TRUE,TRUE
5.12278593709011,2.91603039706833,7.32954147711189,1.33847670666803e-05,4.41351108004356,TRUE,TRUE,FALSE
2.0979541597378,-0.0532540463017375,4.24916236577733,0.0558178051094573,4.30241641207907,FALSE,TRUE,FALSE
2.36805114648875,0.455160165387102,4.28094212759039,0.0158420667347538,3.82578196220329,TRUE,TRUE,TRUE
2.23361568645717,0.2705212235794,4.19671014933493,0.0262156022424617,3.92618892575553,TRUE,TRUE,TRUE
2.35833062782301,0.490812686539485,4.22584856910653,0.0139175687482291,3.73503588256704,TRUE,TRUE,TRUE
0.498630154252958,-1.66588564231183,2.66314595081775,0.648222093019968,4.32903159312957,FALSE,FALSE,FALSE
5.94710145392287,3.95064989951146,7.94355300833429,6.08633917506219e-08,3.99290310882283,TRUE,FALSE,TRUE
3.50357685502398,1.3598879210198,5.64726578902816,0.00164613299044806,4.28737786800836,TRUE,TRUE,FALSE
3.98784334022445,2.03527082995746,5.94041585049145,0.000106596393694046,3.905145020534,TRUE,TRUE,TRUE
3.85970769664277,1.96286076446756,5.75655462881798,0.000112512453150598,3.79369386435042,TRUE,TRUE,TRUE
2.94214055943555,0.633923424240352,5.25035769463075,0.0130786405978961,4.61643427039039,TRUE,TRUE,FALSE
3.11731830053494,1.18992693834494,5.04470966272494,0.00182924611460682,3.85478272438,TRUE,TRUE,TRUE
3.80008673384779,1.7973190835842,5.80285438411138,0.000294291287633499,4.00553530052717,TRUE,TRUE,FALSE
4.4204554217481,2.13395837186295,6.70695247163326,0.000229859886490915,4.57299409977031,TRUE,TRUE,FALSE
2.59328974236854,0.591643583921694,4.59493590081538,0.0117035944540568,4.00329231689368,TRUE,TRUE,FALSE
2.38991945800429,0.305470954137809,4.47436796187077,0.0251163370634186,4.16889700773296,TRUE,TRUE,FALSE
2.03164134069562,-0.0403969844521077,4.10367966584335,0.0545360099115774,4.14407665029546,FALSE,TRUE,FALSE
2.076809114556,0.0404234343654508,4.11319479474655,0.0457161010922967,4.07277136038109,TRUE,TRUE,FALSE
2.66980045674159,0.682266416404712,4.65733449707846,0.00904625083936974,3.97506808067375,TRUE,TRUE,TRUE
3.81259221192641,1.59557069268145,6.02961373117138,0.000958876769003953,4.43404303848993,TRUE,TRUE,FALSE
4.17897914489558,1.93683365676649,6.42112463302466,0.000369944992813811,4.48429097625817,TRUE,TRUE,FALSE
5.26209728652916,3.0424678060588,7.48172676699953,9.13898378856757e-06,4.43925896094073,TRUE,FALSE,FALSE
2.51325082930509,0.587876290254603,4.43862536835558,0.0111088936087949,3.85074907810097,TRUE,TRUE,TRUE
2.99154327023046,0.94206901633506,5.04101752412585,0.00470116008885414,4.09894850779079,TRUE,TRUE,FALSE
3.28197041714493,1.22196764446825,5.34197318982162,0.00212296675151914,4.12000554535337,TRUE,TRUE,FALSE
2.19132909356097,-0.0265365361312084,4.40919472325314,0.0527439676152437,4.43573125938435,FALSE,TRUE,FALSE
3.71112311067561,1.91989368714903,5.50235253420219,8.62360265478823e-05,3.58245884705316,TRUE,TRUE,TRUE
3.5111639743938,1.59298076268368,5.42934718610392,0.000463180553560246,3.83636642342024,TRUE,TRUE,TRUE
3.8599629640122,1.45456510828524,6.26536081973917,0.00197797343392652,4.81079571145393,TRUE,TRUE,FALSE
4.2277943031357,2.11808501975373,6.33750358651767,0.00014010018286345,4.21941856676394,TRUE,TRUE,FALSE
2.09026864120057,-0.0555945201969057,4.23613180259805,0.0561020477747218,4.29172632279495,FALSE,TRUE,FALSE
2.70904682431172,0.34868560134793,5.06940804727551,0.0249714019722077,4.72072244592758,TRUE,TRUE,FALSE
2.65187885396548,0.583290975403405,4.72046673252756,0.0125810945140628,4.13717575712416,TRUE,TRUE,FALSE
2.65495979690245,0.593764624527399,4.7161549692775,0.0121809942125073,4.1223903447501,TRUE,TRUE,FALSE
4.0889223636819,1.68169102761416,6.49615369974965,0.00109773634850298,4.81446267213549,TRUE,TRUE,FALSE
3.92250471365433,1.89011121335532,5.95489821395334,0.000235163932398605,4.06478700059802,TRUE,TRUE,FALSE
3.4821870364051,1.36758012526935,5.59679394754085,0.001523846802091,4.2292138222715,TRUE,TRUE,FALSE
3.35565162316538,1.3268887836117,5.38441446271905,0.00145561140519511,4.05752567910734,TRUE,TRUE,FALSE
4.27852752656436,2.33579330634927,6.22126174677945,3.30436383577925e-05,3.88546844043019,TRUE,TRUE,TRUE
3.84231192724462,1.7592640394475,5.92535981504174,0.000421345790968529,4.16609577559424,TRUE,TRUE,FALSE
3.54082388865896,1.62616547518949,5.45548230212843,0.000408046622880759,3.82931682693894,TRUE,TRUE,TRUE
2.40421843647734,0.282152508980101,4.52628436397457,0.0268423561525025,4.24413185499447,TRUE,TRUE,FALSE
1.9823947135166,0.0552150330983889,3.9095743939348,0.0439199751722431,3.85435936083642,TRUE,TRUE,TRUE
2.91899534562001,1.02784162562258,4.81014906561743,0.0028692078582417,3.78230743999485,TRUE,TRUE,TRUE
2.46221452814404,0.4914761092638,4.43295294702427,0.0149288629311424,3.94147683776047,TRUE,TRUE,TRUE
3.38783396924421,1.1729124223924,5.60275551609602,0.0031188490698895,4.42984309370362,TRUE,TRUE,FALSE
2.16762075237251,-0.0591684824960317,4.39440998724105,0.0562662499380357,4.45357846973708,FALSE,TRUE,FALSE
2.61350545270603,0.856622778642228,4.37038812676984,0.00399652544508118,3.51376534812761,TRUE,TRUE,TRUE
3.49575456662328,1.63700643139924,5.35450270184732,0.000329882224483639,3.71749627044808,TRUE,TRUE,TRUE
2.77397601444831,0.908445799321986,4.63950622957464,0.00401098851881519,3.73106043025266,TRUE,TRUE,TRUE
3.06213944157217,1.18960898721806,4.93466989592627,0.00163665625126721,3.74506090870821,TRUE,TRUE,TRUE
6.32254657369197,4.09247699413588,8.55261615324807,2.08085293390049e-07,4.46013915911219,TRUE,FALSE,FALSE
1.99904326189711,-0.0232338323735179,4.02132035616773,0.0526324189832305,4.04455418854125,FALSE,TRUE,FALSE
3.53710605318471,1.23951615610475,5.83469595026467,0.00293907970736353,4.59517979415992,TRUE,TRUE,FALSE
3.83627687578283,1.89657072342452,5.77598302814114,0.000168542662384574,3.87941230471662,TRUE,TRUE,TRUE
3.94673258939639,1.95270413425229,5.94076104454048,0.000166759182044146,3.98805691028819,TRUE,TRUE,TRUE
1.98138914426578,-0.314228144475636,4.27700643300719,0.0898157168267045,4.59123457748283,FALSE,TRUE,FALSE
3.61097892929429,1.37389306769562,5.84806479089295,0.00186617396609334,4.47417172319733,TRUE,TRUE,FALSE
4.17580817293943,2.18364704781292,6.16796929806594,7.23194363007575e-05,3.98432225025302,TRUE,TRUE,TRUE
3.60378318123973,1.73715877059195,5.4704075918875,0.000234109739711246,3.73324882129554,TRUE,TRUE,TRUE
4.57514436409053,2.41304675874291,6.73724196943815,6.2531364764253e-05,4.32419521069524,TRUE,TRUE,FALSE
2.8848850803766,1.28480162100171,4.4849685397515,0.000556389079013159,3.20016691874979,TRUE,TRUE,TRUE
2.8033807213065,0.546437242361442,5.06032420025156,0.0155036354972534,4.51388695789012,TRUE,TRUE,FALSE
1.94685870857853,-0.241416113774503,4.13513353093157,0.080518899284694,4.37654964470607,FALSE,TRUE,FALSE
4.2199484955612,2.34553571952214,6.09436127160026,2.28507052011855e-05,3.74882555207812,TRUE,TRUE,TRUE
2.80489831742498,0.859746694198513,4.75004994065144,0.00520446725230534,3.89030324645293,TRUE,TRUE,TRUE
4.49885090625363,2.3939857479507,6.60371606455655,5.34944644996683e-05,4.20973031660585,TRUE,TRUE,FALSE
3.40829327674384,1.16641170844421,5.65017484504346,0.00329568620843149,4.48376313659925,TRUE,TRUE,FALSE
2.0981591065373,0.13900741037324,4.05731080270137,0.0361081496080823,3.91830339232813,TRUE,TRUE,TRUE
1.50920950513202,-0.64496003574139,3.66337904600544,0.167341868853743,4.30833908174683,FALSE,TRUE,FALSE
1.23461867342408,-0.827393406880161,3.29663075372832,0.237294209780608,4.12402416060848,FALSE,TRUE,FALSE
5.00728418703035,2.96753703508791,7.0470313389728,4.71944459579349e-06,4.07949430388489,TRUE,TRUE,FALSE
0.959004282301278,-0.937657226518189,2.85566579112075,0.317734473203887,3.79332301763893,FALSE,FALSE,TRUE
4.97298549877021,2.92040956193705,7.02556143560336,6.07889749152104e-06,4.10515187366631,TRUE,TRUE,FALSE
1.49422563761518,-0.549149344582475,3.53760061981283,0.149721410826967,4.08674996439531,FALSE,TRUE,FALSE
3.84361491161274,1.69644650792438,5.99078331530109,0.000605882127872194,4.29433680737672,TRUE,TRUE,FALSE
2.27051997417458,0.186558038989052,4.35448190936011,0.0330789336698164,4.16792387037106,TRUE,TRUE,FALSE
1.66866269770888,-0.524507884545233,3.86183327996299,0.134111916519922,4.38634116450822,FALSE,TRUE,FALSE
1.90755468472066,-0.174489373086599,3.98959874252792,0.0720449980274133,4.16408811561452,FALSE,TRUE,FALSE
2.38458845964969,0.517369253689469,4.25180766560991,0.0129110993698144,3.73443841192044,TRUE,TRUE,TRUE
3.22165620312409,1.59250377353555,4.85080863271263,0.000168847680675453,3.25830485917708,TRUE,TRUE,TRUE
1.90149944593481,-0.16663510464684,3.96963399651645,0.0710642046666763,4.13626910116329,FALSE,TRUE,FALSE
4.47086678739571,2.19638034584666,6.74535322894477,0.00018346836117122,4.54897288309811,TRUE,TRUE,FALSE
3.11407664133226,1.02141425769933,5.20673902496519,0.0039845625562533,4.18532476726586,TRUE,TRUE,FALSE
3.13037829671267,1.16412564571201,5.09663094771334,0.00213776727627074,3.93250530200133,TRUE,TRUE,TRUE
2.95340848972115,0.704684363910891,5.20213261553141,0.0106393025827295,4.49744825162051,TRUE,TRUE,FALSE
3.57724301032113,1.12701559318637,6.02747042745588,0.00469301728995442,4.9004548342695,TRUE,TRUE,FALSE
3.79813006038853,1.56715726105392,6.02910285972314,0.00107102000799284,4.46194559866922,TRUE,TRUE,FALSE
3.2143094379708,1.46372498926271,4.96489388667889,0.000445898354987372,3.50116889741618,TRUE,TRUE,TRUE
3.94681085810775,1.7704330272366,6.1231886889789,0.000518821406320241,4.35275566174229,TRUE,TRUE,FALSE
2.57706195864609,0.74523181965646,4.40889209763572,0.00635658509407474,3.66366027797926,TRUE,TRUE,TRUE
1.62981928706373,-0.634464376530679,3.89410295065814,0.156131851766272,4.52856732718882,FALSE,TRUE,FALSE
4.50678673942107,2.39039444564631,6.62317903319582,5.66866687507349e-05,4.2327845875495,TRUE,TRUE,FALSE
2.15317167136874,-0.201508763333392,4.50785210607087,0.0725869059878625,4.70936086940426,FALSE,TRUE,FALSE
2.80610867616534,0.765877477546619,4.84633987478406,0.0075792148726674,4.08046239723744,TRUE,TRUE,FALSE
4.86584530847372,3.0226694036409,6.70902121330654,1.06021941041643e-06,3.68635180966564,TRUE,FALSE,TRUE
2.6994049798682,0.763910013158482,4.63489994657791,0.00680555585266493,3.87098993341943,TRUE,TRUE,TRUE
2.8762492014555,0.864969392337811,4.88752901057319,0.00557198256838486,4.02255961823538,TRUE,TRUE,FALSE
3.455765219478,1.60529181239511,5.30623862656088,0.000360849064440792,3.70094681416577,TRUE,TRUE,TRUE
3.50049033678256,1.35802671356881,5.64295395999631,0.00165132805076149,4.2849272464275,TRUE,TRUE,FALSE
3.35375656439976,1.24980424345768,5.45770888534184,0.0021120757464804,4.20790464188416,TRUE,TRUE,FALSE
3.59866456201911,1.64438116773801,5.55294795630022,0.000430335140453208,3.90856678856222,TRUE,TRUE,TRUE
2.27974986028857,0.112334967660891,4.44716475291624,0.0394766371085755,4.33482978525535,TRUE,TRUE,FALSE
1.16278736219601,-1.11276907384316,3.43834379823519,0.31265813734233,4.55111287207835,FALSE,TRUE,FALSE
4.81749152823346,2.70583549606315,6.92914756040377,1.81883549245939e-05,4.22331206434062,TRUE,TRUE,FALSE
3.46146041619001,1.62090281664453,5.30201801573548,0.000329983746602623,3.68111519909096,TRUE,TRUE,TRUE
2.53131005356153,0.253078870702266,4.80954123642078,0.0298406329289575,4.55646236571852,TRUE,TRUE,FALSE
3.03443460776348,0.985588537699547,5.08328067782741,0.00415213790879573,4.09769214012786,TRUE,TRUE,FALSE
3.03217471892292,0.90467487406589,5.15967456377995,0.0057273656850588,4.25499968971406,TRUE,TRUE,FALSE
3.15906322509462,1.1682322894759,5.14989416071334,0.00220747616606224,3.98166187123744,TRUE,TRUE,TRUE
2.35378515972888,0.137280645462959,4.57028967399481,0.0376640817342377,4.43300902853185,TRUE,TRUE,FALSE
4.16068563555582,2.10770150356333,6.21366976754832,0.000119249717233849,4.10596826398498,TRUE,TRUE,FALSE
3.36986520939875,1.4481034339908,5.29162698480669,0.000770126092172238,3.84352355081589,TRUE,TRUE,TRUE
3.69598977553264,1.93577590104166,5.45620365002362,7.0440346951373e-05,3.52042774898196,TRUE,TRUE,TRUE
1.99473646976932,-0.223274997804674,4.21274793734332,0.0773416175770463,4.43602293514799,FALSE,TRUE,FALSE
4.37327473809877,2.3247716687204,6.42177780747714,5.44843385736316e-05,4.09700613875674,TRUE,TRUE,FALSE
1.74853123592931,-0.505304019402284,4.00236649126091,0.126724128796212,4.50767051066319,FALSE,TRUE,FALSE
3.53699696583076,1.69559665765758,5.37839727400394,0.000250555868607142,3.68280061634636,TRUE,TRUE,TRUE
4.21480101305287,2.24458898100079,6.18501304510495,5.27504717251363e-05,3.94042406410416,TRUE,TRUE,TRUE
3.28149543258914,1.20957538488266,5.35341548029562,0.0022484461980531,4.14384009541297,TRUE,TRUE,FALSE
2.33439074863898,0.39706634411075,4.27171515316721,0.0187604399430549,3.87464880905646,TRUE,TRUE,TRUE
1.12186896282001,-0.934880875677655,3.17861880131768,0.28133396173963,4.11349967699534,FALSE,TRUE,FALSE
4.40219735268107,2.07359943790876,6.73079526745337,0.000308569535842456,4.65719582954461,TRUE,TRUE,FALSE
3.67875444050267,1.37128738283294,5.98622149817241,0.00210876947961441,4.61493411533947,TRUE,TRUE,FALSE
2.51693880995546,0.421814158959988,4.61206346095093,0.0191086487608553,4.19024930199094,TRUE,TRUE,FALSE
1.20889014614224,-0.782878958141273,3.20065925042576,0.230984202722052,3.98353820856703,FALSE,TRUE,TRUE
3.85743419660188,1.54102669017249,6.17384170303127,0.00135633939605602,4.63281501285878,TRUE,TRUE,FALSE
2.1180589567195,0.253666752681398,3.9824511607576,0.0264399397772318,3.7287844080762,TRUE,TRUE,TRUE
2.47945007969741,0.389440004861722,4.56946015453311,0.0206111788564359,4.18002014967138,TRUE,TRUE,FALSE
4.62584720777668,2.54908432609783,6.70261008945554,2.7370545546496e-05,4.15352576335771,TRUE,TRUE,FALSE
2.45660570856978,0.468774135961916,4.44443728117764,0.0160167780975163,3.97566314521573,TRUE,TRUE,TRUE
3.1970214597999,1.26058176070371,5.1334611588961,0.0014838194685547,3.8728793981924,TRUE,TRUE,TRUE
2.31600622485303,0.167745493878546,4.46426695582751,0.0349173720494706,4.29652146194896,TRUE,TRUE,FALSE
1.77701063788475,-0.425862233819389,3.97988350958889,0.112495064919431,4.40574574340827,FALSE,TRUE,FALSE
4.63457336671418,2.56478467649397,6.70436205693439,2.50564541695782e-05,4.13957738044042,TRUE,TRUE,FALSE
2.89940741605964,0.905267231421678,4.89354760069761,0.00485840916686812,3.98828036927593,TRUE,TRUE,TRUE
1.91307684736288,-0.291258961549891,4.11741265627564,0.0880906523638183,4.40867161782554,FALSE,TRUE,FALSE
4.48807509642503,2.35291296840714,6.62323722444292,6.92988638382598e-05,4.27032425603578,TRUE,TRUE,FALSE
2.56436160626438,0.665403078839184,4.46332013368958,0.00869982256983128,3.79791705485039,TRUE,TRUE,TRUE
4.50130372221525,2.15143503577659,6.85117240865392,0.000259816630370391,4.69973737287733,TRUE,TRUE,FALSE
0.924935204862798,-0.885676162314076,2.73554657203967,0.312798407029272,3.62122273435375,FALSE,FALSE,TRUE
3.19891688689414,1.15575822599302,5.24207554779526,0.00251028934470702,4.08631732180224,TRUE,TRUE,FALSE
4.23227089149394,2.37875546707583,6.08578631591206,1.79138118115492e-05,3.70703084883623,TRUE,TRUE,TRUE
2.80916212881738,0.802184374869126,4.81613988276563,0.00661674073445134,4.0139555078965,TRUE,TRUE,FALSE
3.02861889369521,0.460673994324089,5.59656379306634,0.0213412740697268,5.13588979874225,TRUE,TRUE,FALSE
3.15390798180587,1.08586497071039,5.22195099290135,0.00320323050733378,4.13608602219095,TRUE,TRUE,FALSE
1.48905862636045,-0.518768692729154,3.49688594545005,0.144096363403138,4.0156546381792,FALSE,TRUE,FALSE
2.20483859712661,-0.0752587747536593,4.48493596900688,0.0578802891082666,4.56019474376054,FALSE,TRUE,FALSE
3.11570182605571,0.809443644878839,5.42196000723258,0.00867252665446188,4.61251636235374,TRUE,TRUE,FALSE
2.43934970651645,0.61021623357852,4.26848317945438,0.00953566528405276,3.65826694587586,TRUE,TRUE,TRUE
3.19027875008111,1.13689110706073,5.24366639310149,0.00269909944161341,4.10677528604076,TRUE,TRUE,FALSE
1.36250576584304,-0.892414701290261,3.61742623297635,0.233053539612084,4.50984093426661,FALSE,TRUE,FALSE
1.99389826010434,0.245845325374029,3.74195119483465,0.0258545224324619,3.49610586946062,TRUE,TRUE,TRUE
2.03803421735689,0.312704667987715,3.76336376672607,0.0211445084620153,3.45065909873835,TRUE,TRUE,TRUE
4.07550370104917,1.89730681342076,6.25370058867759,0.000352280365927558,4.35639377525683,TRUE,TRUE,FALSE
1.46659074172179,-0.460012898450781,3.39319438189437,0.13391697105843,3.85320728034515,FALSE,TRUE,TRUE
3.14188122388753,1.1062546627478,5.17750778502727,0.00287012047500741,4.07125312227947,TRUE,TRUE,FALSE
3.28827068162198,1.40913688444542,5.16740447879854,0.000788619104165671,3.75826759435312,TRUE,TRUE,TRUE
3.88987488502186,1.82907361228607,5.95067615775766,0.000314824707952072,4.1216025454716,TRUE,TRUE,FALSE
2.38744672417429,0.427545970539419,4.34734747780915,0.0175404592599715,3.91980150726974,TRUE,TRUE,TRUE
5.27353249242111,3.26194949077781,7.28511549406441,1.23215562851319e-06,4.0231660032866,TRUE,FALSE,FALSE
2.99376886493548,1.15773420252071,4.82980352735025,0.00168559185829726,3.67206932482954,TRUE,TRUE,TRUE
1.79817642030707,-0.426775779682022,4.02312862029617,0.111834398328457,4.44990439997819,FALSE,TRUE,FALSE
3.83859847653876,1.91648849928535,5.76070845379217,0.000147101615403168,3.84421995450682,TRUE,TRUE,TRUE
3.05655784511912,0.835298275172557,5.27781741506569,0.00755150092693634,4.44251913989313,TRUE,TRUE,FALSE
3.02270924002366,0.85618356698204,5.18923491306529,0.00678639903842257,4.33305134608325,TRUE,TRUE,FALSE
2.65224782753846,0.564380063946718,4.7401155911302,0.0133800287698033,4.17573552718348,TRUE,TRUE,FALSE
3.24242370276795,1.28118334423744,5.20366406129846,0.00146281783369634,3.92248071706102,TRUE,TRUE,TRUE
3.80185475401013,1.65795400695532,5.94575550106494,0.000676535015024785,4.28780149410962,TRUE,TRUE,FALSE
2.75019307062441,0.737308804004976,4.76307733724385,0.00797087362389357,4.02576853323888,TRUE,TRUE,FALSE
4.0767978581771,2.01352404487785,6.14007167147636,0.000170775282078096,4.12654762659851,TRUE,TRUE,FALSE
1.24577711470891,-0.794182121362469,3.28573635078028,0.228142964660802,4.07991847214275,FALSE,TRUE,FALSE
3.12861930764439,0.888225520998384,5.3690130942904,0.0067381467232674,4.48078757329202,TRUE,TRUE,FALSE
4.04674702611447,1.90328047710215,6.19021357512679,0.000313986544629913,4.28693309802463,TRUE,TRUE,FALSE
4.61421720253799,2.67520072779368,6.55323367728229,8.52288007216029e-06,3.87803294948861,TRUE,TRUE,TRUE
0.774766601373355,-1.23964662497625,2.78917982772296,0.446712533191941,4.0288264526992,FALSE,FALSE,FALSE
1.93070704514988,0.0885401490665172,3.77287394123324,0.0401710441097895,3.68433379216672,TRUE,TRUE,TRUE
2.815615231956,0.880370382036923,4.75086008187508,0.00483185502147529,3.87048969983816,TRUE,TRUE,TRUE
1.81321821943083,-0.274742240209323,3.90117867907097,0.0878941823943429,4.1759209192803,FALSE,TRUE,FALSE
5.11495091835289,2.78331035558137,7.44659148112441,3.52385062811825e-05,4.66328112554304,TRUE,TRUE,FALSE
3.12246036095039,0.883221848884342,5.36169887301645,0.00681529145942859,4.4784770241321,TRUE,TRUE,FALSE
4.71339992961416,2.68588923314157,6.74091062608675,1.30477693759563e-05,4.05502139294518,TRUE,TRUE,FALSE
3.09336643906448,0.734772629518381,5.45196024861058,0.010745205731648,4.7171876190922,TRUE,TRUE,FALSE
2.3961302707387,0.37936801372187,4.41289252775553,0.0204282029522662,4.03352451403366,TRUE,TRUE,FALSE
4.26092636279143,2.30346424662663,6.21838847895623,3.99792093535789e-05,3.9149242323296,TRUE,TRUE,TRUE
1.31570927312613,-0.764297503048996,3.39571604930126,0.212057697409197,4.16001355235025,FALSE,TRUE,FALSE
1.38547871761553,-0.31705448987213,3.08801192510319,0.109412951712785,3.40506641497532,FALSE,TRUE,TRUE
2.62466931076383,0.595163657846033,4.65417496368164,0.0118494234643039,4.0590113058356,TRUE,TRUE,FALSE
2.73318646185612,0.996498972803745,4.4698739509085,0.00238963050700253,3.47337497810475,TRUE,TRUE,TRUE
1.15447724426472,-0.888678476816391,3.19763296534582,0.26452979422593,4.08631144216221,FALSE,TRUE,FALSE
3.18098235594278,0.920493090630399,5.44147162125516,0.00634276304997757,4.52097853062476,TRUE,TRUE,FALSE
1.01079967864016,-1.41587128838722,3.43747064566753,0.410033826894226,4.85334193405475,FALSE,TRUE,FALSE
2.98841033321234,1.17871653463713,4.79810413178754,0.00148051364876015,3.6193875971504,TRUE,TRUE,TRUE
2.12388108216217,0.0292259819644851,4.21853618235985,0.0469548074784101,4.18931020039537,TRUE,TRUE,FALSE
2.42898789521657,0.261074325786758,4.59690146464639,0.0285262780316404,4.33582713885963,TRUE,TRUE,FALSE
4.14394175062969,2.09487741134586,6.19300608991352,0.000122954131951654,4.09812867856766,TRUE,TRUE,FALSE
3.56213963042079,1.37283874569939,5.75144051514219,0.00172260673934723,4.37860176944281,TRUE,TRUE,FALSE
4.1473538815022,1.9101841421612,6.38452362084321,0.000395803879565765,4.47433947868201,TRUE,TRUE,FALSE
3.96030925149558,1.72975111378441,6.19086738920675,0.000667076085586115,4.46111627542234,TRUE,TRUE,FALSE
2.72502200940438,0.548141924456265,4.9019020943525,0.0147422871072378,4.35376016989624,TRUE,TRUE,FALSE
3.06579527893478,1.21525949168571,4.91633106618386,0.00143141841350444,3.70107157449815,TRUE,TRUE,TRUE
4.63588398240455,2.58935245230834,6.68241551250076,2.05655972669814e-05,4.09306306019242,TRUE,TRUE,FALSE
3.65621564630273,1.3733177179564,5.93911357464907,0.002016557745106,4.56579585669267,TRUE,TRUE,FALSE
1.92410934573657,-0.274218014404572,4.12243670587772,0.0854616392214764,4.39665472028229,FALSE,TRUE,FALSE
1.41049945368157,-0.671722122887163,3.4927210302503,0.181697989357794,4.16444315313747,FALSE,TRUE,FALSE
0.819882931577456,-1.28143977845402,2.92120564160893,0.44018785057254,4.20264542006294,FALSE,FALSE,FALSE
3.64967961659289,1.43999133669788,5.8593678964879,0.00147738875637733,4.41937655979001,TRUE,TRUE,FALSE
3.84134829221539,1.78586838649149,5.8968281979393,0.000357609226302243,4.11095981144782,TRUE,TRUE,FALSE
1.22132396636386,-0.735539240922609,3.17818717365033,0.218156177530675,3.91372641457294,FALSE,TRUE,TRUE
3.68725903309885,1.51491298721375,5.85960507898396,0.0011064413404678,4.34469209177021,TRUE,TRUE,FALSE
4.06168992868625,2.22313181990906,5.90024803746343,3.13925126019145e-05,3.67711621755437,TRUE,TRUE,TRUE
1.81125646623583,-0.370488722186329,3.99300165465799,0.102544484730166,4.36349037684432,FALSE,TRUE,FALSE
3.35783192769977,1.4023793022362,5.31328455316333,0.00097459952365373,3.91090525092713,TRUE,TRUE,TRUE
2.13883673177564,0.122235234835103,4.15543822871619,0.037896858230475,4.03320299388108,TRUE,TRUE,FALSE
0.772177560113621,-1.09853242402909,2.64288754425633,0.41426238459351,3.74141996828542,FALSE,FALSE,TRUE
4.81774237020311,2.78676919992657,6.84871554047964,9.03816329121639e-06,4.06194634055307,TRUE,TRUE,FALSE
1.6713150036385,-0.587521920762877,3.93015192803989,0.145020807294108,4.51767384880276,FALSE,TRUE,FALSE
2.36364627674056,0.548496531230435,4.17879602225069,0.0112981605400662,3.63029949102025,TRUE,TRUE,TRUE
1.7331040779735,-0.440729098563158,3.90693725451017,0.116694325119277,4.34766635307332,FALSE,TRUE,FALSE
2.66421146676061,0.543395459206893,4.78502747431433,0.0144063167580914,4.24163201510743,TRUE,TRUE,FALSE
3.31016820794526,1.19260404153898,5.42773237435155,0.00254819296197793,4.23512833281258,TRUE,TRUE,FALSE
3.44135111215449,1.34867703012631,5.53402519418266,0.00154549665792614,4.18534816405635,TRUE,TRUE,FALSE
1.7376985845712,-0.42322614549857,3.89862331464097,0.113611905987715,4.32184946013954,FALSE,TRUE,FALSE
2.1470009622749,0.105330835066281,4.18867108948351,0.0395203018443961,4.08334025441723,TRUE,TRUE,FALSE
3.816064110205,1.80552469784161,5.82660352256839,0.000293059516759976,4.02107882472678,TRUE,TRUE,FALSE
3.75536326130551,1.92652550037985,5.58420102223118,9.84664954377243e-05,3.65767552185133,TRUE,TRUE,TRUE
3.23757284950338,0.987609220170557,5.48753647883621,0.00529620695718812,4.49992725866565,TRUE,TRUE,FALSE
2.65989380953337,0.686637402831853,4.63315021623488,0.00881661002799626,3.94651281340303,TRUE,TRUE,TRUE
3.89064753884436,1.78830374045196,5.99299133723676,0.000404486258394536,4.2046875967848,TRUE,TRUE,FALSE
3.17661662162165,1.23937272575269,5.1138605174906,0.00159170001940918,3.87448779173791,TRUE,TRUE,TRUE
3.88459385330532,1.80900569604853,5.96018201056212,0.000351042761586161,4.15117631451359,TRUE,TRUE,FALSE
2.05475345356915,-0.183009314819058,4.29251622195737,0.0714297261899371,4.47552553677642,FALSE,TRUE,FALSE
2.98801039409797,0.794395511130014,5.18162527706592,0.00815589475928678,4.38722976593591,TRUE,TRUE,FALSE
2.9260804493663,0.779928051369137,5.07223284736346,0.00809903250563574,4.29230479599433,TRUE,TRUE,FALSE
2.47950444650697,0.754334935172258,4.20467395784168,0.00534773178699868,3.45033902266943,TRUE,TRUE,TRUE
3.84396150789699,1.72880042565789,5.95912259013609,0.00050564521407227,4.2303221644782,TRUE,TRUE,FALSE
3.0724858459292,0.901596371832353,5.24337532002606,0.00605892580673911,4.3417789481937,TRUE,TRUE,FALSE
3.10436693339114,1.01303826289534,5.19569560388693,0.00407159935168021,4.1826573409916,TRUE,TRUE,FALSE
3.53112469191055,1.47126940421915,5.59097997960195,0.000992969136199007,4.1197105753828,TRUE,TRUE,FALSE
3.93963967412812,1.86817812293595,6.0111012253203,0.000285456384830046,4.14292310238435,TRUE,TRUE,FALSE
3.41750567935938,1.19876481298684,5.63624654573193,0.00292493937817927,4.4374817327451,TRUE,TRUE,FALSE
4.63837398326012,2.54681899050096,6.72992897601927,2.94547409472765e-05,4.18310998551831,TRUE,TRUE,FALSE
4.32481522222126,2.15086086883038,6.49876957561215,0.00015531464619921,4.34790870678177,TRUE,TRUE,FALSE
2.89870028071645,0.849030608045167,4.94836995338773,0.00609621192533779,4.09933934534256,TRUE,TRUE,FALSE
4.04369953372161,1.93565643796486,6.15174262947836,0.000255081040571916,4.2160861915135,TRUE,TRUE,FALSE
4.71574535282465,2.59497345535156,6.83651725029774,2.81711540055633e-05,4.24154379494617,TRUE,TRUE,FALSE
4.47532172808442,2.29239936220577,6.65824409396306,0.000100801076075908,4.36584473175729,TRUE,TRUE,FALSE
2.79700766943855,0.855930602685181,4.73808473619191,0.00523552689789228,3.88215413350673,TRUE,TRUE,TRUE
3.27066100464351,1.03748204392557,5.50383996536145,0.00456940985916807,4.46635792143589,TRUE,TRUE,FALSE
2.6601260790691,0.538593386701611,4.78165877143659,0.0145841480417132,4.24306538473498,TRUE,TRUE,FALSE
3.56614818268699,1.49788115484853,5.63441521052544,0.000931298621139144,4.13653405567692,TRUE,TRUE,FALSE
3.16477527581546,0.810079291228285,5.51947126040264,0.00900902473593138,4.70939196917436,TRUE,TRUE,FALSE
4.74599311572909,2.61062166248253,6.88136456897564,2.83917575464519e-05,4.2707429064931,TRUE,TRUE,FALSE
2.94473197502694,1.15045135324495,4.73901259680893,0.00157768781601349,3.58856124356398,TRUE,TRUE,TRUE
1.5397410306922,-0.361874843997169,3.44135690538157,0.111173793029122,3.80323174937874,FALSE,TRUE,TRUE
2.24128184680662,0.109265887767431,4.37329780584582,0.039582715913447,4.26403191807839,TRUE,TRUE,FALSE
5.75261532359028,3.69759286976118,7.80763777741939,2.81645756535188e-07,4.11004490765821,TRUE,FALSE,FALSE
2.97279796866996,0.7111461900321,5.23444974730782,0.010578412846752,4.52330355727572,TRUE,TRUE,FALSE
3.17511008470404,1.14254217183265,5.20767799757543,0.0025648695950616,4.06513582574278,TRUE,TRUE,FALSE
3.60599264087099,1.35904331743967,5.85294196430231,0.00197638432330405,4.49389864686264,TRUE,TRUE,FALSE
3.42488240592019,1.60386736433204,5.24589744750834,0.000329767963797797,3.6420300831763,TRUE,TRUE,TRUE
4.39864032256746,2.37227382410532,6.42500682102961,4.18179196162592e-05,4.05273299692429,TRUE,TRUE,FALSE
0.957996163042706,-0.97804843329235,2.89404075937776,0.328129443038918,3.87208919267011,FALSE,FALSE,TRUE
5.15980964976665,3.28163702141248,7.03798227812082,4.35854059911805e-07,3.75634525670834,TRUE,FALSE,TRUE
3.03830750208087,0.802146105546624,5.27446889861512,0.00831131438590427,4.47232279306849,TRUE,TRUE,FALSE
2.89729822218433,0.865072589727756,4.92952385464091,0.00571277777436729,4.06445126491315,TRUE,TRUE,FALSE
4.68929151976025,2.61099477689496,6.76758826262555,2.20064096338632e-05,4.15659348573059,TRUE,TRUE,FALSE
3.67902449847545,1.60342640975607,5.75462258719482,0.000680196664477252,4.15119617743875,TRUE,TRUE,FALSE
2.65934137999454,0.319237164975875,4.9994455950132,0.0263933371540621,4.68020843003732,TRUE,TRUE,FALSE
4.39933372178398,2.08618788128679,6.71247956228116,0.000285419802681912,4.62629168099437,TRUE,TRUE,FALSE
4.02934266271761,2.05467921185612,6.00400611357909,0.000108003796959638,3.94932690172297,TRUE,TRUE,TRUE
3.83148397772143,1.49672912147701,6.16623883396586,0.00157879329961943,4.66950971248885,TRUE,TRUE,FALSE
1.99710724893827,-0.171420802183754,4.1656353000603,0.0706061170405454,4.33705610224405,FALSE,TRUE,FALSE
1.54291114199034,-0.261867244539689,3.34768952852036,0.0928632142964014,3.60955677306005,FALSE,TRUE,TRUE
0.96817535101789,-1.09113515560037,3.02748585763615,0.35269802986271,4.11862101323651,FALSE,TRUE,FALSE
3.18780918716626,1.36416604845476,5.01145232587775,0.000798129235228756,3.64728627742299,TRUE,TRUE,TRUE
3.76799163548301,1.79036828614375,5.74561498482227,0.000278780178515251,3.95524669867851,TRUE,TRUE,TRUE
3.35558686406181,1.25633266584817,5.45484106227545,0.00205534542548341,4.19850839642728,TRUE,TRUE,FALSE
2.50291763276066,0.389824476140824,4.6160107893805,0.0208039726009992,4.22618631323967,TRUE,TRUE,FALSE
3.43580044220116,1.33827934195019,5.53332154245213,0.00160899396588603,4.19504220050195,TRUE,TRUE,FALSE
3.73231979916459,1.44761919677261,6.01702040155656,0.00165387826199043,4.56940120478395,TRUE,TRUE,FALSE
3.19689874006621,0.963819215645089,5.42997826448733,0.00552292353314934,4.46615904884224,TRUE,TRUE,FALSE
3.81506155773203,2.02729069929189,5.60283241617216,5.48404754355944e-05,3.57554171688026,TRUE,TRUE,TRUE
1.783302746192,-0.429523089066353,3.99612858145035,0.112840187984827,4.4256516705167,FALSE,TRUE,FALSE
3.66295574414185,1.6478570459452,5.67805444233849,0.000504239368971635,4.03019739639329,TRUE,TRUE,FALSE
4.26920441605306,1.94163934017963,6.59676949192649,0.000451744690283975,4.65513015174686,TRUE,TRUE,FALSE
1.87634655265112,-0.185684749737866,3.9383778550401,0.0739700853467462,4.12406260477796,FALSE,TRUE,FALSE
3.44159425168927,1.17977394337883,5.70341455999971,0.00326992008943376,4.52364061662088,TRUE,TRUE,FALSE
1.22761620752735,-0.933693115747672,3.38892553080236,0.262061095974533,4.32261864655003,FALSE,TRUE,FALSE
3.60548418765408,1.47876035075637,5.7322080245518,0.00112093509478314,4.25344767379542,TRUE,TRUE,FALSE
2.50306318590738,0.386581876734867,4.6195444950799,0.0209956108049628,4.23296261834503,TRUE,TRUE,FALSE
3.74205747340517,1.46719104277095,6.0169239040394,0.00154084858374159,4.54973286126845,TRUE,TRUE,FALSE
3.9046508324642,1.72374791978596,6.08555374514244,0.00060469377935181,4.36180582535648,TRUE,TRUE,FALSE
3.01454700558421,0.891224660444066,5.13786935072436,0.00590906268394515,4.24664469028029,TRUE,TRUE,FALSE
2.66343998207969,0.542483692598271,4.7843962715611,0.0144399785960407,4.24191257896283,TRUE,TRUE,FALSE
1.94086370193086,-0.18005042445286,4.06177782831459,0.0723768873192597,4.24182825276745,FALSE,TRUE,FALSE
2.57429033733697,0.622291785620906,4.52628888905304,0.0103325795024383,3.90399710343213,TRUE,TRUE,TRUE
3.46708647652109,1.23081534475205,5.70335760829013,0.0027529093503876,4.47254226353808,TRUE,TRUE,FALSE
5.11940252248143,3.09436955051945,7.14443549444341,2.63098812165793e-06,4.05006594392396,TRUE,FALSE,FALSE
3.50823325595013,1.29176262920314,5.72470388269712,0.00226210571988844,4.43294125349397,TRUE,TRUE,FALSE
3.34164414236673,1.44696968884061,5.23631859589284,0.000720618130210226,3.78934890705223,TRUE,TRUE,TRUE
2.83187353862466,0.615466234292886,5.04828084295644,0.012869806009247,4.43281460866355,TRUE,TRUE,FALSE
4.62270176262165,2.35844845539166,6.88695506985165,0.000107172283645503,4.52850661445999,TRUE,TRUE,FALSE
3.86779798921044,1.56654168129197,6.1690542971289,0.00122994502714693,4.60251261583693,TRUE,TRUE,FALSE
4.07356487669474,2.15909315764779,5.9880365957417,5.73944736614919e-05,3.82894343809391,TRUE,TRUE,TRUE
3.57060433822043,1.5133775792583,5.62783109718256,0.00086504889345314,4.11445351792426,TRUE,TRUE,FALSE
4.06760231223818,1.89418716249216,6.24101746198419,0.000351131527909175,4.34683029949204,TRUE,TRUE,FALSE
4.08307363023103,1.99022615100502,6.17592110945705,0.000203292768386035,4.18569495845203,TRUE,TRUE,FALSE
3.70844217114656,1.57775095689645,5.83913338539666,0.000838287833976842,4.26138242850021,TRUE,TRUE,FALSE
3.05338668257933,0.980199507246641,5.12657385791202,0.00435648947189968,4.14637435066538,TRUE,TRUE,FALSE
0.899182914789683,-1.08717487779669,2.88554070737606,0.370785717758942,3.97271558517275,FALSE,FALSE,TRUE
2.45251904852369,0.410793666779554,4.49424443026782,0.0191214389071565,4.08345076348826,TRUE,TRUE,FALSE
4.95977346323485,2.58965646175721,7.32989046471249,7.4177836476634e-05,4.74023400295529,TRUE,TRUE,FALSE
3.57066675462453,1.22357453021965,5.91775897902941,0.00327553373637056,4.69418444880976,TRUE,TRUE,FALSE
3.15335176474101,0.95799665835791,5.34870687112412,0.00537466075756948,4.39071021276621,TRUE,TRUE,FALSE
4.27274028083827,2.12736746289636,6.41811309878018,0.000152891232132141,4.29074563588382,TRUE,TRUE,FALSE
1.94317455779085,-0.448996456471023,4.33534557205272,0.11004534997928,4.78434202852375,FALSE,TRUE,FALSE
1.62116171292259,-0.453431886292264,3.69575531213744,0.124026787895156,4.1491871984297,FALSE,TRUE,FALSE
3.27970246933507,1.29327047930229,5.26613445936785,0.00148314151522915,3.97286398006557,TRUE,TRUE,TRUE
5.38555409654522,3.32651815754612,7.44459003554431,1.29424416947861e-06,4.11807187799819,TRUE,FALSE,FALSE
1.57052389312628,-0.352327257106712,3.49337504335928,0.108133315306263,3.84570230046599,FALSE,TRUE,TRUE
3.06347156940254,0.945644659023003,5.18129847978208,0.00507114974214363,4.23565382075908,TRUE,TRUE,FALSE
2.18282373312944,-0.0656195638052623,4.43126703006415,0.0569169888300431,4.49688659386941,FALSE,TRUE,FALSE
2.54451068972744,0.518705799593412,4.57031557986147,0.0144191720288241,4.05160978026806,TRUE,TRUE,FALSE
4.85348866109503,2.97924465798912,6.72773266420093,1.5998282004199e-06,3.74848800621181,TRUE,TRUE,TRUE
2.88264666022819,1.04196792549557,4.7233253949608,0.00250412743505981,3.68135746946524,TRUE,TRUE,TRUE
1.8048139279191,-0.441426475128423,4.05105433096662,0.113906032585661,4.49248080609504,FALSE,TRUE,FALSE
2.82186643074941,0.962315737080002,4.68141712441881,0.003350582727194,3.71910138733881,TRUE,TRUE,TRUE
2.822756006684,0.769019681282743,4.87649233208526,0.00761881152889693,4.10747265080251,TRUE,TRUE,FALSE
0.260238000764542,-1.97925001057217,2.49972601210125,0.817904074001651,4.47897602267343,FALSE,FALSE,FALSE
1.20604126634774,-0.895688027747348,3.30777056044284,0.257225470568502,4.20345858819018,FALSE,TRUE,FALSE
4.91104220121703,3.00616325559565,6.81592114683841,1.75555981900299e-06,3.80975789124275,TRUE,FALSE,TRUE
3.11594412463597,0.905038857264216,5.32684939200772,0.00626654720920691,4.4218105347435,TRUE,TRUE,FALSE
3.61505244902315,1.46734560585896,5.76275929218734,0.00121072518709873,4.29541368632839,TRUE,TRUE,FALSE
5.72877768493645,3.25725032501435,8.20030504485855,1.37501669316965e-05,4.94305471984419,TRUE,FALSE,FALSE
4.14486970330929,2.31618363339746,5.97355577322112,2.03566844783098e-05,3.65737213982366,TRUE,TRUE,TRUE
3.08359769368861,1.02303410220583,5.1441612851714,0.00379322832639661,4.12112718296557,TRUE,TRUE,FALSE
2.24122970513958,0.428841307509975,4.05361810276918,0.0159511298069028,3.6247767952592,TRUE,TRUE,TRUE
3.13351734417435,1.20789899168344,5.05913569666526,0.00172034739607,3.85123670498182,TRUE,TRUE,TRUE
3.32833540382178,1.3059193760229,5.35075143162066,0.00153348787448859,4.04483205559776,TRUE,TRUE,FALSE
2.7637671314619,0.659663056840789,4.86787120608301,0.0106311832620125,4.20820814924222,TRUE,TRUE,FALSE
3.06580049737295,0.947517134332062,5.18408386041384,0.00504824822679901,4.23656672608178,TRUE,TRUE,FALSE
2.69748567427888,0.285242615867067,5.1097287326907,0.0288282181834165,4.82448611682363,TRUE,TRUE,FALSE
3.95438276080166,2.11533372484278,5.79343179676054,4.86552602213173e-05,3.67809807191776,TRUE,TRUE,TRUE
2.35072666441342,0.237300728516407,4.46415260031042,0.0296693241710351,4.22685187179402,TRUE,TRUE,FALSE
3.15268550023095,1.29008926440734,5.01528173605456,0.0011403509490959,3.72519247164722,TRUE,TRUE,TRUE
1.7256158928705,-0.450741666494346,3.90197345223535,0.118682042438814,4.3527151187297,FALSE,TRUE,FALSE
2.49382798431484,0.362817027159408,4.62483894147028,0.022337517394059,4.26202191431087,TRUE,TRUE,FALSE
3.8327024689645,1.94798520356354,5.71741973436545,0.000113507794204655,3.76943453080191,TRUE,TRUE,TRUE
3.67779727478021,1.37838857371507,5.97720597584535,0.00204292340547728,4.59881740213028,TRUE,TRUE,FALSE
2.04888700820095,-0.242710703752687,4.34048472015458,0.0790552219517478,4.58319542390726,FALSE,TRUE,FALSE
3.92892861099811,1.88310615296216,5.97475106903406,0.000251170465030001,4.09164491607191,TRUE,TRUE,FALSE
3.81594815835427,1.8701340133548,5.76176230335374,0.00018940530387211,3.89162828999894,TRUE,TRUE,TRUE
4.95139579174146,2.87991619077345,7.02287539270946,7.84589000129942e-06,4.14295920193601,TRUE,TRUE,FALSE
4.21845264054882,2.32692464168007,6.10998063941758,2.68095603932145e-05,3.78305599773751,TRUE,TRUE,TRUE
3.2824180397106,1.32367686755046,5.24115921187074,0.00126916965754027,3.91748234432028,TRUE,TRUE,TRUE
3.17775347203285,1.02579543473237,5.32971150933334,0.00425918110720552,4.30391607460096,TRUE,TRUE,FALSE
3.13771199024587,1.22203881380616,5.05338516668558,0.00161012746694422,3.83134635287942,TRUE,TRUE,TRUE
5.19172269489963,3.05330751334836,7.33013787645091,5.8426089357272e-06,4.27683036310254,TRUE,FALSE,FALSE
2.31197597631791,0.207988618404281,4.41596333423154,0.0316415584102152,4.20797471582726,TRUE,TRUE,FALSE
0.392911864280115,-1.63807822605075,2.42390195461098,0.701566749408153,4.06198018066173,FALSE,FALSE,FALSE
2.48003637042079,0.676845528518436,4.28322721232314,0.00758038067901368,3.6063816838047,TRUE,TRUE,TRUE
2.62650892457507,0.609248093411634,4.6437697557385,0.0113078095151319,4.03452166232687,TRUE,TRUE,FALSE
2.7661403967915,0.478310822380086,5.05396997120292,0.018372317890916,4.57565914882284,TRUE,TRUE,FALSE
3.97254691421511,1.92548717538139,6.01960665304884,0.000218474387712504,4.09411947766745,TRUE,TRUE,FALSE
2.99467661359371,0.85580014229006,5.13355308489735,0.00660117898197294,4.27775294260729,TRUE,TRUE,FALSE
2.16736908948136,0.0589098189805788,4.27582835998214,0.0440627965268223,4.21691854100156,TRUE,TRUE,FALSE
4.6432469793167,2.57774216301099,6.7087517956224,2.34370047151455e-05,4.13100963261142,TRUE,TRUE,FALSE
2.60666765997883,0.481011999092219,4.73232332086545,0.01682320752822,4.25131132177323,TRUE,TRUE,FALSE
3.65759535902458,1.54079581810617,5.77439489994298,0.000909508591727702,4.23359908183681,TRUE,TRUE,FALSE
4.11491347163166,1.97975937117896,6.25006757208437,0.000239717005894955,4.27030820090541,TRUE,TRUE,FALSE
3.72638788949793,1.67623384334411,5.77654193565175,0.000504715053807831,4.10030809230764,TRUE,TRUE,FALSE
2.67820178061166,0.733291029864345,4.62311253135898,0.00751034285529524,3.88982150149464,TRUE,TRUE,TRUE
1.04049013613486,-0.991523514367502,3.07250378663722,0.311662683042549,4.06402730100472,FALSE,TRUE,FALSE
5.22768197942428,3.04034792513938,7.41501603370918,7.86377577600769e-06,4.3746681085698,TRUE,FALSE,FALSE
0.830661921895528,-1.18318984768454,2.8445136914756,0.414598458594497,4.02770353916015,FALSE,FALSE,FALSE
3.08429405177106,1.26271960002837,4.90586850351376,0.00113619644799914,3.64314890348539,TRUE,TRUE,TRUE
0.878074360231003,-1.0291467941754,2.7852955146374,0.362724677823099,3.8144423088128,FALSE,FALSE,TRUE
1.97637628285836,-0.114091428892186,4.06684399460891,0.0635781850676717,4.1809354235011,FALSE,TRUE,FALSE
1.0967540247536,-0.938343672705977,3.13185172221319,0.28710275910896,4.07019539491916,FALSE,TRUE,FALSE
1.85998438785957,-0.0416310164135778,3.76159979213273,0.0551168952523291,3.80323080854631,FALSE,TRUE,TRUE
3.51666317179368,1.45826337502037,5.57506296856699,0.00103071483020765,4.11679959354662,TRUE,TRUE,FALSE
2.88602761827423,0.830844540261434,4.94121069628703,0.00644879460344831,4.11036615602559,TRUE,TRUE,FALSE
3.74486257717059,1.68720905253088,5.80251610181029,0.000496851303013189,4.11530704927941,TRUE,TRUE,FALSE
3.64051676158748,1.28969406963748,5.99133945353747,0.00278242806259291,4.70164538389998,TRUE,TRUE,FALSE
2.19236449414072,0.0867586836835543,4.29797030459788,0.0414629424823338,4.21121162091433,TRUE,TRUE,FALSE
3.29435348347715,1.31572198847346,5.27298497848084,0.00135890852881322,3.95726299000739,TRUE,TRUE,TRUE
3.12095036964334,1.06234996089439,5.1795507783923,0.0033794064132611,4.11720081749791,TRUE,TRUE,FALSE
1.27413327837165,-0.497695788772903,3.04596234551621,0.156523628944606,3.54365813428911,FALSE,TRUE,TRUE
3.58583656353412,1.69952977139902,5.47214335566923,0.000287188384206049,3.77261358427021,TRUE,TRUE,TRUE
3.03424232040354,1.28805100079868,4.7804336400084,0.000853941506045715,3.49238263920971,TRUE,TRUE,TRUE
1.19917016931493,-0.755252316907548,3.1535926555374,0.225974689111099,3.90884497244495,FALSE,TRUE,TRUE
4.96649356282767,2.86039618438233,7.07259094127302,1.00760537038617e-05,4.21219475689069,TRUE,TRUE,FALSE
3.54537187914222,1.34008626862331,5.75065748966113,0.00194222743489175,4.41057122103782,TRUE,TRUE,FALSE
3.67123545404621,1.42522353031396,5.91724737777846,0.0016441930962328,4.4920238474645,TRUE,TRUE,FALSE
4.54915793364769,2.84713191906821,6.25118394822717,8.08939641161929e-07,3.40405202915896,TRUE,TRUE,TRUE
2.46697556108649,0.555169840177851,4.37878128199512,0.0120315425696366,3.82361144181727,TRUE,TRUE,TRUE
3.21380651093619,1.11351228138555,5.31410074048683,0.00310735103996593,4.20058845910128,TRUE,TRUE,FALSE
2.88957258220397,0.826063148925233,4.9530820154827,0.00659365624647301,4.12701886655746,TRUE,TRUE,FALSE
4.46988883603519,2.54770428891975,6.39207338315062,1.29777351595941e-05,3.84436909423087,TRUE,TRUE,TRUE
3.07226780020305,0.860827874663725,5.28370772574238,0.00701535644399014,4.42287985107865,TRUE,TRUE,FALSE
3.7269913096074,1.62369256614956,5.83029005306525,0.000682605449345795,4.20659748691569,TRUE,TRUE,FALSE
4.04804714347265,1.96225182018417,6.13384246676113,0.000218234827530535,4.17159064657696,TRUE,TRUE,FALSE
3.86887522474279,1.47925247599754,6.25849797348803,0.00181060807035402,4.77924549749049,TRUE,TRUE,FALSE
2.69966372471464,1.05649242069255,4.34283502873672,0.00156021506471705,3.28634260804417,TRUE,TRUE,TRUE
3.64336499433432,1.55808536845227,5.72864462021637,0.000802613974507168,4.1705592517641,TRUE,TRUE,FALSE
3.48049985151239,1.36118594364599,5.59981375937878,0.00156688571161087,4.23862781573279,TRUE,TRUE,FALSE
1.94858198357556,-0.207921559494912,4.10508552664603,0.0759772538334004,4.31300708614094,FALSE,TRUE,FALSE
2.21969893158734,-0.163305219581419,4.60270308275609,0.0675092358491275,4.76600830233751,FALSE,TRUE,FALSE
0.688079877317187,-1.52776932003187,2.90392907466624,0.538758155363504,4.43169839469811,FALSE,FALSE,FALSE
3.31727502324701,1.06647468969304,5.56807535680098,0.00433067627647976,4.50160066710794,TRUE,TRUE,FALSE
2.77480980537453,0.856246237572912,4.69337337317614,0.00507759260503389,3.83712713560323,TRUE,TRUE,TRUE
2.03086646995911,-0.166450327405026,4.22818326732324,0.0696228371479211,4.39463359472827,FALSE,TRUE,FALSE
5.18724081958487,3.08090394722651,7.29357769194322,4.43538839639895e-06,4.21267374471671,TRUE,FALSE,FALSE
1.65153617457877,-0.179387406635303,3.48245975579284,0.0764760309359938,3.66184716242814,FALSE,TRUE,TRUE
1.45487086132825,-0.662851403661,3.57259312631751,0.175650127044136,4.23544452997851,FALSE,TRUE,FALSE
2.62271123555357,0.603974811671079,4.64144765943606,0.0114804273363487,4.03747284776498,TRUE,TRUE,FALSE
2.92800639673058,0.64011080891173,5.21590198454942,0.0127280427194875,4.57579117563769,TRUE,TRUE,FALSE
1.34726847216465,-0.616001430651794,3.31053837498109,0.176124027623886,3.92653980563288,FALSE,TRUE,TRUE
2.4784961352812,0.464036868765247,4.49295540179716,0.0164750657455451,4.02891853303191,TRUE,TRUE,FALSE
3.47559464272147,1.29263214354492,5.65855714189801,0.00213655165343714,4.36592499835309,TRUE,TRUE,FALSE
3.35653633349281,1.25301950881756,5.46005315816807,0.00209080257138037,4.20703364935051,TRUE,TRUE,FALSE
3.41601647340811,1.2967026558711,5.53533029094513,0.00189279738468874,4.23862763507402,TRUE,TRUE,FALSE
3.43440789624867,1.49108839873025,5.3777273937671,0.000703898355379661,3.88663899503686,TRUE,TRUE,TRUE
3.3088850029251,1.08510509411841,5.53266491173179,0.00398778153304851,4.44755981761339,TRUE,TRUE,FALSE
2.39096386469697,-0.0662929148799836,4.84822064427392,0.056367236949601,4.9145135591539,FALSE,TRUE,FALSE
4.77027474849545,2.56264250491845,6.97790699207245,4.49976222090552e-05,4.415264487154,TRUE,TRUE,FALSE
3.88917218659733,1.55939746101037,6.21894691218429,0.00132196325862864,4.65954945117392,TRUE,TRUE,FALSE
1.94663002770182,-0.136106363788533,4.02936641919217,0.0665959892907451,4.16547278298071,FALSE,TRUE,FALSE
1.08803336753513,-0.891046761516877,3.06711349658713,0.277574814967086,3.95816025810401,FALSE,TRUE,TRUE
2.93496611923213,1.03323800598549,4.83669423247877,0.00287238440566886,3.80345622649328,TRUE,TRUE,TRUE
3.98456240000074,1.7607895623938,6.20833523760768,0.000599046792096862,4.44754567521388,TRUE,TRUE,FALSE
2.31688713608458,0.3512599853687,4.28251428680046,0.0214154008588822,3.93125430143176,TRUE,TRUE,TRUE
3.93158633040609,1.56382655755097,6.29934610326122,0.00139796906388722,4.73551954571025,TRUE,TRUE,FALSE
3.53515306840122,1.55619104304477,5.51411509375766,0.000620934643392052,3.95792405071289,TRUE,TRUE,TRUE
2.2046617645974,0.390762104961272,4.01856142423352,0.0177860966261306,3.62779931927225,TRUE,TRUE,TRUE
2.32012916510911,0.12157982233078,4.51867850788743,0.0388458196533209,4.39709868555665,TRUE,TRUE,FALSE
2.98253342021485,0.883780784115197,5.08128605631451,0.00586340156787335,4.19750527219932,TRUE,TRUE,FALSE
3.69709750066988,1.36626890796876,6.02792609337101,0.00221603278054532,4.66165718540225,TRUE,TRUE,FALSE
2.18358056933318,0.208930844182963,4.1582302944834,0.0306066435184204,3.94929945030044,TRUE,TRUE,TRUE
1.17110090225803,-0.856336729049563,3.19853853356562,0.254116541598808,4.05487526261519,FALSE,TRUE,FALSE
2.5468939423535,0.460390805535775,4.63339707917122,0.0173169256684153,4.17300627363544,TRUE,TRUE,FALSE
1.90903075288079,0.182962147538243,3.63509935822334,0.0305783666197981,3.4521372106851,TRUE,TRUE,TRUE
3.42780891174195,1.46418364985469,5.39143417362922,0.000810635915721717,3.92725052377453,TRUE,TRUE,TRUE
3.4494420527249,1.16847459491381,5.73040951053598,0.00345597977709366,4.56193491562217,TRUE,TRUE,FALSE
1.08163746759256,-0.97270031068489,3.13597524587001,0.298271551076343,4.1086755565549,FALSE,TRUE,FALSE
1.35334071101434,-0.752179495161837,3.45886091719052,0.204839512167688,4.21104041235236,FALSE,TRUE,FALSE
4.16723815995531,2.05243055694262,6.28204576296799,0.000177347492839168,4.22961520602536,TRUE,TRUE,FALSE
4.56594172851355,2.53016085164498,6.60172260538213,2.43675111891569e-05,4.07156175373715,TRUE,TRUE,FALSE
3.43448519477993,1.37320803697636,5.4957623525835,0.00134843315816837,4.12255431560714,TRUE,TRUE,FALSE
2.87595058616867,0.838311855009723,4.91358931732762,0.00619401467499123,4.0752774623179,TRUE,TRUE,FALSE
2.72070782588706,0.751017423484224,4.69039822828991,0.00733457902755687,3.93938080480568,TRUE,TRUE,TRUE
2.65762062453887,0.753230294932065,4.56201095414567,0.00677363587322689,3.80878065921361,TRUE,TRUE,TRUE
4.37202751206844,2.3983370900786,6.34571793405827,3.00157511731492e-05,3.94738084397968,TRUE,TRUE,TRUE
2.35371996422096,0.265051325714244,4.44238860272768,0.027645456292189,4.17733727701344,TRUE,TRUE,FALSE
2.59087449308457,0.39470497919273,4.78704400697642,0.0213060197032149,4.39233902778369,TRUE,TRUE,FALSE
2.77284538197826,0.856873182231024,4.68881758172549,0.00505050957054084,3.83194439949447,TRUE,TRUE,TRUE
4.67214379942774,2.34070958202159,7.00357801683389,0.00014009194604043,4.6628684348123,TRUE,TRUE,FALSE
2.8762420090986,1.09082017820312,4.66166383999407,0.00190323255208756,3.57084366179095,TRUE,TRUE,TRUE
2.14778593027405,0.169632245290311,4.12593961525778,0.0336751214568298,3.95630736996747,TRUE,TRUE,TRUE
1.04427813099458,-0.870765617372407,2.95932187936156,0.281469525477127,3.83008749673397,FALSE,FALSE,TRUE
4.22959724078769,2.31312126042824,6.14607322114713,3.19153025813445e-05,3.83295196071889,TRUE,TRUE,TRUE
3.16263199021457,0.954143915434479,5.37112006499465,0.00550954716505944,4.41697614956017,TRUE,TRUE,FALSE
3.14022042615928,1.00118339789775,5.27925745442081,0.00447822450155936,4.27807405652306,TRUE,TRUE,FALSE
3.59270133627722,1.77850404643367,5.40689862612076,0.000165533401219316,3.62839457968708,TRUE,TRUE,TRUE
1.91482300417609,-0.107401018763375,3.93704702711555,0.0631763576647579,4.04444804587892,FALSE,TRUE,FALSE
1.40197483581876,-1.0194914840656,3.82344115570312,0.253015296833047,4.84293263976872,FALSE,TRUE,FALSE
1.76829932756961,-0.470824707641762,4.00742336278099,0.120139304085294,4.47824807042275,FALSE,TRUE,FALSE
2.4873507835323,0.523645360539526,4.45105620652508,0.0136394643977061,3.92741084598555,TRUE,TRUE,TRUE
3.960842906967,1.77176222145759,6.1499235924764,0.000533217731051806,4.37816137101881,TRUE,TRUE,FALSE
1.54589932762651,-0.553019049946096,3.64481770519912,0.146843705374051,4.19783675514522,FALSE,TRUE,FALSE
3.99717282084489,2.06717668055601,5.92716896113376,8.67055314553006e-05,3.85999228057775,TRUE,TRUE,TRUE
3.47451925949591,1.39953315180869,5.54950536718312,0.00127966431346064,4.14997221537443,TRUE,TRUE,FALSE
3.70987740486344,1.68696166674348,5.73279314298339,0.000452555938247176,4.04583147623991,TRUE,TRUE,FALSE
0.809916207755761,-1.28043070531018,2.9002631208217,0.443370173135479,4.18069382613189,FALSE,FALSE,FALSE
2.50230548970396,0.47264853139444,4.53196244801347,0.016262614011777,4.05931391661903,TRUE,TRUE,FALSE
2.6771779300401,0.716963924125315,4.63739193595489,0.00799455707210528,3.92042801182957,TRUE,TRUE,TRUE
1.94439470115854,-0.20291191380429,4.09170131612137,0.075367228053166,4.29461322992566,FALSE,TRUE,FALSE
3.75237462776423,1.57474889923825,5.93000035629022,0.000937751004309559,4.35525145705197,TRUE,TRUE,FALSE
5.33847535583353,3.15496072733682,7.52198998433024,5.10637839239025e-06,4.36702925699342,TRUE,FALSE,FALSE
3.84926181947174,2.0954369864283,5.60308665251518,3.49587866657039e-05,3.50764966608688,TRUE,TRUE,TRUE
2.52307005378682,0.541847836092638,4.504292271481,0.0131579241950209,3.96244443538836,TRUE,TRUE,TRUE
2.97645266932723,0.77220239375802,5.18070294489644,0.00870363798643788,4.40850055113842,TRUE,TRUE,FALSE
5.18781469549637,2.9306500615898,7.44497932940294,1.59734648825147e-05,4.51432926781314,TRUE,TRUE,FALSE
4.64467685513676,2.8147403354931,6.47461337478041,2.42551446392522e-06,3.65987303928731,TRUE,TRUE,TRUE
3.31694286607055,1.15836473316457,5.47552099897653,0.00298967845969161,4.31715626581196,TRUE,TRUE,FALSE
3.15135593814378,1.1169973717244,5.18571450456316,0.00277487344023218,4.06871713283876,TRUE,TRUE,FALSE
2.31497497059194,0.0590814554847885,4.5708684856991,0.0444160368941384,4.51178703021431,TRUE,TRUE,FALSE
2.07391388673078,0.141846051470381,4.00598172199117,0.0356928264211422,3.86413567052079,TRUE,TRUE,TRUE
2.12171635774622,0.261905197791282,3.98152751770116,0.0258312447929396,3.71962231990988,TRUE,TRUE,TRUE
3.53813429863992,1.24252145921192,5.83374713806791,0.00290801412466838,4.59122567885599,TRUE,TRUE,FALSE
