"estimate","lower","upper","p_value","width","reject","cover","width_met"
2.30314156322856,0.184360036472575,4.42192308998454,0.0334748119168747,4.23756305351196,TRUE,TRUE,FALSE
2.04809857382743,-0.0288947932268733,4.12509194088173,0.053202365476626,4.15398673410861,FALSE,TRUE,FALSE
-0.878544305060975,-2.83365815423921,1.07656954411726,0.374291245726586,3.91022769835646,FALSE,TRUE,TRUE
3.10375374853614,0.723405060111409,5.48410243696088,0.0111939736076295,4.76069737684947,TRUE,TRUE,FALSE
1.75362803939235,-0.39592540597291,3.90318148475761,0.108541488417445,4.29910689073052,FALSE,TRUE,FALSE
2.8705775482751,0.931287217058599,4.80986787949161,0.0041721754382737,3.87858066243301,TRUE,TRUE,TRUE
1.84495336843816,-0.0389158587750136,3.72882259565133,0.0548168455338154,3.76773845442634,FALSE,TRUE,TRUE
0.328883910160257,-1.90286508796205,2.56063290828257,0.770319416347926,4.46349799624462,FALSE,TRUE,FALSE
1.50113516546747,-0.534589687555446,3.53686001849039,0.146370465708329,4.07144970604584,FALSE,TRUE,FALSE
2.41795379146393,0.412700500951978,4.42320708197589,0.0186792634861849,4.01050658102391,TRUE,TRUE,FALSE
2.01873301398123,-0.0502775205738111,4.08774354853627,0.0557058757315173,4.13802106911008,FALSE,TRUE,FALSE
1.18453855005502,-1.21915626036023,3.58823336047027,0.330099405888041,4.80738962083049,FALSE,TRUE,FALSE
0.914300081615578,-0.996288219889439,2.82488838312059,0.344206454793824,3.82117660301003,FALSE,TRUE,TRUE
0.925682811291193,-0.958992331849469,2.81035795443186,0.331698781282425,3.76935028628132,FALSE,TRUE,TRUE
0.254166343030334,-1.90616581465878,2.41449850071945,0.815677367901493,4.32066431537824,FALSE,TRUE,FALSE
-1.35592202238031,-3.3754840481325,0.663640003371884,0.18556287484927,4.03912405150438,FALSE,FALSE,FALSE
0.252954821256967,-1.55353162591817,2.0594412684321,0.781456387303942,3.61297289435027,FALSE,TRUE,TRUE
1.66933446417112,-0.620340758421304,3.95900968676354,0.150926808185047,4.57935044518485,FALSE,TRUE,FALSE
4.39180145745827,2.10724548948942,6.67635742542713,0.000247858299411521,4.56911193593771,TRUE,FALSE,FALSE
1.01139607042203,-1.03318859245912,3.05598073330317,0.328275936272666,4.08916932576229,FALSE,TRUE,FALSE
-0.662189789918665,-3.00057715037437,1.67619757053704,0.575025718834911,4.67677472091141,FALSE,TRUE,FALSE
0.428213598623659,-1.6993902408909,2.55581743813822,0.690145478691817,4.25520767902912,FALSE,TRUE,FALSE
0.908348724288363,-1.20880495785841,3.02550240643513,0.396178264745974,4.23430736429354,FALSE,TRUE,FALSE
-1.2206544469861,-3.34976907309263,0.908460179120438,0.257651527600232,4.25822925221307,FALSE,FALSE,FALSE
2.78440938282417,0.695363755981894,4.87345500966644,0.0095745081487145,4.17809125368455,TRUE,TRUE,FALSE
0.237937194790096,-1.87080946559756,2.34668385517775,0.823095957832158,4.21749332077532,FALSE,TRUE,FALSE
2.5782039838722,0.4956750069804,4.660732960764,0.0158361434772067,4.1650579537836,TRUE,TRUE,FALSE
-0.223405599437823,-2.36837054229621,1.92155934342056,0.836501180197177,4.28992988571677,FALSE,TRUE,FALSE
0.950648693080906,-0.96834390274147,2.86964128890328,0.327577412819153,3.83798519164475,FALSE,TRUE,TRUE
0.468059557014268,-1.37693040063517,2.31304951466371,0.61540895338632,3.68997991529889,FALSE,TRUE,TRUE
1.25090701477203,-0.624718917896681,3.12653294744074,0.188476278023723,3.75125186533742,FALSE,TRUE,TRUE
0.229172091175689,-2.02226756016115,2.48061174251253,0.840161231452382,4.50287930267367,FALSE,TRUE,FALSE
0.946726831299702,-0.952105724466208,2.84555938706561,0.32448513359735,3.79766511153182,FALSE,TRUE,TRUE
1.45062711039348,-0.635651281769624,3.53690550255659,0.17053144057942,4.17255678432621,FALSE,TRUE,FALSE
2.38368298362607,0.456132211536665,4.31123375571548,0.0159493520307392,3.85510154417882,TRUE,TRUE,TRUE
-0.111737557153262,-2.17884697103197,1.95537185672545,0.914698012419322,4.13421882775741,FALSE,TRUE,FALSE
-0.487590126604751,-2.78518095284893,1.81000069963943,0.674244236915758,4.59518165248836,FALSE,TRUE,FALSE
-0.491347226161081,-2.39966207538017,1.41696762305801,0.610155577354334,3.81662969843819,FALSE,TRUE,TRUE
0.519783891264826,-1.64209385503931,2.68166163756896,0.633972011202222,4.32375549260827,FALSE,TRUE,FALSE
3.34261401684432,1.31962590700672,5.36560212668193,0.00147143748962365,4.04597621967521,TRUE,FALSE,FALSE
1.45613302784791,-0.643427376810147,3.55569343250597,0.17161455461866,4.19912080931611,FALSE,TRUE,FALSE
1.4431289874547,-0.858107890204951,3.74436586511436,0.215980199632729,4.60247375531931,FALSE,TRUE,FALSE
0.93284850630467,-1.0021095132611,2.86780652587044,0.34064835505391,3.86991603913154,FALSE,TRUE,TRUE
1.58401501163039,-0.289291516180676,3.45732153944146,0.0964268904317045,3.74661305562214,FALSE,TRUE,TRUE
0.0852760348397202,-2.14740261113628,2.31795468081572,0.939668141018454,4.465357291952,FALSE,TRUE,FALSE
-0.46994519261818,-2.4378473767104,1.49795699147404,0.63626547000086,3.93580436818445,FALSE,TRUE,TRUE
1.40867296231159,-0.771908695351131,3.58925461997432,0.202580269779082,4.36116331532545,FALSE,TRUE,FALSE
-0.0835555000439321,-2.10836340423581,1.94125240414794,0.934827159966395,4.04961580838375,FALSE,TRUE,FALSE
0.10605414164967,-1.92388395239207,2.13599223569141,0.917543704517632,4.05987618808347,FALSE,TRUE,FALSE
0.483938494101119,-1.66737539958676,2.63525238778899,0.655943613639953,4.30262778737575,FALSE,TRUE,FALSE
0.905222683433821,-0.986172943993023,2.79661831086066,0.344149636418073,3.78279125485369,FALSE,TRUE,TRUE
1.46386366871862,-0.632329389745844,3.56005672718309,0.168698354285402,4.19238611692893,FALSE,TRUE,FALSE
-0.250261451004471,-2.27522340093541,1.77470049892647,0.806559435504576,4.04992389986188,FALSE,TRUE,FALSE
0.9037311151802,-1.40073259436225,3.20819482472265,0.437866539783807,4.6089274190849,FALSE,TRUE,FALSE
3.06647149400816,1.18462336941824,4.94831961859808,0.00169676264094648,3.76369624917984,TRUE,FALSE,TRUE
2.59503998832065,0.555492119330646,4.63458785731066,0.0132366138046405,4.07909573798001,TRUE,TRUE,FALSE
1.30565711273487,-0.592867702735615,3.20418192820536,0.175200157939331,3.79704963094097,FALSE,TRUE,TRUE
0.164893943763282,-1.92147669777232,2.25126458529889,0.875554835123277,4.17274128307121,FALSE,TRUE,FALSE
-0.255928635656121,-2.23449786847728,1.72264059716503,0.797735120376847,3.95713846564231,FALSE,TRUE,TRUE
0.902414459480636,-1.13061581086368,2.93544472982496,0.380119768549181,4.06606054068864,FALSE,TRUE,FALSE
0.355322498298073,-1.87907114343303,2.58971614002917,0.752730332043814,4.4687872834622,FALSE,TRUE,FALSE
0.883237527541574,-1.35773128254829,3.12420633763143,0.435580572485995,4.48193762017972,FALSE,TRUE,FALSE
1.7032365874566,-0.529722798280379,3.93619597319357,0.133142027735584,4.46591877147395,FALSE,TRUE,FALSE
0.225947055456035,-1.9081784766809,2.36007258759297,0.833841064338838,4.26825106427387,FALSE,TRUE,FALSE
1.38444013214078,-0.672783926612585,3.44166419089415,0.184546153516059,4.11444811750674,FALSE,TRUE,FALSE
0.595930947394793,-1.47489820667712,2.66676010146671,0.568854148735596,4.14165830814383,FALSE,TRUE,FALSE
1.17372203337241,-0.924899467792485,3.27234353453731,0.269399448687007,4.1972430023298,FALSE,TRUE,FALSE
1.11657657151048,-0.841492426951103,3.07464556997206,0.260191685348811,3.91613799692316,FALSE,TRUE,TRUE
0.526898921367539,-1.48946725046901,2.54326509320409,0.604854546581686,4.03273234367309,FALSE,TRUE,FALSE
3.45207820445518,1.44850383728884,5.45565257162153,0.00093889784548002,4.00714873433269,TRUE,FALSE,FALSE
0.430741107619235,-1.5242252280982,2.38570744333667,0.662558463787576,3.90993267143487,FALSE,TRUE,TRUE
-0.101482012802523,-2.34490641133955,2.14194238573451,0.928574399476432,4.48684879707406,FALSE,TRUE,FALSE
1.32092910385267,-0.557836756277999,3.19969496398334,0.165857384623153,3.75753172026134,FALSE,TRUE,TRUE
2.16107561769829,0.0568592519355895,4.265291983461,0.0442478362512036,4.20843273152541,TRUE,TRUE,FALSE
2.40548570206268,0.511164401113863,4.2998070030115,0.013413425431279,3.78864260189764,TRUE,TRUE,TRUE
1.33733512521804,-0.70458969727875,3.37925994771484,0.196466466187481,4.08384964499359,FALSE,TRUE,FALSE
-0.341462173127842,-2.17557796724268,1.49265362098699,0.712287076314199,3.66823158822967,FALSE,TRUE,TRUE
1.92373586897872,-0.203719765747143,4.05119150370459,0.0757675515377919,4.25491126945173,FALSE,TRUE,FALSE
-0.0545207180570015,-2.25073272827882,2.14169129216481,0.960764726990851,4.39242402044363,FALSE,TRUE,FALSE
2.10318972290798,0.0744709236594132,4.13190852215655,0.0423288695006677,4.05743759849713,TRUE,TRUE,FALSE
0.928552854745423,-1.40409780846311,3.26120351795396,0.431026662979105,4.66530132641707,FALSE,TRUE,FALSE
2.45905208364613,0.277082288605258,4.64102187868701,0.0276337054853516,4.36393959008175,TRUE,TRUE,FALSE
-0.42372677208006,-2.68951863418124,1.84206509002112,0.711051285928399,4.53158372420237,FALSE,TRUE,FALSE
-0.0272437500297289,-2.1907107131225,2.13622321306305,0.980091511425886,4.32693392618555,FALSE,TRUE,FALSE
1.90717336763252,0.11418213378452,3.70016460148053,0.0373582094153556,3.58598246769601,TRUE,TRUE,TRUE
1.67284391082208,-0.577284339818252,3.9229721614624,0.143128250417014,4.50025650128066,FALSE,TRUE,FALSE
1.75361771912373,-0.51715502797324,4.0243904662207,0.128446062209606,4.54154549419394,FALSE,TRUE,FALSE
-0.413965843594172,-2.60516590116409,1.77723421397575,0.70823467966746,4.38240011513984,FALSE,TRUE,FALSE
0.300592079002535,-1.68054546240927,2.28172962041434,0.763725146346662,3.96227508282361,FALSE,TRUE,TRUE
-0.209893304195829,-2.23832406053807,1.81853745214642,0.837550041238796,4.05686151268449,FALSE,TRUE,FALSE
1.86178883216519,-0.154883566031564,3.87846123036195,0.0699346402912803,4.03334479639351,FALSE,TRUE,FALSE
2.03310191653566,-0.32002533565407,4.38622916872538,0.0894935325175351,4.70625450437945,FALSE,TRUE,FALSE
2.38062855310484,0.58689489284676,4.17436221336293,0.009873840476748,3.58746732051617,TRUE,TRUE,TRUE
3.01314769339211,0.957740162276481,5.06855522450773,0.00453288783192242,4.11081506223125,TRUE,TRUE,FALSE
2.12916350561392,0.0746102440332157,4.18371676719462,0.0424054566869672,4.1091065231614,TRUE,TRUE,FALSE
-0.346532645609089,-2.59563373096615,1.90256843974797,0.760180331913217,4.49820217071412,FALSE,TRUE,FALSE
-0.218798183214558,-2.06316162006026,1.62556525363114,0.814171641921831,3.6887268736914,FALSE,TRUE,TRUE
2.8357723671438,0.762979043394367,4.90856569089323,0.00789201759708929,4.14558664749886,TRUE,TRUE,FALSE
1.7004054841434,-0.338775258331139,3.73958622661794,0.10105330867853,4.07836148494907,FALSE,TRUE,FALSE
0.0690696462339923,-1.88466047558425,2.02279976805224,0.944149255502477,3.90746024363649,FALSE,TRUE,TRUE
2.78634406294303,0.79836905957565,4.77431906631041,0.00654638599067433,3.97595000673476,TRUE,TRUE,TRUE
0.972730440180146,-1.17842571528045,3.12388659564074,0.371301072624699,4.30231231092119,FALSE,TRUE,FALSE
1.56997159995928,-0.630602084849221,3.77054528476778,0.159778445913652,4.401147369617,FALSE,TRUE,FALSE
2.04793308731781,0.0440673904143711,4.05179878422126,0.0452735001720975,4.00773139380689,TRUE,TRUE,FALSE
2.00455646623022,0.0990664126818934,3.91004651977854,0.0394471859659882,3.81098010709665,TRUE,TRUE,TRUE
3.26900305092792,1.36810428655601,5.16990181529982,0.000958732815745953,3.8017975287438,TRUE,FALSE,TRUE
1.20789224861476,-0.954540018418652,3.37032451564817,0.269996796803234,4.32486453406682,FALSE,TRUE,FALSE
1.81692552134008,-0.176299644239059,3.81015068691921,0.0734726541542332,3.98645033115827,FALSE,TRUE,TRUE
-0.7167005963828,-2.67808865063011,1.24468745786451,0.469664507274583,3.92277610849462,FALSE,TRUE,TRUE
2.59844503749673,0.797849812056905,4.39904026293655,0.00517148508819373,3.60119045087964,TRUE,TRUE,TRUE
0.911982152463859,-1.12699549731386,2.95095980224157,0.376499715675861,4.07795529955543,FALSE,TRUE,FALSE
0.706809790358559,-1.27724901026038,2.69086859097749,0.480840525508591,3.96811760123787,FALSE,TRUE,TRUE
2.8258907776902,0.26811016374195,5.38367139163844,0.0307514728552461,5.11556122789649,TRUE,TRUE,FALSE
-0.640462392822569,-2.95999739961957,1.67907261397443,0.584584446735134,4.63907001359399,FALSE,TRUE,FALSE
1.24431017108319,-0.894690082877251,3.38331042504362,0.250787039003377,4.27800050792087,FALSE,TRUE,FALSE
2.41499276350727,0.604267022397611,4.22571850461694,0.00953017338879709,3.62145148221933,TRUE,TRUE,TRUE
2.06752687503852,-0.119933750798081,4.25498750087512,0.0636471291650443,4.3749212516732,FALSE,TRUE,FALSE
0.976785238668693,-1.02948300159684,2.98305347893423,0.335923150405842,4.01253648053107,FALSE,TRUE,FALSE
-0.230679127955431,-2.24372474199867,1.78236648608781,0.820386194515006,4.02609122808648,FALSE,TRUE,FALSE
-0.850119346435021,-3.16593989637472,1.46570120350467,0.467622020118434,4.63164109987939,FALSE,TRUE,FALSE
-0.158037937123018,-1.98723728368955,1.67116140944351,0.864070327532198,3.65839869313306,FALSE,TRUE,TRUE
2.35805390555918,0.270192741337062,4.4459150697813,0.0273101705308697,4.17572232844424,TRUE,TRUE,FALSE
1.61635233228134,-0.351808005788182,3.58451267035085,0.106239906208415,3.93632067613904,FALSE,TRUE,TRUE
0.843611820296963,-1.64463620124183,3.33185984183576,0.502224901176229,4.97649604307759,FALSE,TRUE,FALSE
1.44838419295084,-0.71835869614467,3.61512708204636,0.187471976359742,4.33348577819103,FALSE,TRUE,FALSE
0.312869320930782,-1.95218902113941,2.57792766300098,0.784342592269749,4.53011668414039,FALSE,TRUE,FALSE
1.00604171244026,-1.14691753696861,3.15900096184914,0.355622531044528,4.30591849881775,FALSE,TRUE,FALSE
1.51680703036765,-0.630102150788985,3.66371621152428,0.1638278917601,4.29381836231326,FALSE,TRUE,FALSE
2.33136740398875,0.131507645418379,4.53122716255911,0.0380445208638466,4.39971951714073,TRUE,TRUE,FALSE
-0.024164330361593,-2.0764417716487,2.02811311092552,0.981384867659807,4.10455488257422,FALSE,TRUE,FALSE
1.09715038886444,-1.15625197772738,3.35055275545625,0.335903973530508,4.50680473318364,FALSE,TRUE,FALSE
2.2575407538704,0.250038135527964,4.26504337221283,0.0279621368915595,4.01500523668487,TRUE,TRUE,FALSE
0.617227426958876,-1.67114272541842,2.90559757933617,0.593297748856328,4.57674030475459,FALSE,TRUE,FALSE
3.31267954522315,1.25618772195872,5.36917136848759,0.00190463326506224,4.11298364652888,TRUE,FALSE,FALSE
2.53516241750663,0.375577151521468,4.6947476834918,0.0219341223860538,4.31917053197033,TRUE,TRUE,FALSE
1.08013069662152,-1.2671510559597,3.42741244920274,0.362965709249058,4.69456350516244,FALSE,TRUE,FALSE
1.93800915359635,0.0120815181227607,3.86393678906993,0.0486106492249682,3.85185527094717,TRUE,TRUE,TRUE
1.34601255704496,-1.00541398933962,3.69743910342955,0.258387093058012,4.70285309276917,FALSE,TRUE,FALSE
0.565835846609515,-1.66229904667492,2.79397073989395,0.615049861768107,4.45626978656887,FALSE,TRUE,FALSE
2.6900979342316,0.624659332324442,4.75553653613875,0.0112826163926679,4.13087720381431,TRUE,TRUE,FALSE
1.77716913478991,-0.168641204556311,3.72297947413614,0.0729223620892843,3.89162067869245,FALSE,TRUE,TRUE
3.04211814228697,0.906736392374352,5.17749989219959,0.00574707836099031,4.27076349982524,TRUE,TRUE,FALSE
1.28130889631518,-0.453002402825719,3.01562019545609,0.145612785937773,3.46862259828181,FALSE,TRUE,TRUE
0.41462440113458,-1.55531753685108,2.38456633912024,0.676764532511788,3.93988387597131,FALSE,TRUE,TRUE
-1.18450993767593,-3.12263022884644,0.753610353494569,0.227782806091794,3.87624058234101,FALSE,FALSE,TRUE
1.96886113214924,0.060547567963162,3.87717469633531,0.0433062908785231,3.81662712837215,TRUE,TRUE,TRUE
0.699024751559343,-1.35016622991098,2.74821573302966,0.499608056482176,4.09838196294064,FALSE,TRUE,FALSE
0.582524602996673,-1.56096122652194,2.72601043251528,0.590508799196817,4.28697165903722,FALSE,TRUE,FALSE
1.26190953349874,-0.875623624365826,3.39944269136331,0.243876500947717,4.27506631572914,FALSE,TRUE,FALSE
1.66352216388449,-0.23250537993061,3.55954970769959,0.0847224043925062,3.7920550876302,FALSE,TRUE,TRUE
1.29055639826542,-0.729834212346905,3.31094700887774,0.207640797255449,4.04078122122465,FALSE,TRUE,FALSE
1.5496466152571,-0.683357753677559,3.78265098419177,0.171350660536827,4.46600873786933,FALSE,TRUE,FALSE
-0.681248024102502,-2.56089718560179,1.19840113739679,0.473273371540569,3.75929832299858,FALSE,TRUE,TRUE
0.296520739288914,-2.02743195843844,2.62047343701627,0.800423241599425,4.64790539545471,FALSE,TRUE,FALSE
2.64939252961793,0.526462934027544,4.77232212520832,0.0150378322449658,4.24585919118078,TRUE,TRUE,FALSE
-0.495897134926219,-2.57125454104393,1.57946027119149,0.636067563208064,4.15071481223542,FALSE,TRUE,FALSE
2.61125366510112,0.601930610618871,4.62057671958336,0.0114568737937292,4.01864610896449,TRUE,TRUE,FALSE
3.03506196215238,0.714510550131947,5.35561337417281,0.0109565157926746,4.64110282404086,TRUE,TRUE,FALSE
2.88133329771362,0.850899612725173,4.91176698270207,0.00593117147207142,4.06086736997689,TRUE,TRUE,FALSE
0.113499242158225,-1.89338594530033,2.12038442961679,0.910769347317158,4.01377037491712,FALSE,TRUE,FALSE
0.747810111735876,-1.41629986091397,2.91192008438573,0.494071245163768,4.3282199452997,FALSE,TRUE,FALSE
0.930111046772368,-1.29734610262783,3.15756819617257,0.40888305196761,4.4549142988004,FALSE,TRUE,FALSE
0.41732558640424,-1.89383798222181,2.72848915503029,0.720571398451685,4.6223271372521,FALSE,TRUE,FALSE
-0.343755857470791,-2.61762711478175,1.93011539984017,0.764556649565877,4.54774251462193,FALSE,TRUE,FALSE
0.433869899496582,-1.72695604677003,2.5946958457632,0.690840882764595,4.32165189253323,FALSE,TRUE,FALSE
0.749821969737408,-1.44638177087111,2.94602571034593,0.499238191218498,4.39240748121704,FALSE,TRUE,FALSE
2.49994973497407,0.427549029377704,4.57235044057043,0.0186321920162789,4.14480141119272,TRUE,TRUE,FALSE
1.96017349196057,-0.413927777198176,4.33427476111933,0.104407940723375,4.7482025383175,FALSE,TRUE,FALSE
1.08817996810983,-0.911607757424372,3.08796769364403,0.282482963493317,3.9995754510684,FALSE,TRUE,TRUE
0.844737545815041,-1.19864854893883,2.88812364056892,0.413554831810491,4.08677218950775,FALSE,TRUE,FALSE
3.11876854278263,0.702320833875834,5.53521625168942,0.012015452937408,4.83289541781359,TRUE,TRUE,FALSE
0.0728352109402571,-1.77082565872171,1.91649608060223,0.937601113383695,3.68732173932394,FALSE,TRUE,TRUE
2.34044607064684,0.558008066949864,4.12288407434381,0.010657177434131,3.56487600739395,TRUE,TRUE,TRUE
0.639857146075836,-1.37947351609432,2.65918780824599,0.530519494930915,4.0386613243403,FALSE,TRUE,FALSE
-0.0134119524147014,-2.0223622277088,1.9955383228794,0.989444533166666,4.0179005505882,FALSE,TRUE,FALSE
-0.395771527196417,-2.78307358272838,1.99153052833554,0.742593374442509,4.77460411106392,FALSE,TRUE,FALSE
2.08967378281457,-0.219153024294213,4.39850058992336,0.0755014720386443,4.61765361421757,FALSE,TRUE,FALSE
1.88315354164842,-0.19597861917567,3.96228570247251,0.0752924670064561,4.15826432164818,FALSE,TRUE,FALSE
2.17272076265426,0.406988322422017,3.9384532028865,0.0164632256545669,3.53146488046448,TRUE,TRUE,TRUE
2.23044665803907,-0.187521822299677,4.64841513837781,0.0701586565638372,4.83593696067749,FALSE,TRUE,FALSE
-0.371797749169787,-2.28435593741058,1.54076043907101,0.700188160284373,3.82511637648159,FALSE,TRUE,TRUE
-0.181076913261703,-2.16848216260882,1.80632833608542,0.856731833231432,3.97481049869424,FALSE,TRUE,TRUE
0.759642994365156,-1.24863553924978,2.76792152798009,0.454234903548664,4.01655706722988,FALSE,TRUE,FALSE
0.229797996511163,-1.92662966023324,2.38622565325557,0.832773092084547,4.31285531348881,FALSE,TRUE,FALSE
-1.11768169807647,-3.43955445785594,1.20419106170301,0.341378145015926,4.64374551955895,FALSE,TRUE,FALSE
0.883879335023812,-1.00631750880351,2.77407617885113,0.355285465510983,3.78039368765464,FALSE,TRUE,TRUE
0.698521025466031,-1.161475719188,2.55851777012006,0.457459751156946,3.71999348930807,FALSE,TRUE,TRUE
1.04820031394695,-1.11351174661324,3.20991237450713,0.337874982615916,4.32342412112037,FALSE,TRUE,FALSE
1.60481794021115,-0.345870618267333,3.55550649868962,0.105636151443873,3.90137711695696,FALSE,TRUE,TRUE
-1.95769960034652,-4.09566447663464,0.1802652759416,0.0722005451194872,4.27592975257624,FALSE,FALSE,FALSE
-0.157466701958631,-2.20680428625022,1.89187088233296,0.878985158249665,4.09867516858317,FALSE,TRUE,FALSE
-0.148033564709277,-2.36460633755097,2.06853920813242,0.894717101807237,4.43314554568339,FALSE,TRUE,FALSE
1.11121929912198,-0.775605692438754,2.99804429068271,0.245005203206571,3.77364998312146,FALSE,TRUE,TRUE
1.33597384211319,-0.803678576214689,3.47562626044107,0.217962521010781,4.27930483665576,FALSE,TRUE,FALSE
2.43625912966088,0.275437178927353,4.5970810803944,0.0275691759927376,4.32164390146705,TRUE,TRUE,FALSE
2.47077573733677,0.234191913407235,4.7073595612663,0.0307679404431583,4.47316764785906,TRUE,TRUE,FALSE
0.177486582148165,-2.05344470134661,2.40841786564294,0.874737749884618,4.46186256698955,FALSE,TRUE,FALSE
0.573472561203305,-1.40201543616631,2.54896055857292,0.565480852979144,3.95097599473923,FALSE,TRUE,TRUE
0.562002596003223,-1.65600033361332,2.78000552561977,0.615840044004124,4.43600585923308,FALSE,TRUE,FALSE
-0.0815052329008445,-2.00013943103417,1.83712896523248,0.932912848065566,3.83726839626664,FALSE,TRUE,TRUE
0.939126300096801,-1.07355430988017,2.95180691007377,0.356318056131487,4.02536121995394,FALSE,TRUE,FALSE
1.34497014736798,-0.779519617922501,3.46945991265845,0.211679338246463,4.24897953058095,FALSE,TRUE,FALSE
1.92106823211191,-0.416525839649959,4.25866230387379,0.106003566538135,4.67518814352375,FALSE,TRUE,FALSE
1.56566343636146,-0.559419071378317,3.69074594410124,0.146717809914541,4.25016501547956,FALSE,TRUE,FALSE
1.88315217636327,-0.214439346271214,3.98074369899776,0.0778498622310856,4.19518304526898,FALSE,TRUE,FALSE
0.883731789009926,-1.27213068556181,3.03959426358167,0.417482997233323,4.31172494914348,FALSE,TRUE,FALSE
2.46082186353838,0.629961039875755,4.29168268720101,0.00900646228230692,3.66172164732525,TRUE,TRUE,TRUE
0.293259866468921,-1.66939106849534,2.25591080143318,0.767210994216453,3.92530186992852,FALSE,TRUE,TRUE
-0.255717255703713,-2.56669175021517,2.05525723880775,0.826458005009456,4.62194898902292,FALSE,TRUE,FALSE
3.39366705601424,1.4455786613506,5.34175545067787,0.000829833690849802,3.89617678932727,TRUE,FALSE,TRUE
-0.877221766606905,-2.97420283074428,1.21975929753047,0.40803443351104,4.19396212827476,FALSE,TRUE,FALSE
1.04726056275759,-1.27874130581935,3.37326243133452,0.37335691014953,4.65200373715388,FALSE,TRUE,FALSE
1.22060783164486,-1.16585822907298,3.60707389236271,0.312205961590096,4.77293212143569,FALSE,TRUE,FALSE
1.79862323746004,-0.115057924661511,3.71230439958159,0.0651173811141745,3.8273623242431,FALSE,TRUE,TRUE
0.940258413015685,-1.11966271577091,3.00017954180229,0.366828218655681,4.1198422575732,FALSE,TRUE,FALSE
1.98550339624841,-0.195648650985283,4.1666554434821,0.0738611117487993,4.36230409446738,FALSE,TRUE,FALSE
2.39142191522738,0.568286586738812,4.21455724371595,0.0107348984435438,3.64627065697714,TRUE,TRUE,TRUE
1.05022042201322,-1.33442343697469,3.43486428100113,0.383835803786212,4.76928771797582,FALSE,TRUE,FALSE
0.657329164774189,-1.36926042214613,2.68391875169451,0.520874728945593,4.05317917384064,FALSE,TRUE,FALSE
-0.0837721280767227,-2.12286974913867,1.95532549298522,0.935115447596725,4.07819524212389,FALSE,TRUE,FALSE
-0.267097550149238,-2.55876682657998,2.0245717262815,0.817369618337031,4.58333855286148,FALSE,TRUE,FALSE
0.902485893939325,-1.61432078052402,3.41929256840267,0.477972516892868,5.03361334892668,FALSE,TRUE,FALSE
1.29153674567971,-0.870120364186035,3.45319385554545,0.238282152245161,4.32331421973148,FALSE,TRUE,FALSE
0.798579731372576,-1.10967207964644,2.70683154239159,0.407854092508983,3.81650362203803,FALSE,TRUE,TRUE
0.260736703429939,-1.66788128573915,2.18935469259903,0.788813445086297,3.85723597833818,FALSE,TRUE,TRUE
2.09269355615729,-0.0227783282707983,4.20816544058537,0.0524637148318583,4.23094376885617,FALSE,TRUE,FALSE
1.35437317243687,-0.7520769537447,3.46082329861843,0.204695468259334,4.21290025236313,FALSE,TRUE,FALSE
-0.606153855433529,-2.57475613612211,1.36244842525505,0.542176410678555,3.93720456137715,FALSE,TRUE,TRUE
0.647495876993576,-1.52760508564891,2.82259683963606,0.555643730204809,4.35020192528497,FALSE,TRUE,FALSE
2.58473511303986,0.415316267539582,4.75415395854015,0.0200881291198137,4.33883769100056,TRUE,TRUE,FALSE
-0.561387172798665,-2.48928735268954,1.36651300709222,0.564282680969461,3.85580035978176,FALSE,TRUE,TRUE
3.14236527458683,0.756441908310039,5.52828864086363,0.0104308109019123,4.77184673255359,TRUE,TRUE,FALSE
0.138884675809175,-1.74919946526405,2.0269688168824,0.884111982396834,3.77616828214646,FALSE,TRUE,TRUE
1.92260346732113,-0.139799358705207,3.98500629334747,0.0672944676079727,4.12480565205268,FALSE,TRUE,FALSE
1.60697403796908,-0.613510800231992,3.82745887617015,0.15392142851508,4.44096967640215,FALSE,TRUE,FALSE
0.433421361430215,-1.81407043775985,2.68091316062028,0.702464384002787,4.49498359838012,FALSE,TRUE,FALSE
0.634532908914258,-1.32178893507328,2.5908547529018,0.52087783932579,3.91264368797507,FALSE,TRUE,TRUE
1.24878403754104,-0.623710778581892,3.12127885366398,0.188488454278614,3.74498963224587,FALSE,TRUE,TRUE
0.574439752224798,-1.54622455348043,2.69510405793003,0.59172092181187,4.24132861141046,FALSE,TRUE,FALSE
1.42379819452643,-0.66840420282419,3.51600059187704,0.179711716149982,4.18440479470123,FALSE,TRUE,FALSE
0.49908353476313,-1.68237230273943,2.68053937226569,0.650472487761252,4.36291167500512,FALSE,TRUE,FALSE
1.95900808914563,-0.460165322917808,4.37818150120907,0.11113783152313,4.83834682412688,FALSE,TRUE,FALSE
-0.654219305853782,-2.62994414913643,1.32150553742886,0.512224584559797,3.95144968656529,FALSE,TRUE,TRUE
1.34911598412862,-0.46907080026201,3.16730276851924,0.143890842637755,3.63637356878125,FALSE,TRUE,TRUE
2.33063514783903,0.021392531754405,4.63987776392366,0.0479599487348508,4.61848523216925,TRUE,TRUE,FALSE
1.46415863893994,-0.619984164087286,3.54830144196716,0.166191276530942,4.16828560605445,FALSE,TRUE,FALSE
0.806164599145639,-1.00157702714004,2.61390622543132,0.377906723552064,3.61548325257135,FALSE,TRUE,TRUE
-0.350524716660238,-2.61389540263478,1.9128459693143,0.75898573786502,4.52674137194908,FALSE,TRUE,FALSE
1.56637551784773,-0.257191353937181,3.38994238963264,0.0913470033186989,3.64713374356982,FALSE,TRUE,TRUE
1.78170766679968,0.108041549481399,3.45537378411796,0.0372064420839982,3.34733223463656,TRUE,TRUE,TRUE
0.266629230135947,-1.78956491282105,2.32282337309295,0.797244479946366,4.112388285914,FALSE,TRUE,FALSE
0.833317913135394,-1.27171443847062,2.93835026474141,0.433566780505615,4.21006470321203,FALSE,TRUE,FALSE
0.769989797170307,-1.27615339121956,2.81613298556017,0.456548999927391,4.09228637677973,FALSE,TRUE,FALSE
1.17703238604999,-0.900640331753314,3.25470510385329,0.263298865750558,4.1553454356066,FALSE,TRUE,FALSE
-0.0257134889349699,-1.73889163034301,1.68746465247307,0.976272014288098,3.42635628281608,FALSE,TRUE,TRUE
1.88087508401397,-0.0505847407141646,3.8123349087421,0.0561718264335467,3.86291964945626,FALSE,TRUE,TRUE
2.18080724538303,-0.0346856618201068,4.39630015258616,0.0536158806346157,4.43098581440626,FALSE,TRUE,FALSE
1.23083386381244,-0.825664539445931,3.28733226707082,0.237476985983118,4.11299680651675,FALSE,TRUE,FALSE
2.20715402509692,0.0925279739095672,4.32178007628428,0.0409780782052613,4.22925210237471,TRUE,TRUE,FALSE
0.344780673698232,-1.70336620558437,2.39292755298083,0.738771055829482,4.0962937585652,FALSE,TRUE,FALSE
0.263434038032619,-1.92612751023475,2.45299558629999,0.811585559907443,4.37912309653475,FALSE,TRUE,FALSE
2.35497590002971,0.422732753320149,4.28721904673927,0.0174838693722885,3.86448629341912,TRUE,TRUE,TRUE
-1.31345505186713,-3.58511084037757,0.95820073664331,0.253654366482155,4.54331157702088,FALSE,FALSE,FALSE
1.54753816858108,-0.526247027190431,3.6213233643526,0.141649152127065,4.14757039154303,FALSE,TRUE,FALSE
1.30741020906382,-0.82969185738814,3.44451227551578,0.227327776469025,4.27420413290393,FALSE,TRUE,FALSE
2.63759054447019,0.422389408462028,4.85279168047835,0.0201655732546128,4.43040227201633,TRUE,TRUE,FALSE
3.00513317148185,0.832334318027407,5.17793202493629,0.00726206967961569,4.34559770690888,TRUE,TRUE,FALSE
-1.51315484944004,-3.51374615453802,0.487436455657931,0.136395070454768,4.00118261019595,FALSE,FALSE,FALSE
0.829250089414377,-1.11848647510906,2.77698665393781,0.399797442161327,3.89547312904688,FALSE,TRUE,TRUE
0.971968144542132,-1.13597619118569,3.07991248026995,0.361995758622702,4.21588867145564,FALSE,TRUE,FALSE
1.15669133657721,-0.991184655026811,3.30456732818124,0.287450873988774,4.29575198320805,FALSE,TRUE,FALSE
0.0365322365279562,-2.19718732950638,2.27025180256229,0.974145401318803,4.46743913206868,FALSE,TRUE,FALSE
2.1717035224607,0.369521076916602,3.9738859680048,0.0187523580681532,3.6043648910882,TRUE,TRUE,TRUE
-0.033974634240409,-1.9061459374072,1.83819666892639,0.971313238712542,3.74434260633359,FALSE,TRUE,TRUE
-1.52266876941501,-3.51146589498073,0.466128356150711,0.131716009403339,3.97759425113144,FALSE,FALSE,TRUE
0.95876217888479,-1.15439484354764,3.07191920131722,0.369701420171222,4.22631404486487,FALSE,TRUE,FALSE
0.6427628713054,-1.36609404365637,2.65161978626717,0.526516500734699,4.01771382992353,FALSE,TRUE,FALSE
1.39275285887557,-0.455190802530856,3.24069652028199,0.137770265615519,3.69588732281285,FALSE,TRUE,TRUE
0.550851127317538,-1.48773516792685,2.58943742256193,0.592629530144582,4.07717259048878,FALSE,TRUE,FALSE
2.21037589714764,0.25606039162699,4.16469140266828,0.0270968888586118,3.90863101104129,TRUE,TRUE,TRUE
2.36783123219129,0.539944832082916,4.19571763229966,0.011715180524718,3.65577280021674,TRUE,TRUE,TRUE
0.623818369213311,-1.68766867697994,2.93530541540657,0.593087267335637,4.62297409238651,FALSE,TRUE,FALSE
-0.0413724006672296,-2.05701419663173,1.97426939529728,0.967555350061241,4.03128359192901,FALSE,TRUE,FALSE
1.38041618395012,-0.676563867272035,3.43739623517227,0.185760964833051,4.1139601024443,FALSE,TRUE,FALSE
0.324964473059883,-1.9406896676873,2.59061861380707,0.776284422904373,4.53130828149437,FALSE,TRUE,FALSE
0.670689387533123,-1.45948102160445,2.80085979667069,0.53312914057779,4.26034081827514,FALSE,TRUE,FALSE
1.98747699093123,-0.165952682045588,4.14090666390804,0.0700128715286073,4.30685934595363,FALSE,TRUE,FALSE
0.651682208130591,-1.32715645842305,2.63052087468423,0.514518891230742,3.95767733310728,FALSE,TRUE,TRUE
0.261257819403387,-1.79922044459968,2.32173608340645,0.801645693668264,4.12095652800613,FALSE,TRUE,FALSE
0.477101266126884,-1.85405745582583,2.8082599880796,0.68519813166974,4.66231744390542,FALSE,TRUE,FALSE
0.460611095230403,-1.71027905402375,2.63150124448455,0.67430473239055,4.3417802985083,FALSE,TRUE,FALSE
1.63648433728396,-0.300832344547151,3.57380101911508,0.0967587875805845,3.87463336366223,FALSE,TRUE,TRUE
3.11787518145038,1.15857168480677,5.07717867809398,0.00214740508769946,3.91860699328721,TRUE,FALSE,TRUE
1.36113742778283,-0.657263494188689,3.37953834975435,0.183644267915523,4.03680184394304,FALSE,TRUE,FALSE
1.56627010225327,-0.311414934007026,3.44395513851357,0.100939542938717,3.75537007252059,FALSE,TRUE,TRUE
0.496885768737158,-1.85670229333874,2.85047383081306,0.675834164893429,4.7071761241518,FALSE,TRUE,FALSE
1.05385176824896,-1.0934245817268,3.20112811822472,0.332068761306933,4.29455269995152,FALSE,TRUE,FALSE
3.56380027949171,1.59018912036955,5.53741143861387,0.000546265175983905,3.94722231824432,TRUE,FALSE,TRUE
1.48736804698346,-0.509361220937805,3.48409731490472,0.142354864487281,3.99345853584253,FALSE,TRUE,TRUE
1.82704685325804,-0.169590640294522,3.82368434681061,0.0723907525077936,3.99327498710513,FALSE,TRUE,TRUE
-0.0399531295171043,-1.9753907423563,1.89548448332209,0.967370083914916,3.87087522567839,FALSE,TRUE,TRUE
1.22780716948892,-1.18023295343056,3.63584729240841,0.313706378237722,4.81608024583896,FALSE,TRUE,FALSE
-1.00714430388023,-3.16108152401642,1.14679291625596,0.355315546492713,4.30787444027238,FALSE,TRUE,FALSE
1.99184103493816,0.0381652516976942,3.94551681817863,0.0457816431923873,3.90735156648093,TRUE,TRUE,TRUE
2.58344588494088,0.193412710742519,4.97347905913925,0.034452683210853,4.78006634839673,TRUE,TRUE,FALSE
1.4785608841521,-0.389022989382665,3.34614475768686,0.119230632948105,3.73516774706953,FALSE,TRUE,TRUE
0.783944614338013,-1.35190845691074,2.91979768558676,0.467684346049539,4.2717061424975,FALSE,TRUE,FALSE
1.38258304704299,-0.866685968439226,3.63185206252521,0.22514044381259,4.49853803096443,FALSE,TRUE,FALSE
1.06817708924253,-1.18428086386955,3.32063504235462,0.348554090769664,4.50491590622417,FALSE,TRUE,FALSE
1.81867885038437,-0.184474584663338,3.82183228543207,0.0746092036184421,4.00630687009541,FALSE,TRUE,FALSE
0.892255310390819,-1.19314813321451,2.97765875399615,0.397478808892885,4.17080688721066,FALSE,TRUE,FALSE
0.436941239937767,-1.82954928040339,2.70343176027892,0.702557632801885,4.53298104068231,FALSE,TRUE,FALSE
-0.0522704377789367,-2.23938742882349,2.13484655326561,0.962226560485668,4.3742339820891,FALSE,TRUE,FALSE
-0.174396308883785,-2.15184759375242,1.80305497598485,0.861274842613729,3.95490256973726,FALSE,TRUE,TRUE
3.00903802795431,0.739286375964984,5.27878967994364,0.00995331738379445,4.53950330397865,TRUE,TRUE,FALSE
0.827464888520004,-1.3816142201,3.03654399714001,0.458624821528795,4.41815821724001,FALSE,TRUE,FALSE
0.288312565029552,-1.63052489598317,2.20715002604227,0.76595090284786,3.83767492202544,FALSE,TRUE,TRUE
0.810518989839089,-1.15386063301722,2.7748986126954,0.414447542793871,3.92875924571262,FALSE,TRUE,TRUE
2.21883521014728,0.00906567309846595,4.42860474719609,0.049087600892481,4.41953907409763,TRUE,TRUE,FALSE
0.65399967659692,-1.5610461623314,2.86904551552524,0.558871221735856,4.43009167785663,FALSE,TRUE,FALSE
-0.350679199975724,-2.40163499730248,1.70027659735103,0.734821801099642,4.10191159465352,FALSE,TRUE,FALSE
1.40992321453191,-0.587086261292207,3.40693269035602,0.164117175989039,3.99401895164823,FALSE,TRUE,TRUE
2.24391007553137,0.329793978831705,4.15802617223103,0.0221116324168836,3.82823219339932,TRUE,TRUE,TRUE
0.554244802873298,-1.29719307189084,2.40568267763743,0.553428079871553,3.70287574952827,FALSE,TRUE,TRUE
0.492502427658047,-1.66262698466817,2.64763183998426,0.650841342193069,4.31025882465243,FALSE,TRUE,FALSE
-0.117051971571698,-2.06129364614451,1.82718970300111,0.905038151088858,3.88848334914562,FALSE,TRUE,TRUE
0.865950270733445,-1.01460075963596,2.74650130110285,0.362639339305989,3.7611020607388,FALSE,TRUE,TRUE
1.02250175244809,-1.30439675556247,3.34940026045865,0.384893445296595,4.65379701602113,FALSE,TRUE,FALSE
1.40257634138133,-0.551889185182846,3.35704186794551,0.157368224782979,3.90893105312836,FALSE,TRUE,TRUE
1.53204977584289,-0.644991048036729,3.70909059972251,0.165472427147064,4.35408164775924,FALSE,TRUE,FALSE
1.47967461713954,-0.725242899572315,3.6845921338514,0.185767068638014,4.40983503342372,FALSE,TRUE,FALSE
2.31269050644651,0.427872652778754,4.19750836011427,0.0167609455500869,3.76963570733551,TRUE,TRUE,TRUE
3.75946557710363,1.72044920842797,5.7984819457793,0.000423614950286254,4.07803273735133,TRUE,FALSE,FALSE
1.49278996083285,-0.50311556590259,3.48869548756829,0.14076167868462,3.99181105347088,FALSE,TRUE,TRUE
1.2734732703195,-0.733765199605128,3.28071174024412,0.210707346274833,4.01447693984925,FALSE,TRUE,FALSE
0.921085789133941,-1.07708642765884,2.91925800592672,0.362134072730929,3.99634443358556,FALSE,TRUE,TRUE
1.09517282715061,-1.01989927329764,3.21024492759886,0.306296003099245,4.23014420089649,FALSE,TRUE,FALSE
0.1333260804346,-1.95785705032163,2.22450921119083,0.899465134173315,4.18236626151246,FALSE,TRUE,FALSE
0.684776505039357,-1.24906125065946,2.61861426073817,0.483474961091681,3.86767551139763,FALSE,TRUE,TRUE
1.70496314569161,-0.250078525110494,3.66000481649371,0.0865831474306074,3.91008334160421,FALSE,TRUE,TRUE
0.110186594418085,-2.08108380547565,2.30145699431182,0.920627547254493,4.38254079978746,FALSE,TRUE,FALSE
2.25421758335247,0.0872509971148139,4.42118416959012,0.0416426551213723,4.33393317247531,TRUE,TRUE,FALSE
0.73620466608779,-1.26965397792375,2.74206331009933,0.46770045697323,4.01171728802308,FALSE,TRUE,FALSE
0.494060181963962,-1.55910940018697,2.54722976411489,0.633688504257017,4.10633916430186,FALSE,TRUE,FALSE
0.342411278403679,-1.78066703152922,2.46548958833658,0.749340655468781,4.2461566198658,FALSE,TRUE,FALSE
0.983092088218048,-0.909501725128381,2.87568590156448,0.304769121115502,3.78518762669286,FALSE,TRUE,TRUE
0.0742050728096547,-2.20236027416637,2.35077041978568,0.94849920693314,4.55313069395205,FALSE,TRUE,FALSE
1.11323525578308,-1.01534840655717,3.24181891812332,0.30149413142325,4.25716732468048,FALSE,TRUE,FALSE
1.09678383966755,-0.99427189315224,3.18783957248734,0.300101180213392,4.18211146563958,FALSE,TRUE,FALSE
0.892502169814074,-1.04982188741869,2.83482622704684,0.3636513346239,3.88464811446553,FALSE,TRUE,TRUE
-0.5121573867434,-2.41420033518554,1.38988556169874,0.593922369044943,3.80408589688428,FALSE,TRUE,TRUE
1.05119378324137,-0.981916788840053,3.08430435532279,0.306999815468809,4.06622114416284,FALSE,TRUE,FALSE
0.101407807407744,-1.65924962640148,1.86206524121697,0.909133071172381,3.52131486761846,FALSE,TRUE,TRUE
0.936935095527342,-1.15903055967291,3.03290075072759,0.376771590825906,4.1919313104005,FALSE,TRUE,FALSE
0.843255839262698,-1.10017518024097,2.78668685876637,0.390873802955317,3.88686203900734,FALSE,TRUE,TRUE
-0.36717689076526,-2.41920095477075,1.68484717324023,0.722995800761338,4.10404812801098,FALSE,TRUE,FALSE
-0.895149053216335,-3.1343500482967,1.34405194186403,0.429074069179941,4.47840199016073,FALSE,TRUE,FALSE
0.740972761919826,-1.36592160900311,2.84786713284277,0.486451932003975,4.21378874184588,FALSE,TRUE,FALSE
0.956685804693633,-1.02175841258628,2.93513002197354,0.339203724121934,3.95688843455982,FALSE,TRUE,TRUE
1.12267315074783,-0.808408489630161,3.05375479112581,0.251074166744231,3.86216328075598,FALSE,TRUE,TRUE
3.82877809262193,1.4821689868714,6.17538719837247,0.00167452093195692,4.69321821150107,TRUE,FALSE,FALSE
-0.487561529329609,-2.51543176020827,1.54030870154906,0.63397389430764,4.05574046175733,FALSE,TRUE,FALSE
1.25510377442452,-0.559318248862931,3.06952579771197,0.172720168041939,3.6288440465749,FALSE,TRUE,TRUE
-1.1901783427034,-3.18998534258403,0.809628657177228,0.240102297762434,3.99961399976125,FALSE,FALSE,TRUE
-0.0428219979697619,-1.92166309718019,1.83601910124067,0.963975809574928,3.75768219842086,FALSE,TRUE,TRUE
-0.973387758325636,-2.93623898901998,0.989463472368709,0.32707699123884,3.92570246138869,FALSE,FALSE,TRUE
-0.445316821353328,-2.30194676613756,1.41131312343091,0.634788655238771,3.71325988956847,FALSE,TRUE,TRUE
-0.593639478333126,-2.88920402062417,1.70192506395792,0.608596867490072,4.5911290845821,FALSE,TRUE,FALSE
1.20914985431907,-0.816225808682309,3.23452551732045,0.238652626726964,4.05075132600276,FALSE,TRUE,FALSE
0.951291959905314,-1.12423973474722,3.02682365455785,0.364863997711842,4.15106338930507,FALSE,TRUE,FALSE
-0.276781361609644,-2.35762635618831,1.80406363296902,0.792138174356716,4.16168998915734,FALSE,TRUE,FALSE
1.57477455019802,-0.349093237610735,3.49864233800678,0.107379055151634,3.84773557561751,FALSE,TRUE,TRUE
1.76290713603308,-0.721656242616982,4.24747051468314,0.162043868580679,4.96912675730013,FALSE,TRUE,FALSE
-0.546896151315948,-2.59164675114926,1.49785444851736,0.596392487778376,4.08950119966662,FALSE,TRUE,FALSE
0.307016357076854,-1.71497670687014,2.32900942102385,0.763556819026812,4.043986127894,FALSE,TRUE,FALSE
0.233978737924365,-1.74403936791193,2.21199684376066,0.814696294098524,3.95603621167259,FALSE,TRUE,TRUE
0.147686433781581,-2.02218672126779,2.31755958883095,0.892715689759817,4.33974631009874,FALSE,TRUE,FALSE
0.97970035846055,-1.1078118335703,3.0672125504914,0.353545114921527,4.17502438406171,FALSE,TRUE,FALSE
3.65381429316475,1.78112999710983,5.52649858921967,0.000203087549073976,3.74536859210983,TRUE,FALSE,TRUE
1.40370664243411,-0.116630691186595,2.92404397605481,0.0699085040416313,3.04067466724141,FALSE,TRUE,TRUE
0.352863358363524,-1.73976271225962,2.44548942898667,0.738346142623421,4.18525214124629,FALSE,TRUE,FALSE
0.53192630560984,-1.52525929608461,2.58911190730429,0.608642408836547,4.1143712033889,FALSE,TRUE,FALSE
1.97619636595155,-0.196479305193445,4.14887203709654,0.0740894229917144,4.34535134228999,FALSE,TRUE,FALSE
-0.352352723247271,-2.14358422651139,1.43887878001685,0.696801706395495,3.58246300652825,FALSE,TRUE,TRUE
1.41108773680036,-0.629154325172272,3.451329798773,0.1727876857905,4.08048412394527,FALSE,TRUE,FALSE
-0.106457247862404,-2.37707324813299,2.16415875240818,0.925977468960852,4.54123200054117,FALSE,TRUE,FALSE
1.52747094031548,-0.69002044862249,3.74496232925346,0.174514149534366,4.43498277787595,FALSE,TRUE,FALSE
1.51569623527582,-0.467470346440829,3.49886281699248,0.132385572626359,3.96633316343331,FALSE,TRUE,TRUE
0.149250403088813,-2.03531243894558,2.3338132451232,0.892311142125127,4.36912568406878,FALSE,TRUE,FALSE
0.147644617714494,-2.08355394751573,2.37884318294472,0.89567641637641,4.46239713046046,FALSE,TRUE,FALSE
-0.448228788288232,-2.61069722098467,1.71423964440821,0.681400877580852,4.32493686539288,FALSE,TRUE,FALSE
-0.202406360455824,-1.97424313425538,1.56943041334373,0.820935743356435,3.5436735475991,FALSE,TRUE,TRUE
0.103820138390457,-2.05348852303702,2.26112879981794,0.924025528784227,4.31461732285496,FALSE,TRUE,FALSE
0.78705432610118,-1.46986079735048,3.04396944955284,0.490117073771159,4.51383024690333,FALSE,TRUE,FALSE
0.340880910148636,-1.85863820384744,2.54040002414471,0.758818003011859,4.39903822799216,FALSE,TRUE,FALSE
1.19086514255128,-0.91113865824815,3.29286894335071,0.263279425539575,4.20400760159886,FALSE,TRUE,FALSE
1.65329057018414,-0.359434905706365,3.66601604607465,0.106169257340825,4.02545095178101,FALSE,TRUE,FALSE
1.27404430425842,-0.903380849492908,3.45146945800974,0.248056961551333,4.35485030750265,FALSE,TRUE,FALSE
1.67190235516489,-0.394616239539615,3.7384209498694,0.111460533933408,4.13303718940902,FALSE,TRUE,FALSE
-0.22067402079319,-2.39827609645804,1.95692805487166,0.840859862148713,4.35520415132969,FALSE,TRUE,FALSE
0.226634455630485,-1.89876553109088,2.35203444235185,0.832669171834801,4.25079997344273,FALSE,TRUE,FALSE
-0.973716212892194,-2.76689428681414,0.819461861029751,0.28348265453259,3.58635614784389,FALSE,FALSE,TRUE
1.24510442968497,-0.893734312819748,3.38394317218969,0.250451456576102,4.27767748500943,FALSE,TRUE,FALSE
1.00652634146816,-1.00267082462031,3.01572350755662,0.32219766680641,4.01839433217694,FALSE,TRUE,FALSE
0.875043180289625,-1.20818284535004,2.95826920592929,0.406121221862837,4.16645205127932,FALSE,TRUE,FALSE
-1.31548097472214,-3.55152286774127,0.920560918297001,0.245505113195837,4.47208378603827,FALSE,FALSE,FALSE
3.27921777180805,1.39661538178212,5.16182016183399,0.000830891278529407,3.76520478005188,TRUE,FALSE,TRUE
0.841814497318482,-0.892523427776862,2.57615242241383,0.33739224562155,3.46867585019069,FALSE,TRUE,TRUE
1.7892051903807,-0.236119736861827,3.81453011762322,0.082635686615847,4.05064985448505,FALSE,TRUE,FALSE
-0.373134099340174,-2.73139082720963,1.98512262852928,0.753932649012095,4.71651345573891,FALSE,TRUE,FALSE
0.401207010618011,-1.56104478508627,2.36345880632229,0.685489259544775,3.92450359140857,FALSE,TRUE,TRUE
1.14706180768345,-0.894828135180784,3.18895175054767,0.267294532109839,4.08377988572846,FALSE,TRUE,FALSE
1.73337110128352,-0.21314683145125,3.6798890340183,0.0802446893179695,3.89303586546955,FALSE,TRUE,TRUE
2.04162685437251,0.180059905182846,3.90319380356217,0.031964627280882,3.72313389837932,TRUE,TRUE,TRUE
1.1418990036785,-1.10144612457264,3.38524413192963,0.314520473638687,4.48669025650228,FALSE,TRUE,FALSE
2.45613461540748,0.111376327473708,4.80089290334125,0.0402757396784709,4.68951657586754,TRUE,TRUE,FALSE
2.22810997653187,0.177895662439486,4.27832429062424,0.033513376732369,4.10042862818476,TRUE,TRUE,FALSE
0.997253020562744,-1.13209566750889,3.12660170863438,0.354543876581882,4.25869737614327,FALSE,TRUE,FALSE
2.22298315953806,0.116115549064046,4.32985077001208,0.0388796061371251,4.21373522094804,TRUE,TRUE,FALSE
1.50846377429423,-0.902112382271719,3.91903993086018,0.216955300729589,4.8211523131319,FALSE,TRUE,FALSE
1.80649681757392,-0.263237477929219,3.87623111307706,0.0863240747883009,4.13946859100628,FALSE,TRUE,FALSE
1.09095132401364,-0.994577698397755,3.17648034642503,0.301391343696687,4.17105804482279,FALSE,TRUE,FALSE
1.46811718931039,-0.982151389793848,3.91838576841462,0.236967044000967,4.90053715820847,FALSE,TRUE,FALSE
0.0294235607896673,-1.95823575631852,2.01708287789785,0.976597759107429,3.97531863421637,FALSE,TRUE,TRUE
1.43801226794431,-0.494952855417443,3.37097739130607,0.142864151402149,3.86593024672351,FALSE,TRUE,TRUE
-0.482848368801028,-2.54276885510016,1.57707211749811,0.642492641674258,4.11984097259827,FALSE,TRUE,FALSE
-0.0392058279481498,-1.8800631136706,1.8016514577743,0.966335908108755,3.68171457144489,FALSE,TRUE,TRUE
0.0773374670596578,-1.8675082216943,2.02218315581361,0.937191944538471,3.88969137750791,FALSE,TRUE,TRUE
-0.399497970538945,-2.60711827369834,1.80812233262045,0.719988207407922,4.41524060631878,FALSE,TRUE,FALSE
1.48747144576349,-0.797089502491003,3.77203239401797,0.199079050665505,4.56912189650898,FALSE,TRUE,FALSE
3.46964767163209,1.24612689539204,5.69316844787214,0.00259117206632571,4.4470415524801,TRUE,FALSE,FALSE
1.01291502710329,-1.17979095558579,3.20562100979237,0.361115830430509,4.38541196537816,FALSE,TRUE,FALSE
1.7900075979642,-0.177867751380324,3.75788294730872,0.0740749781844814,3.93575069868904,FALSE,TRUE,TRUE
-0.868103057260654,-3.00822408333507,1.27201796881376,0.422352630710088,4.28024205214884,FALSE,TRUE,FALSE
1.89814215003726,-0.071809761805679,3.8680940618802,0.0587604414649409,3.93990382368588,FALSE,TRUE,TRUE
1.40789468358886,-0.470740414334032,3.28652978151175,0.139977589049774,3.75727019584578,FALSE,TRUE,TRUE
-0.921803215512361,-2.86905565008709,1.02544921906236,0.349404993688414,3.89450486914945,FALSE,TRUE,TRUE
-1.03489681536531,-3.2683647803309,1.19857114960027,0.35965770394012,4.46693592993117,FALSE,TRUE,FALSE
0.527434006875181,-1.41279694751572,2.46766496126608,0.590405426000965,3.8804619087818,FALSE,TRUE,TRUE
2.26330829612676,-0.143230276810089,4.6698468690636,0.0649475091057816,4.81307714587369,FALSE,TRUE,FALSE
0.337903495805577,-1.4585317423863,2.13433873399745,0.709450257373087,3.59287047638375,FALSE,TRUE,TRUE
-0.149759501830577,-2.36336438733805,2.06384538367689,0.893355070660274,4.42720977101494,FALSE,TRUE,FALSE
1.07637513830862,-1.24621940934995,3.3989696859672,0.359577405901263,4.64518909531715,FALSE,TRUE,FALSE
-0.050181441909555,-2.07938564995673,1.97902276613762,0.960915179621196,4.05840841609435,FALSE,TRUE,FALSE
-0.244563792485304,-2.01231026325396,1.52318267828335,0.784009006520618,3.53549294153732,FALSE,TRUE,TRUE
1.31700838880318,-0.691598400636321,3.32561517824268,0.195963358898,4.017213578879,FALSE,TRUE,FALSE
1.52549508176789,-0.78869901914582,3.8396891826816,0.193604237115995,4.62838820182742,FALSE,TRUE,FALSE
1.44888385104675,-0.940373014765802,3.83814071685931,0.23138599084165,4.77851373162511,FALSE,TRUE,FALSE
-0.279236391473624,-2.42243058305918,1.86395780011193,0.796298847828121,4.2863883831711,FALSE,TRUE,FALSE
-0.332407516683827,-2.5114260226216,1.84661098925395,0.762483863491554,4.35803701187555,FALSE,TRUE,FALSE
-1.10896310081487,-3.16928927239566,0.951363070765914,0.28770138748901,4.12065234316158,FALSE,FALSE,FALSE
2.10980654935065,-0.110263995976025,4.32987709467732,0.0622413092628194,4.44014109065334,FALSE,TRUE,FALSE
2.96756706974483,0.7303990461669,5.20473509332277,0.00991180613744224,4.47433604715587,TRUE,TRUE,FALSE
0.713145441198547,-1.35956038621098,2.78585126860807,0.495925288054892,4.14541165481905,FALSE,TRUE,FALSE
0.895293864275044,-1.25631606165978,3.04690379020987,0.41051926066019,4.30321985186965,FALSE,TRUE,FALSE
1.53601388544785,-0.541117260427993,3.61314503132369,0.145242423987533,4.15426229175168,FALSE,TRUE,FALSE
1.39729547365108,-0.718241635190048,3.5128325824922,0.192734470122478,4.23107421768225,FALSE,TRUE,FALSE
0.777569165076364,-1.31862200050339,2.87376033065612,0.462978176089255,4.1923823311595,FALSE,TRUE,FALSE
-0.839482038240884,-2.61759094217733,0.938626865695565,0.350688758803185,3.5562178078729,FALSE,FALSE,TRUE
3.38932691581334,1.22823196522047,5.55042186640621,0.00247007288031718,4.32218990118574,TRUE,FALSE,FALSE
0.661822865170681,-1.26909036630979,2.59273609665115,0.49756762508122,3.86182646296094,FALSE,TRUE,TRUE
0.877992880867288,-1.16214423421116,2.91812999594574,0.394735567952031,4.0802742301569,FALSE,TRUE,FALSE
1.13951130738181,-0.997225691022578,3.27624830578621,0.292130438139784,4.27347399680878,FALSE,TRUE,FALSE
0.11443923910373,-2.20636634072457,2.43524481893202,0.922160286885062,4.64161115965659,FALSE,TRUE,FALSE
0.197738796065199,-1.90044304317633,2.29592063530673,0.851865965086544,4.19636367848305,FALSE,TRUE,FALSE
2.55165463677904,0.307213904260198,4.79609536929788,0.0263344236327963,4.48888146503768,TRUE,TRUE,FALSE
-0.300812242405821,-2.70652315599186,2.10489867118022,0.80433235932195,4.81142182717208,FALSE,TRUE,FALSE
0.12819509826082,-1.95788917564432,2.21427937216596,0.903079322677631,4.17216854781029,FALSE,TRUE,FALSE
2.31264909100269,0.236345554066458,4.38895262793893,0.0294490973044918,4.15260707387247,TRUE,TRUE,FALSE
1.47949782248955,-0.434832745900994,3.3938283908801,0.128154459237382,3.82866113678109,FALSE,TRUE,TRUE
-0.424033416429032,-2.5179711452486,1.66990431239053,0.688338588834647,4.18787545763913,FALSE,TRUE,FALSE
1.67765999659839,-0.278881724597199,3.63420171779397,0.0919051420864665,3.91308344239117,FALSE,TRUE,TRUE
1.60118182358857,-0.568577227066521,3.77094087424366,0.146069038332474,4.33951810131018,FALSE,TRUE,FALSE
2.96410494057381,0.926102671147474,5.00210721000015,0.00484573138240205,4.07600453885268,TRUE,TRUE,FALSE
-0.615070987205188,-2.56414996118868,1.33400798677831,0.53219830563664,3.89815794796699,FALSE,TRUE,TRUE
0.0188441205764779,-2.00256693348931,2.04025517464227,0.985261149003301,4.04282210813157,FALSE,TRUE,FALSE
1.79655095858352,-0.325565540661247,3.91866745782828,0.0960348070395777,4.24423299848953,FALSE,TRUE,FALSE
1.8295803565554,-0.379838320054239,4.03899903316503,0.103405328304766,4.41883735321927,FALSE,TRUE,FALSE
0.767606276458931,-1.28411894723496,2.81933150015283,0.459159943076872,4.10345044738779,FALSE,TRUE,FALSE
0.55727668504447,-1.42172003329726,2.5362734033862,0.577165745286061,3.95799343668346,FALSE,TRUE,TRUE
1.54481187492282,-0.628894115830857,3.7185178656765,0.161379687445246,4.34741198150736,FALSE,TRUE,FALSE
-0.0955059094626654,-2.16840324112829,1.97739142220296,0.927254419389415,4.14579466333125,FALSE,TRUE,FALSE
1.07353130520207,-0.939742862854823,3.08680547325897,0.292192026295895,4.02654833611379,FALSE,TRUE,FALSE
1.03522329867874,-1.22699905670538,3.29744565406285,0.365617527983499,4.52444471076823,FALSE,TRUE,FALSE
1.60769432675734,-0.33032771866607,3.54571637218075,0.102802683294245,3.87604409084682,FALSE,TRUE,TRUE
-0.623142585368999,-2.78154849294928,1.53526332221128,0.567606886782668,4.31681181516056,FALSE,TRUE,FALSE
1.17217135038285,-1.03150731291894,3.37585001368464,0.29337253934899,4.40735732660358,FALSE,TRUE,FALSE
1.07340854598459,-0.992672767338312,3.1394898593075,0.304679625469302,4.13216262664581,FALSE,TRUE,FALSE
0.277549220120124,-1.74699293959712,2.30209137983737,0.785920262219721,4.04908431943448,FALSE,TRUE,FALSE
1.50170930989791,-0.613327465050448,3.61674608484627,0.161768121496895,4.23007354989672,FALSE,TRUE,FALSE
-0.796099449945001,-3.24614103005567,1.65394213016567,0.520130530846763,4.90008316022133,FALSE,TRUE,FALSE
0.271200315809885,-1.5808933710221,2.12329400264187,0.771738392542028,3.70418737366397,FALSE,TRUE,TRUE
1.4207813974327,-0.533828110912524,3.37539090577792,0.152139423750855,3.90921901669044,FALSE,TRUE,TRUE
2.14662328640129,0.0480382950210219,4.24520827778155,0.0450885919989281,4.19716998276053,TRUE,TRUE,FALSE
-0.973155875416584,-3.01105884316131,1.06474709232814,0.345226290616745,4.07580593548945,FALSE,TRUE,FALSE
1.7425152083501,-0.406975626989693,3.8920060436899,0.110755572865094,4.29898167067959,FALSE,TRUE,FALSE
1.16246526204868,-0.79254727726255,3.11747780135992,0.240525027148642,3.91002507862247,FALSE,TRUE,TRUE
2.50605335504683,0.484932612001197,4.52717409809247,0.0156798414362753,4.04224148609127,TRUE,TRUE,FALSE
0.203640881909986,-1.74548561695663,2.1527673807766,0.835999091389827,3.89825299773323,FALSE,TRUE,TRUE
-1.02525788427274,-2.68025713505868,0.629741366513205,0.221562244590298,3.30999850157189,FALSE,FALSE,TRUE
1.14217958326197,-0.838236637590377,3.12259580411432,0.254842732723511,3.96083244170469,FALSE,TRUE,TRUE
0.00299653893445517,-1.93184941283288,1.93784249070179,0.99755127309576,3.86969190353468,FALSE,TRUE,TRUE
0.330817882858987,-1.78566729714438,2.44730306286236,0.75682103559972,4.23297036000674,FALSE,TRUE,FALSE
0.118300936825269,-1.8379401214164,2.07454199506694,0.90461565126304,3.91248211648334,FALSE,TRUE,TRUE
1.16734062100777,-0.863629427688669,3.19831066970421,0.256454902902154,4.06194009739288,FALSE,TRUE,FALSE
1.75285670063838,-0.347122372356224,3.85283577363298,0.100717411401807,4.1999581459892,FALSE,TRUE,FALSE
2.86407420567428,0.786866127264719,4.94128228408384,0.00743642609939727,4.15441615681912,TRUE,TRUE,FALSE
0.901614591229903,-1.20359722810628,3.00682641056609,0.397017595168064,4.21042363867237,FALSE,TRUE,FALSE
0.458423926773721,-1.23567596358643,2.15252381713387,0.592099309178238,3.38819978072031,FALSE,TRUE,TRUE
3.12278593709011,0.916030397068335,5.32954147711189,0.00606610454269935,4.41351108004356,TRUE,TRUE,FALSE
0.0979541597377988,-2.05325404630174,2.24916236577733,0.928103315649436,4.30241641207907,FALSE,TRUE,FALSE
0.368051146488747,-1.5448398346129,2.28094212759039,0.703111876318942,3.82578196220329,FALSE,TRUE,TRUE
0.233615686457167,-1.7294787764206,2.19671014933493,0.813598176603399,3.92618892575553,FALSE,TRUE,TRUE
0.358330627823006,-1.50918731346051,2.22584856910653,0.703890912859601,3.73503588256704,FALSE,TRUE,TRUE
-1.50136984574704,-3.66588564231183,0.663145950817745,0.171561601633712,4.32903159312957,FALSE,FALSE,FALSE
3.94710145392287,1.95064989951146,5.94355300833429,0.000169377414492377,3.99290310882283,TRUE,FALSE,TRUE
1.50357685502398,-0.640112078980197,3.64726578902816,0.166864072024953,4.28737786800836,FALSE,TRUE,FALSE
1.98784334022445,0.0352708299574553,3.94041585049145,0.0460883818156453,3.905145020534,TRUE,TRUE,TRUE
1.85970769664277,-0.0371392355324385,3.75655462881798,0.0545560930415336,3.79369386435042,FALSE,TRUE,TRUE
0.942140559435549,-1.36607657575965,3.25035769463075,0.419468993390476,4.61643427039039,FALSE,TRUE,FALSE
1.11731830053494,-0.810073061655059,3.04470966272494,0.252424073783987,3.85478272438,FALSE,TRUE,TRUE
1.80008673384779,-0.202680916415796,3.80285438411138,0.0775151595855839,4.00553530052717,FALSE,TRUE,FALSE
2.4204554217481,0.133958371862949,4.70695247163326,0.0382565452779671,4.57299409977031,TRUE,TRUE,FALSE
0.593289742368535,-1.40835641607831,2.59493590081538,0.557347193644336,4.00329231689368,FALSE,TRUE,FALSE
0.389919458004291,-1.69452904586219,2.47436796187077,0.71097645096444,4.16889700773296,FALSE,TRUE,FALSE
0.0316413406956214,-2.04039698445211,2.10367966584335,0.975858892290112,4.14407665029546,FALSE,TRUE,FALSE
0.0768091145559979,-1.95957656563455,2.11319479474655,0.940418820928213,4.07277136038109,FALSE,TRUE,FALSE
0.669800456741587,-1.31773358359529,2.65733449707846,0.504790971349652,3.97506808067375,FALSE,TRUE,TRUE
1.81259221192641,-0.404429307318551,4.02961373117138,0.107788468322149,4.43404303848993,FALSE,TRUE,FALSE
2.17897914489558,-0.0631663432335072,4.42112463302466,0.0566641908456472,4.48429097625817,FALSE,TRUE,FALSE
3.26209728652916,1.0424678060588,5.48172676699953,0.00443669742066444,4.43925896094073,TRUE,FALSE,FALSE
0.51325082930509,-1.4121237097454,2.43862536835558,0.597615347193523,3.85074907810097,FALSE,TRUE,TRUE
0.991543270230457,-1.05793098366494,3.04101752412585,0.33895625238835,4.09894850779079,FALSE,TRUE,FALSE
1.28197041714493,-0.778032355531749,3.34197318982162,0.219481426808937,4.12000554535337,FALSE,TRUE,FALSE
0.191329093560965,-2.02653653613121,2.40919472325314,0.864273013351679,4.43573125938435,FALSE,TRUE,FALSE
1.71112311067561,-0.0801063128509709,3.50235253420219,0.0609187905855788,3.58245884705316,FALSE,TRUE,TRUE
1.5111639743938,-0.407019237316318,3.42934718610392,0.121029794920358,3.83636642342024,FALSE,TRUE,TRUE
1.8599629640122,-0.545434891714762,4.26536081973917,0.127963788717943,4.81079571145393,FALSE,TRUE,FALSE
2.2277943031357,0.118085019753728,4.33750358651767,0.0387246745275034,4.21941856676394,TRUE,TRUE,FALSE
0.09026864120057,-2.05559452019691,2.23613180259805,0.933565901470614,4.29172632279495,FALSE,TRUE,FALSE
0.709046824311718,-1.65131439865207,3.06940804727551,0.552055541328223,4.72072244592758,FALSE,TRUE,FALSE
0.651878853965484,-1.41670902459659,2.72046673252756,0.532766050281914,4.13717575712416,FALSE,TRUE,FALSE
0.654959796902447,-1.4062353754726,2.7161549692775,0.529366370967773,4.1223903447501,FALSE,TRUE,FALSE
2.0889223636819,-0.318308972385843,4.49615369974965,0.0881267783961892,4.81446267213549,FALSE,TRUE,FALSE
1.92250471365433,-0.109888786644678,3.95489821395334,0.0634386712273565,4.06478700059802,FALSE,TRUE,FALSE
1.4821870364051,-0.632419874730649,3.59679394754085,0.167144863351988,4.2292138222715,FALSE,TRUE,FALSE
1.35565162316538,-0.673111216388295,3.38441446271905,0.187632512613828,4.05752567910734,FALSE,TRUE,FALSE
2.27852752656436,0.335793306349266,4.22126174677945,0.0220510728493537,3.88546844043019,TRUE,TRUE,TRUE
1.84231192724462,-0.240735960552497,3.92535981504174,0.0822896013298331,4.16609577559424,FALSE,TRUE,FALSE
1.54082388865896,-0.373834524810513,3.45548230212843,0.11334411310669,3.82931682693894,FALSE,TRUE,TRUE
0.404218436477338,-1.7178474910199,2.52628436397457,0.705936868051703,4.24413185499447,FALSE,TRUE,FALSE
-0.0176052864834035,-1.94478496690161,1.9095743939348,0.985556771681201,3.85435936083642,FALSE,TRUE,TRUE
0.918995345620006,-0.97215837437742,2.81014906561743,0.336834705072583,3.78230743999485,FALSE,TRUE,TRUE
0.462214528144036,-1.5085238907362,2.43295294702427,0.64229811096434,3.94147683776047,FALSE,TRUE,TRUE
1.38783396924421,-0.8270875776076,3.60275551609602,0.216362493149493,4.42984309370362,FALSE,TRUE,FALSE
0.167620752372507,-2.05916848249603,2.39440998724105,0.881428420027322,4.45357846973708,FALSE,TRUE,FALSE
0.613505452706033,-1.14337722135777,2.37038812676984,0.489532733145634,3.51376534812761,FALSE,TRUE,TRUE
1.49575456662328,-0.362993568600759,3.35450270184732,0.113362050022044,3.71749627044808,FALSE,TRUE,TRUE
0.773976014448313,-1.09155420067801,2.63950622957464,0.411889303695155,3.73106043025265,FALSE,TRUE,TRUE
1.06213944157217,-0.810391012781941,2.93466989592627,0.262708061595654,3.74506090870821,FALSE,TRUE,TRUE
4.32254657369197,2.09247699413588,6.55261615324807,0.000222005841789056,4.46013915911219,TRUE,FALSE,FALSE
-0.000956738102892096,-2.02323383237352,2.02132035616773,0.999251968550131,4.04455418854125,FALSE,TRUE,FALSE
1.53710605318471,-0.760483843895246,3.83469595026467,0.187115083627591,4.59517979415992,FALSE,TRUE,FALSE
1.83627687578283,-0.103429276575478,3.77598302814114,0.0632342513091373,3.87941230471662,FALSE,TRUE,TRUE
1.94673258939639,-0.0472958657477094,3.94076104454048,0.0555631429386883,3.98805691028819,FALSE,TRUE,TRUE
-0.0186108557342233,-2.31422814447564,2.27700643300719,0.987182144575166,4.59123457748283,FALSE,TRUE,FALSE
1.61097892929429,-0.62610693230438,3.84806479089295,0.155944775170934,4.47417172319733,FALSE,TRUE,FALSE
2.17580817293943,0.183647047812925,4.16796929806594,0.0326629946740469,3.98432225025302,TRUE,TRUE,TRUE
1.60378318123973,-0.262841229408045,3.4704075918875,0.0912629851327182,3.73324882129554,FALSE,TRUE,TRUE
2.57514436409053,0.41304675874291,4.73724196943815,0.0201288098274601,4.32419521069524,TRUE,TRUE,FALSE
0.884885080376602,-0.715198378998294,2.4849685397515,0.2747571902643,3.20016691874979,FALSE,TRUE,TRUE
0.8033807213065,-1.45356275763856,3.06032420025156,0.481190295720205,4.51388695789012,FALSE,TRUE,FALSE
-0.053141291421466,-2.2414161137745,2.13513353093157,0.96161802803847,4.37654964470607,FALSE,TRUE,FALSE
2.2199484955612,0.345535719522138,4.09436127160026,0.0208182906184358,3.74882555207812,TRUE,TRUE,TRUE
0.804898317424977,-1.14025330580149,2.75004994065144,0.413108910821389,3.89030324645293,FALSE,TRUE,TRUE
2.49885090625363,0.393985747950702,4.60371606455655,0.0205238569165692,4.20973031660585,TRUE,TRUE,FALSE
1.40829327674384,-0.833588291555786,3.65017484504346,0.215208498241224,4.48376313659925,FALSE,TRUE,FALSE
0.0981591065373043,-1.86099258962676,2.05731080270137,0.920913054091444,3.91830339232813,FALSE,TRUE,TRUE
-0.490790494867977,-2.64496003574139,1.66337904600544,0.651828801034242,4.30833908174683,FALSE,TRUE,FALSE
-0.765381326575921,-2.82739340688016,1.29663075372832,0.462692138289045,4.12402416060848,FALSE,TRUE,FALSE
3.00728418703035,0.96753703508791,5.0470313389728,0.00431755838715118,4.07949430388489,TRUE,TRUE,FALSE
-1.04099571769872,-2.93765722651819,0.855665791120745,0.278365881601045,3.79332301763893,FALSE,FALSE,TRUE
2.97298549877021,0.920409561937052,5.02556143560336,0.00501606513661102,4.10515187366631,TRUE,TRUE,FALSE
-0.505774362384821,-2.54914934458248,1.53760061981283,0.624020344007291,4.08674996439531,FALSE,TRUE,FALSE
1.84361491161274,-0.303553492075623,3.99078331530109,0.0914718640244802,4.29433680737672,FALSE,TRUE,FALSE
0.270519974174582,-1.81344196101095,2.35448190936011,0.797031679824839,4.16792387037106,FALSE,TRUE,FALSE
-0.331337302291124,-2.52450788454523,1.86183327996299,0.764707160974769,4.38634116450822,FALSE,TRUE,FALSE
-0.0924453152793372,-2.1744893730866,1.98959874252792,0.929887920177503,4.16408811561452,FALSE,TRUE,FALSE
0.384588459649687,-1.48263074631053,2.25180766560991,0.683299965339786,3.73443841192044,FALSE,TRUE,TRUE
1.22165620312409,-0.407496226464454,2.85080863271263,0.13974376647267,3.25830485917708,FALSE,TRUE,TRUE
-0.0985005540651938,-2.16663510464684,1.96963399651645,0.924807937600055,4.13626910116329,FALSE,TRUE,FALSE
2.47086678739571,0.19638034584666,4.74535322894477,0.0335815220382674,4.54897288309811,TRUE,TRUE,FALSE
1.11407664133226,-0.978585742300669,3.20673902496519,0.292960502019098,4.18532476726586,FALSE,TRUE,FALSE
1.13037829671267,-0.83587435428799,3.09663094771334,0.256356626134619,3.93250530200133,FALSE,TRUE,TRUE
0.953408489721148,-1.29531563608911,3.20213261553141,0.401755267429315,4.49744825162052,FALSE,TRUE,FALSE
1.57724301032113,-0.872984406813626,4.02747042745588,0.2041739374692,4.9004548342695,FALSE,TRUE,FALSE
1.79813006038853,-0.432842738946081,4.02910285972314,0.112800174583657,4.46194559866922,FALSE,TRUE,FALSE
1.2143094379708,-0.536275010737293,2.96489388667889,0.171542691510892,3.50116889741618,FALSE,TRUE,TRUE
1.94681085810775,-0.229566972763396,4.1231886889789,0.0789129760791902,4.35275566174229,FALSE,TRUE,FALSE
0.57706195864609,-1.25476818034354,2.40889209763572,0.532912571108862,3.66366027797926,FALSE,TRUE,TRUE
-0.370180712936271,-2.63446437653068,1.89410295065814,0.746031014838103,4.52856732718882,FALSE,TRUE,FALSE
2.50678673942107,0.390394445646315,4.62317903319582,0.0208058803984224,4.2327845875495,TRUE,TRUE,FALSE
0.153171671368739,-2.20150876333339,2.50785210607087,0.897436679313015,4.70936086940426,FALSE,TRUE,FALSE
0.806108676165338,-1.23412252245338,2.84633987478406,0.434450339532285,4.08046239723744,FALSE,TRUE,FALSE
2.86584530847372,1.0226694036409,4.70902121330654,0.00268005754281217,3.68635180966564,TRUE,FALSE,TRUE
0.699404979868198,-1.23608998684152,2.63489994657791,0.474584654712422,3.87098993341943,FALSE,TRUE,TRUE
0.8762492014555,-1.13503060766219,2.88752901057319,0.38895551460119,4.02255961823538,FALSE,TRUE,FALSE
1.455765219478,-0.39470818760489,3.30623862656088,0.121548075709711,3.70094681416577,FALSE,TRUE,TRUE
1.50049033678256,-0.641973286431193,3.64295395999631,0.167486892582097,4.2849272464275,FALSE,TRUE,FALSE
1.35375656439976,-0.750195756542321,3.45770888534184,0.204367545754884,4.20790464188416,FALSE,TRUE,FALSE
1.59866456201911,-0.355618832261993,3.55294795630022,0.107597135534867,3.90856678856222,FALSE,TRUE,TRUE
0.279749860288567,-1.88766503233911,2.44716475291624,0.798162726338469,4.33482978525535,FALSE,TRUE,FALSE
-0.837212637803987,-3.11276907384316,1.43834379823519,0.466626968328723,4.55111287207835,FALSE,TRUE,FALSE
2.81749152823346,0.705835496063154,4.92914756040377,0.00950214158558207,4.22331206434062,TRUE,TRUE,FALSE
1.46146041619001,-0.379097183355471,3.30201801573548,0.118160554246393,3.68111519909096,FALSE,TRUE,TRUE
0.531310053561525,-1.74692112929773,2.80954123642079,0.644179544018241,4.55646236571852,FALSE,TRUE,FALSE
1.03443460776348,-1.01441146230045,3.08328067782741,0.31844027257029,4.09769214012786,FALSE,TRUE,FALSE
1.03217471892292,-1.09532512593411,3.15967456377995,0.337612459483532,4.25499968971406,FALSE,TRUE,FALSE
1.15906322509462,-0.831767710524097,3.14989416071334,0.250402726308812,3.98166187123744,FALSE,TRUE,TRUE
0.353785159728884,-1.86271935453704,2.57028967399481,0.751843735164235,4.43300902853185,FALSE,TRUE,FALSE
2.16068563555582,0.107701503563333,4.21366976754832,0.0393611342444229,4.10596826398498,TRUE,TRUE,FALSE
1.36986520939875,-0.551896566009199,3.29162698480669,0.160137578464185,3.84352355081589,FALSE,TRUE,TRUE
1.69598977553264,-0.0642240989583405,3.45620365002362,0.0587691785952729,3.52042774898196,FALSE,TRUE,TRUE
-0.00526353023067783,-2.22327499780467,2.21274793734332,0.996247858389648,4.43602293514799,FALSE,TRUE,FALSE
2.37327473809877,0.3247716687204,4.42177780747714,0.0236746873231998,4.09700613875674,TRUE,TRUE,FALSE
-0.251468764070688,-2.50530401940228,2.00236649126091,0.825038350994183,4.50767051066319,FALSE,TRUE,FALSE
1.53699696583076,-0.30440334234242,3.37839727400393,0.10072254414155,3.68280061634635,FALSE,TRUE,TRUE
2.21480101305287,0.244588981000787,4.18501304510495,0.0280175403779925,3.94042406410416,TRUE,TRUE,TRUE
1.28149543258914,-0.790424615117345,3.35341548029562,0.222291710683401,4.14384009541297,FALSE,TRUE,FALSE
0.334390748638979,-1.60293365588925,2.27171515316721,0.732405229418359,3.87464880905646,FALSE,TRUE,TRUE
-0.878131037179986,-2.93488087567765,1.17861880131768,0.398475550499761,4.11349967699534,FALSE,TRUE,FALSE
2.40219735268107,0.0735994379087619,4.73079526745337,0.043330387890362,4.65719582954461,TRUE,TRUE,FALSE
1.67875444050267,-0.628712617167061,3.98622149817241,0.151781061264762,4.61493411533947,FALSE,TRUE,FALSE
0.51693880995546,-1.57818584104001,2.61206346095093,0.625119140080987,4.19024930199094,FALSE,TRUE,FALSE
-0.791109853857759,-2.78287895814127,1.20065925042576,0.432040310675225,3.98353820856703,FALSE,TRUE,TRUE
1.85743419660188,-0.458973309827509,4.17384170303127,0.114627476396641,4.63281501285878,FALSE,TRUE,FALSE
0.118058956719497,-1.7463332473186,1.9824511607576,0.900144681156863,3.7287844080762,FALSE,TRUE,TRUE
0.479450079697413,-1.61055999513828,2.56946015453311,0.649594994174879,4.18002014967138,FALSE,TRUE,FALSE
2.62584720777668,0.549084326097828,4.70261008945554,0.0138028049438445,4.15352576335771,TRUE,TRUE,FALSE
0.45660570856978,-1.53122586403808,2.44443728117764,0.649168616369354,3.97566314521573,FALSE,TRUE,TRUE
1.1970214597999,-0.739418239296294,3.1334611588961,0.222551570787714,3.8728793981924,FALSE,TRUE,TRUE
0.316006224853028,-1.83225450612145,2.46426695582751,0.770724241748964,4.29652146194896,FALSE,TRUE,FALSE
-0.222989362115251,-2.42586223381939,1.97988350958889,0.841032536448023,4.40574574340827,FALSE,TRUE,FALSE
2.63457336671418,0.564784676493971,4.70436205693439,0.0132010680598088,4.13957738044042,TRUE,TRUE,FALSE
0.899407416059642,-1.09473276857832,2.89354760069761,0.372528495094994,3.98828036927593,FALSE,TRUE,TRUE
-0.0869231526371235,-2.29125896154989,2.11741265627564,0.937716089276579,4.40867161782554,FALSE,TRUE,FALSE
2.48807509642503,0.352912968407139,4.62323722444292,0.0228963810793824,4.27032425603578,TRUE,TRUE,FALSE
0.56436160626438,-1.33459692116082,2.46332013368958,0.556293374368632,3.79791705485039,FALSE,TRUE,TRUE
2.50130372221525,0.151435035776589,4.85117240865392,0.0372255342922934,4.69973737287733,TRUE,TRUE,FALSE
-1.0750647951372,-2.88567616231408,0.735546572039673,0.241192462248811,3.62122273435375,FALSE,FALSE,TRUE
1.19891688689414,-0.844241774006977,3.24207554779527,0.246711298982617,4.08631732180224,FALSE,TRUE,FALSE
2.23227089149394,0.378755467075828,4.08578631591206,0.0188187997139041,3.70703084883623,TRUE,TRUE,TRUE
0.809162128817377,-1.19781562513087,2.81613988276563,0.425159792269788,4.0139555078965,FALSE,TRUE,FALSE
1.02861889369521,-1.53932600567591,3.59656379306634,0.428156142351949,5.13588979874225,FALSE,TRUE,FALSE
1.15390798180587,-0.914135029289605,3.22195099290135,0.270516105970264,4.13608602219095,FALSE,TRUE,FALSE
-0.510941373639552,-2.51876869272915,1.49688594545005,0.614321092014708,4.0156546381792,FALSE,TRUE,FALSE
0.204838597126609,-2.07525877475366,2.48493596900688,0.858714424116894,4.56019474376054,FALSE,TRUE,FALSE
1.11570182605571,-1.19055635512116,3.42196000723258,0.338988319814913,4.61251636235374,FALSE,TRUE,FALSE
0.439349706516449,-1.38978376642148,2.26848317945438,0.634304749366667,3.65826694587586,FALSE,TRUE,TRUE
1.19027875008111,-0.863108892939272,3.24366639310149,0.252455805038843,4.10677528604076,FALSE,TRUE,FALSE
-0.637494234156955,-2.89241470129026,1.61742623297635,0.575658868542601,4.50984093426661,FALSE,TRUE,FALSE
-0.00610173989566265,-1.75415467462597,1.74195119483465,0.994480965577897,3.49610586946062,FALSE,TRUE,TRUE
0.0380342173568905,-1.68729533201228,1.76336376672607,0.965155883265764,3.45065909873835,FALSE,TRUE,TRUE
2.07550370104917,-0.102693186579243,4.25370058867759,0.061564174724643,4.35639377525683,FALSE,TRUE,FALSE
-0.533409258278205,-2.46001289845078,1.39319438189437,0.583568469237749,3.85320728034515,FALSE,TRUE,TRUE
1.14188122388753,-0.8937453372522,3.17750778502727,0.26798558419521,4.07125312227947,FALSE,TRUE,FALSE
1.28827068162198,-0.590863115554581,3.16740447879854,0.176542579540136,3.75826759435312,FALSE,TRUE,TRUE
1.88987488502186,-0.170926387713934,3.95067615775766,0.0717815593099596,4.1216025454716,FALSE,TRUE,FALSE
0.387446724174287,-1.57245402946058,2.34734747780915,0.695372058371426,3.91980150726974,FALSE,TRUE,TRUE
3.27353249242111,1.26194949077781,5.28511549406441,0.00171967437953015,4.0231660032866,TRUE,FALSE,FALSE
0.993768864935484,-0.842265797479287,2.82980352735025,0.28502987670875,3.67206932482954,FALSE,TRUE,TRUE
-0.201823579692925,-2.42677577968202,2.02312862029617,0.857358675638419,4.44990439997819,FALSE,TRUE,FALSE
1.83859847653876,-0.0835115007146476,3.76070845379217,0.0605820674049471,3.84421995450682,FALSE,TRUE,TRUE
1.05655784511912,-1.16470172482744,3.27781741506568,0.34711007303384,4.44251913989313,FALSE,TRUE,FALSE
1.02270924002366,-1.14381643301796,3.18923491306529,0.350760183597651,4.33305134608325,FALSE,TRUE,FALSE
0.652247827538458,-1.43561993605328,2.7401155911302,0.536317885595659,4.17573552718348,FALSE,TRUE,FALSE
1.24242370276795,-0.718816655762561,3.20366406129846,0.21138652347979,3.92248071706102,FALSE,TRUE,TRUE
1.80185475401013,-0.342045993044681,3.94575550106494,0.0984271905726505,4.28780149410962,FALSE,TRUE,FALSE
0.750193070624415,-1.26269119599502,2.76307733724385,0.460874864281823,4.02576853323888,FALSE,TRUE,FALSE
2.0767978581771,0.0135240448778475,4.14007167147636,0.0485490700966095,4.12654762659851,TRUE,TRUE,FALSE
-0.754222885291094,-2.79418212136247,1.28573635078028,0.464445422230704,4.07991847214275,FALSE,TRUE,FALSE
1.12861930764439,-1.11177447900162,3.3690130942904,0.319515700146564,4.48078757329202,FALSE,TRUE,FALSE
2.04674702611447,-0.0967195228978475,4.19021357512679,0.0610252775072084,4.28693309802463,FALSE,TRUE,FALSE
2.61421720253799,0.675200727793678,4.55323367728229,0.00880471362192523,3.87803294948861,TRUE,TRUE,TRUE
-1.22523339862664,-3.23964662497625,0.789179827722957,0.230002100892115,4.0288264526992,FALSE,FALSE,FALSE
-0.0692929548501215,-1.91145985093348,1.77287394123324,0.940581904465087,3.68433379216672,FALSE,TRUE,TRUE
0.815615231956002,-1.11962961796308,2.75086008187508,0.404552577120906,3.87048969983816,FALSE,TRUE,TRUE
-0.186781780569175,-2.27474224020932,1.90117867907097,0.859307374711317,4.1759209192803,FALSE,TRUE,FALSE
3.11495091835289,0.783310355581369,5.44659148112441,0.00941506457726575,4.66328112554304,TRUE,TRUE,FALSE
1.12246036095039,-1.11677815111566,3.36169887301645,0.32190064627813,4.4784770241321,FALSE,TRUE,FALSE
2.71339992961416,0.685889233141572,4.74091062608675,0.00929562399754782,4.05502139294518,TRUE,TRUE,FALSE
1.09336643906448,-1.26522737048162,3.45196024861058,0.359442719314386,4.7171876190922,FALSE,TRUE,FALSE
0.396130270738698,-1.62063198627813,2.41289252775553,0.697227440026789,4.03352451403366,FALSE,TRUE,FALSE
2.26092636279143,0.30346424662663,4.21838847895623,0.0240890346101202,3.9149242323296,TRUE,TRUE,TRUE
-0.68429072687387,-2.764297503049,1.39571604930126,0.514953042574258,4.16001355235025,FALSE,TRUE,FALSE
-0.614521282384468,-2.31705448987213,1.08801192510319,0.475086970796847,3.40506641497532,FALSE,TRUE,TRUE
0.624669310763834,-1.40483634215397,2.65417496368164,0.542329498272959,4.0590113058356,FALSE,TRUE,FALSE
0.73318646185612,-1.00350102719626,2.4698739509085,0.40375128402833,3.47337497810475,FALSE,TRUE,TRUE
-0.845522755735284,-2.88867847681639,1.19763296534582,0.41307004097483,4.08631144216221,FALSE,TRUE,FALSE
1.18098235594278,-1.0795069093696,3.44147162125516,0.301997833869601,4.52097853062476,FALSE,TRUE,FALSE
-0.989200321359845,-3.41587128838722,1.43747064566753,0.420072303302995,4.85334193405475,FALSE,TRUE,FALSE
0.988410333212335,-0.821283465362865,2.79810413178754,0.280705063301048,3.6193875971504,FALSE,TRUE,TRUE
0.123881082162168,-1.97077401803551,2.21853618235985,0.906706852493604,4.18931020039537,FALSE,TRUE,FALSE
0.428987895216573,-1.73892567421324,2.59690146464639,0.695088900895938,4.33582713885963,FALSE,TRUE,FALSE
2.14394175062969,0.0948774113458626,4.19300608991352,0.0404992136411843,4.09812867856766,TRUE,TRUE,FALSE
1.56213963042079,-0.627161254300615,3.75144051514219,0.159722818137878,4.37860176944281,FALSE,TRUE,FALSE
2.1473538815022,-0.0898158578387998,4.38452362084321,0.0597166824042483,4.47433947868201,FALSE,TRUE,FALSE
1.96030925149558,-0.270248886215594,4.19086738920675,0.0842108897595881,4.46111627542234,FALSE,TRUE,FALSE
0.725022009404385,-1.45185807554374,2.9019020943525,0.509778975637002,4.35376016989624,FALSE,TRUE,FALSE
1.06579527893478,-0.78474050831429,2.91633106618386,0.255496175779931,3.70107157449815,FALSE,TRUE,TRUE
2.63588398240455,0.589352452308336,4.68241551250076,0.0121869420058438,4.09306306019242,TRUE,TRUE,FALSE
1.65621564630273,-0.626682282043601,3.93911357464907,0.152920748190824,4.56579585669267,FALSE,TRUE,FALSE
-0.0758906542634274,-2.27421801440457,2.12243670587772,0.945459513278474,4.39665472028229,FALSE,TRUE,FALSE
-0.58950054631843,-2.67172212288716,1.4927210302503,0.575121270163686,4.16444315313747,FALSE,TRUE,FALSE
-1.18011706842254,-3.28143977845402,0.921205641608928,0.267428149322894,4.20264542006294,FALSE,FALSE,FALSE
1.64967961659289,-0.560008663302115,3.8593678964879,0.141476202301227,4.41937655979001,FALSE,TRUE,FALSE
1.84134829221539,-0.214131613508514,3.8968281979393,0.0784845796516563,4.11095981144782,FALSE,TRUE,FALSE
-0.778676033636138,-2.73553924092261,1.17818717365033,0.431196435506975,3.91372641457294,FALSE,TRUE,TRUE
1.68725903309885,-0.48508701278625,3.85960507898396,0.126291815384778,4.34469209177021,FALSE,TRUE,FALSE
2.06168992868625,0.223131819909064,3.90024803746343,0.0283974305423666,3.67711621755436,TRUE,TRUE,TRUE
-0.188743533764167,-2.37048872218633,1.99300165465799,0.863894277674731,4.36349037684432,FALSE,TRUE,FALSE
1.35783192769977,-0.5976206977638,3.31328455316333,0.171101344756048,3.91090525092713,FALSE,TRUE,TRUE
0.138836731775644,-1.8777647651649,2.15543822871619,0.891486623542565,4.03320299388108,FALSE,TRUE,FALSE
-1.22782243988638,-3.09853242402909,0.642887544256329,0.195519369353003,3.74141996828542,FALSE,FALSE,TRUE
2.81774237020311,0.786769199926572,4.84871554047964,0.00708929055947211,4.06194634055307,TRUE,TRUE,FALSE
-0.328684996361495,-2.58752192076288,1.93015192803989,0.773129920537363,4.51767384880276,FALSE,TRUE,FALSE
0.363646276740562,-1.45150346876956,2.17879602225069,0.691496595227092,3.63029949102025,FALSE,TRUE,TRUE
-0.266895922026497,-2.44072909856316,1.90693725451016,0.807804372621557,4.34766635307332,FALSE,TRUE,FALSE
0.66421146676061,-1.45660454079311,2.78502747431433,0.535293002709563,4.24163201510744,FALSE,TRUE,FALSE
1.31016820794526,-0.807395958461025,3.42773237435155,0.222137159172351,4.23512833281258,FALSE,TRUE,FALSE
1.44135111215449,-0.651322969873686,3.53402519418266,0.174556200131434,4.18534816405635,FALSE,TRUE,FALSE
-0.262301415428802,-2.42322614549857,1.89862331464097,0.809941950163322,4.32184946013954,FALSE,TRUE,FALSE
0.147000962274896,-1.89466916493372,2.18867108948351,0.886549731070981,4.08334025441723,FALSE,TRUE,FALSE
1.816064110205,-0.19447530215839,3.82660352256839,0.0760767255864401,4.02107882472678,FALSE,TRUE,FALSE
1.75536326130551,-0.0734744996201515,3.58420102223118,0.0597240898588172,3.65767552185133,FALSE,TRUE,TRUE
1.23757284950338,-1.01239077982944,3.48753647883621,0.277336970005093,4.49992725866565,FALSE,TRUE,FALSE
0.659893809533366,-1.31336259716815,2.63315021623488,0.508052578825091,3.94651281340303,FALSE,TRUE,TRUE
1.89064753884436,-0.211696259548039,3.99299133723676,0.0773516035243928,4.2046875967848,FALSE,TRUE,FALSE
1.17661662162165,-0.760627274247309,3.1138605174906,0.230661672324588,3.87448779173791,FALSE,TRUE,TRUE
1.88459385330532,-0.190994303951472,3.96018201056212,0.0745863707052579,4.15117631451359,FALSE,TRUE,FALSE
0.0547534535691538,-2.18300931481906,2.29251622195737,0.96132841853466,4.47552553677642,FALSE,TRUE,FALSE
0.988010394097968,-1.20560448886999,3.18162527706592,0.373185529300733,4.38722976593591,FALSE,TRUE,FALSE
0.9260804493663,-1.22007194863086,3.07223284736346,0.393481423323189,4.29230479599433,FALSE,TRUE,FALSE
0.479504446506971,-1.24566506482774,2.20467395784168,0.582102089742401,3.45033902266943,FALSE,TRUE,TRUE
1.84396150789699,-0.271199574342113,3.95912259013609,0.0866905489972799,4.2303221644782,FALSE,TRUE,FALSE
1.0724858459292,-1.09840362816765,3.24337532002606,0.328898788951479,4.3417789481937,FALSE,TRUE,FALSE
1.10436693339114,-0.986961737104663,3.19569560388693,0.296855089126876,4.1826573409916,FALSE,TRUE,FALSE
1.53112469191055,-0.528730595780851,3.59097997960195,0.14319584617534,4.1197105753828,FALSE,TRUE,FALSE
1.93963967412812,-0.131821877064051,4.0111012253203,0.06610834849646,4.14292310238435,FALSE,TRUE,FALSE
1.41750567935938,-0.801235187013164,3.63624654573193,0.207561379199042,4.4374817327451,FALSE,TRUE,FALSE
2.63837398326012,0.546818990500963,4.72992897601927,0.0140181520679678,4.18310998551831,TRUE,TRUE,FALSE
2.32481522222126,0.150860868830376,4.49876957561215,0.0363729642210316,4.34790870678177,TRUE,TRUE,FALSE
0.898700280716446,-1.15096939195483,2.94836995338773,0.38593452681082,4.09933934534256,FALSE,TRUE,FALSE
2.04369953372161,-0.0643435620351371,4.15174262947836,0.0572527430683655,4.2160861915135,FALSE,TRUE,FALSE
2.71574535282465,0.594973455351563,4.83651725029774,0.0126766812382341,4.24154379494617,TRUE,TRUE,FALSE
2.47532172808442,0.292399362205771,4.65824409396306,0.026713500982092,4.36584473175729,TRUE,TRUE,FALSE
0.797007669438547,-1.14406939731482,2.73808473619191,0.416713299820612,3.88215413350673,FALSE,TRUE,TRUE
1.27066100464351,-0.962517956074432,3.50383996536145,0.261231806185923,4.46635792143589,FALSE,TRUE,FALSE
0.660126079069101,-1.46140661329839,2.78165877143659,0.537938099326547,4.24306538473498,FALSE,TRUE,FALSE
1.56614818268699,-0.502118845151474,3.63441521052544,0.135948655545129,4.13653405567692,FALSE,TRUE,FALSE
1.16477527581546,-1.18992070877172,3.51947126040264,0.328285753778386,4.70939196917436,FALSE,TRUE,FALSE
2.74599311572909,0.610621662482535,4.88136456897564,0.0123183966354258,4.2707429064931,TRUE,TRUE,FALSE
0.944731975026936,-0.849548646755054,2.73901259680893,0.298262287748703,3.58856124356398,FALSE,TRUE,TRUE
-0.4602589693078,-2.36187484399717,1.44135690538157,0.631713738247204,3.80323174937874,FALSE,TRUE,TRUE
0.241281846806625,-1.89073411223257,2.37329780584582,0.822576091135006,4.26403191807839,FALSE,TRUE,FALSE
3.75261532359028,1.69759286976118,5.80763777741939,0.000477001402847415,4.11004490765821,TRUE,FALSE,FALSE
0.972797968669959,-1.2888538099679,3.23444974730782,0.394989994141035,4.52330355727572,FALSE,TRUE,FALSE
1.17511008470404,-0.857457828167353,3.20767799757543,0.253696903135306,4.06513582574278,FALSE,TRUE,FALSE
1.60599264087099,-0.640956682560326,3.85294196430231,0.159023904693069,4.49389864686264,FALSE,TRUE,FALSE
1.42488240592019,-0.396132635667957,3.24589744750834,0.123538450800361,3.6420300831763,FALSE,TRUE,TRUE
2.39864032256746,0.372273824105318,4.42500682102961,0.0208840654729023,4.05273299692429,TRUE,TRUE,FALSE
-1.04200383695729,-2.97804843329235,0.894040759377761,0.287731335538691,3.87208919267011,FALSE,FALSE,TRUE
3.15980964976665,1.28163702141248,5.03798227812082,0.00121712085824747,3.75634525670834,TRUE,FALSE,TRUE
1.03830750208087,-1.19785389445338,3.27446889861512,0.35866059530334,4.47232279306849,FALSE,TRUE,FALSE
0.897298222184332,-1.13492741027224,2.92952385464091,0.38262746568869,4.06445126491315,FALSE,TRUE,FALSE
2.68929151976025,0.610994776894958,4.76758826262555,0.0118032489929128,4.15659348573059,TRUE,TRUE,FALSE
1.67902449847545,-0.396573590243931,3.75462258719482,0.111507496805235,4.15119617743875,FALSE,TRUE,FALSE
0.659341379994537,-1.68076283502413,2.9994455950132,0.576947461016805,4.68020843003732,FALSE,TRUE,FALSE
2.39933372178398,0.0861878812867931,4.71247956228116,0.0422217698201828,4.62629168099437,TRUE,TRUE,FALSE
2.02934266271761,0.0546792118561201,4.00400611357909,0.0441129829813456,3.94932690172297,TRUE,TRUE,TRUE
1.83148397772143,-0.503270878522993,4.16623883396586,0.122605245659121,4.66950971248885,FALSE,TRUE,FALSE
-0.00289275106172915,-2.17142080218375,2.1656353000603,0.997890823045908,4.33705610224405,FALSE,TRUE,FALSE
-0.457088858009663,-2.26186724453969,1.34768952852036,0.616001896718952,3.60955677306005,FALSE,TRUE,TRUE
-1.03182464898211,-3.09113515560037,1.02748585763615,0.322107393088957,4.11862101323651,FALSE,TRUE,FALSE
1.18780918716626,-0.635833951545237,3.01145232587775,0.198914161035428,3.64728627742299,FALSE,TRUE,TRUE
1.76799163548301,-0.209631713856248,3.74561498482227,0.0790843912286083,3.95524669867851,FALSE,TRUE,TRUE
1.35558686406181,-0.743667334151825,3.45484106227545,0.20276104951977,4.19850839642728,FALSE,TRUE,FALSE
0.502917632760661,-1.61017552385918,2.6160107893805,0.637401115558371,4.22618631323967,FALSE,TRUE,FALSE
1.43580044220116,-0.661720658049815,3.53332154245213,0.1771953316798,4.19504220050195,FALSE,TRUE,FALSE
1.73231979916459,-0.552380803227386,4.01702040155656,0.135439529803576,4.56940120478395,FALSE,TRUE,FALSE
1.19689874006621,-1.03618078435491,3.42997826448733,0.289717845689365,4.46615904884224,FALSE,TRUE,FALSE
1.81506155773203,0.0272906992918924,3.60283241617216,0.0466766804278893,3.57554171688026,TRUE,TRUE,TRUE
-0.216697253808002,-2.42952308906635,1.99612858145035,0.846146070703076,4.4256516705167,FALSE,TRUE,FALSE
1.66295574414185,-0.352142954054798,3.67805444233849,0.104573839221179,4.03019739639329,FALSE,TRUE,FALSE
2.26920441605306,-0.0583606598203681,4.59676949192649,0.0558961916732343,4.65513015174686,FALSE,TRUE,FALSE
-0.123653447348884,-2.18568474973787,1.9383778550401,0.905411161990835,4.12406260477796,FALSE,TRUE,FALSE
1.44159425168927,-0.820226056621172,3.70341455999971,0.208633685618667,4.52364061662088,FALSE,TRUE,FALSE
-0.772383792472655,-2.93369311574767,1.38892553080236,0.479461217343897,4.32261864655003,FALSE,TRUE,FALSE
1.60548418765408,-0.521239649243627,3.7322080245518,0.1371357258794,4.25344767379542,FALSE,TRUE,FALSE
0.503063185907383,-1.61341812326513,2.6195444950799,0.637842116798477,4.23296261834503,FALSE,TRUE,FALSE
1.74205747340517,-0.532808957229053,4.0169239040394,0.131635602429728,4.54973286126846,FALSE,TRUE,FALSE
1.9046508324642,-0.276252080214042,4.08555374514244,0.086141627522144,4.36180582535648,FALSE,TRUE,FALSE
1.01454700558421,-1.10877533955593,3.13786935072436,0.344941896498438,4.24664469028029,FALSE,TRUE,FALSE
0.663439982079685,-1.45751630740173,2.7843962715611,0.535793076967376,4.24191257896283,FALSE,TRUE,FALSE
-0.059136298069137,-2.18005042445286,2.06177782831459,0.9559370215738,4.24182825276745,FALSE,TRUE,FALSE
0.574290337336974,-1.37770821437909,2.52628888905304,0.56026348388619,3.90399710343213,FALSE,TRUE,TRUE
1.46708647652109,-0.769184655247954,3.70335760829013,0.195721040004544,4.47254226353808,FALSE,TRUE,FALSE
3.11940252248143,1.09436955051945,5.14443549444341,0.00292266206561975,4.05006594392396,TRUE,FALSE,FALSE
1.50823325595013,-0.708237370796855,3.72470388269711,0.17974961849957,4.43294125349397,FALSE,TRUE,FALSE
1.34164414236673,-0.553030311159391,3.23631859589284,0.162882546841812,3.78934890705223,FALSE,TRUE,TRUE
0.831873538624661,-1.38453376570711,3.04828084295644,0.457727725603368,4.43281460866355,FALSE,TRUE,FALSE
2.62270176262165,0.358448455391658,4.88695506985165,0.0237020306310098,4.52850661445999,TRUE,TRUE,FALSE
1.86779798921044,-0.433458318708029,4.1690542971289,0.110331785461589,4.60251261583693,FALSE,TRUE,FALSE
2.07356487669474,0.159093157647787,3.9880365957417,0.0341003960637981,3.82894343809391,TRUE,TRUE,TRUE
1.57060433822043,-0.486622420741704,3.62783109718256,0.132797860750153,4.11445351792426,FALSE,TRUE,FALSE
2.06760231223818,-0.105812837507842,4.24101746198419,0.0619768422632214,4.34683029949204,FALSE,TRUE,FALSE
2.08307363023103,-0.00977384899498457,4.17592110945705,0.0510561894396377,4.18569495845203,FALSE,TRUE,FALSE
1.70844217114656,-0.422249043103552,3.83913338539666,0.114642875055964,4.26138242850022,FALSE,TRUE,FALSE
1.05338668257933,-1.01980049275336,3.12657385791202,0.315387166890818,4.14637435066538,FALSE,TRUE,FALSE
-1.10081708521032,-3.08717487779669,0.885540707376061,0.273754748041772,3.97271558517275,FALSE,FALSE,TRUE
0.452519048523686,-1.58920633322045,2.49424443026782,0.660688223847688,4.08345076348826,FALSE,TRUE,FALSE
2.95977346323485,0.589656461757208,5.3298904647125,0.0149754590351819,4.74023400295529,TRUE,TRUE,FALSE
1.57066675462453,-0.776425469780354,3.91775897902941,0.186991877695286,4.69418444880976,FALSE,TRUE,FALSE
1.15335176474101,-1.04200334164209,3.34870687112412,0.299325241502529,4.39071021276621,FALSE,TRUE,FALSE
2.27274028083827,0.127367462896358,4.41811309878018,0.0381175322582626,4.29074563588382,TRUE,TRUE,FALSE
-0.0568254422091499,-2.44899645647102,2.33534557205272,0.962454750108989,4.78434202852375,FALSE,TRUE,FALSE
-0.378838287077413,-2.45343188629226,1.69575531213744,0.717552854528202,4.1491871984297,FALSE,TRUE,FALSE
1.27970246933507,-0.706729520697712,3.26613445936785,0.203819869864351,3.97286398006557,FALSE,TRUE,TRUE
3.38555409654522,1.32651815754612,5.44459003554431,0.0015477509937523,4.11807187799819,TRUE,FALSE,FALSE
-0.429476106873716,-2.35232725710671,1.49337504335928,0.658227008382257,3.84570230046599,FALSE,TRUE,TRUE
1.06347156940254,-1.054355340977,3.18129847978208,0.321053284567809,4.23565382075908,FALSE,TRUE,FALSE
0.182823733129445,-2.06561956380526,2.43126703006415,0.871999925012674,4.49688659386941,FALSE,TRUE,FALSE
0.54451068972744,-1.48129420040659,2.57031557986147,0.594578864399975,4.05160978026806,FALSE,TRUE,FALSE
2.85348866109503,0.979244657989123,4.72773266420093,0.00325304196007597,3.74848800621181,TRUE,TRUE,TRUE
0.882646660228186,-0.958032074504432,2.7233253949608,0.34322565453764,3.68135746946524,FALSE,TRUE,TRUE
-0.195186072080904,-2.44142647512842,2.05105433096662,0.86329583749906,4.49248080609504,FALSE,TRUE,FALSE
0.821866430749407,-1.03768426292,2.68141712441881,0.382160129219415,3.71910138733881,FALSE,TRUE,TRUE
0.822756006684,-1.23098031871726,2.87649233208526,0.428095122078334,4.10747265080251,FALSE,TRUE,FALSE
-1.73976199923546,-3.97925001057217,0.499726012101255,0.12621573244859,4.47897602267343,FALSE,FALSE,FALSE
-0.793958733652256,-2.89568802774735,1.30777056044284,0.454819376464237,4.20345858819018,FALSE,TRUE,FALSE
2.91104220121703,1.00616325559565,4.81592114683841,0.00314399382790113,3.80975789124275,TRUE,FALSE,TRUE
1.11594412463597,-1.09496114273578,3.32684939200772,0.318574778740794,4.4218105347435,FALSE,TRUE,FALSE
1.61505244902315,-0.532654394141044,3.76275929218734,0.138643015879719,4.29541368632839,FALSE,TRUE,FALSE
3.72877768493645,1.25725032501435,6.20030504485854,0.00352987497724953,4.94305471984419,TRUE,FALSE,FALSE
2.14486970330929,0.31618363339746,3.97355577322112,0.022044875840165,3.65737213982366,TRUE,TRUE,TRUE
1.08359769368861,-0.976965897794171,3.1441612851714,0.298855195435281,4.12112718296557,FALSE,TRUE,FALSE
0.241229705139576,-1.57115869249002,2.05361810276918,0.792006124175939,3.6247767952592,FALSE,TRUE,TRUE
1.13351734417435,-0.792101008316563,3.05913569666526,0.245231883895874,3.85123670498182,FALSE,TRUE,TRUE
1.32833540382178,-0.6940806239771,3.35075143162066,0.195205390890718,4.04483205559776,FALSE,TRUE,FALSE
0.7637671314619,-1.34033694315921,2.86787120608301,0.472597314435112,4.20820814924222,FALSE,TRUE,FALSE
1.06580049737295,-1.05248286566794,3.18408386041384,0.320104335905441,4.23656672608178,FALSE,TRUE,FALSE
0.697485674278882,-1.71475738413293,3.1097287326907,0.567019141732951,4.82448611682363,FALSE,TRUE,FALSE
1.95438276080166,0.115333724842782,3.79343179676054,0.0375275628016903,3.67809807191776,TRUE,TRUE,TRUE
0.350726664413416,-1.76269927148359,2.46415260031042,0.742339252044887,4.22685187179402,FALSE,TRUE,FALSE
1.15268550023095,-0.709910735592659,3.01528173605456,0.222029889719942,3.72519247164722,FALSE,TRUE,TRUE
-0.274384107129497,-2.45074166649435,1.90197345223535,0.802748082717199,4.3527151187297,FALSE,TRUE,FALSE
0.493827984314842,-1.63718297284059,2.62483894147028,0.646276947376151,4.26202191431087,FALSE,TRUE,FALSE
1.8327024689645,-0.0520147964364592,3.71741973436545,0.0565212315557662,3.76943453080191,FALSE,TRUE,TRUE
1.67779727478021,-0.621611426284933,3.97720597584535,0.15059798852485,4.59881740213028,FALSE,TRUE,FALSE
0.0488870082009457,-2.24271070375269,2.34048472015458,0.96627973053718,4.58319542390726,FALSE,TRUE,FALSE
1.92892861099811,-0.116893847037842,3.97475106903406,0.0642849471474695,4.09164491607191,FALSE,TRUE,FALSE
1.81594815835427,-0.129865986645204,3.76176230335374,0.0669943853180096,3.89162828999894,FALSE,TRUE,TRUE
2.95139579174146,0.87991619077345,5.02287539270946,0.00574212271882187,4.14295920193601,TRUE,TRUE,FALSE
2.21845264054882,0.326924641680067,4.10998063941758,0.0220521128593232,3.78305599773751,TRUE,TRUE,TRUE
1.2824180397106,-0.676323132449545,3.24115921187074,0.19661747727554,3.91748234432028,FALSE,TRUE,TRUE
1.17775347203285,-0.974204565267628,3.32971150933334,0.279727739337081,4.30391607460096,FALSE,TRUE,FALSE
1.13771199024587,-0.77796118619384,3.05338516668558,0.241083333580931,3.83134635287942,FALSE,TRUE,TRUE
3.19172269489963,1.05330751334836,5.33013787645091,0.00388150459633948,4.27683036310254,TRUE,FALSE,FALSE
0.31197597631791,-1.79201138159572,2.41596333423154,0.768938286963148,4.20797471582726,FALSE,TRUE,FALSE
-1.60708813571989,-3.63807822605075,0.42390195461098,0.119421268387173,4.06198018066173,FALSE,FALSE,FALSE
0.480036370420786,-1.32315447148156,2.28322721232314,0.598105313025409,3.6063816838047,FALSE,TRUE,TRUE
0.626508924575069,-1.39075190658837,2.6437697557385,0.538696069591465,4.03452166232687,FALSE,TRUE,FALSE
0.766140396791504,-1.52168917761991,3.05396997120292,0.507473435566663,4.57565914882284,FALSE,TRUE,FALSE
1.97254691421511,-0.074512824618614,4.01960665304884,0.0587469163552309,4.09411947766745,FALSE,TRUE,FALSE
0.994676613593707,-1.14419985770994,3.13355308489735,0.357918934604891,4.27775294260729,FALSE,TRUE,FALSE
0.16736908948136,-1.94109018101942,2.27582835998214,0.875014671919832,4.21691854100156,FALSE,TRUE,FALSE
2.6432469793167,0.577742163010988,4.7087517956224,0.0127328622537379,4.13100963261142,TRUE,TRUE,FALSE
0.606667659978833,-1.51898800090778,2.73232332086545,0.572037467399872,4.25131132177323,FALSE,TRUE,FALSE
1.65759535902458,-0.45920418189383,3.77439489994298,0.123254402977181,4.23359908183681,FALSE,TRUE,FALSE
2.11491347163166,-0.020240628821043,4.25006757208437,0.0521637220125491,4.27030820090541,FALSE,TRUE,FALSE
1.72638788949793,-0.323766156655888,3.77654193565175,0.0977897477430962,4.10030809230764,FALSE,TRUE,FALSE
0.678201780611663,-1.26670897013565,2.62311253135898,0.490147202608555,3.88982150149464,FALSE,TRUE,TRUE
-0.959509863865142,-2.9915235143675,1.07250378663722,0.350611748306505,4.06402730100472,FALSE,TRUE,FALSE
3.22768197942428,1.04034792513938,5.41501603370918,0.00428546148181623,4.3746681085698,TRUE,FALSE,FALSE
-1.16933807810447,-3.18318984768454,0.844513691475601,0.251659305087833,4.02770353916015,FALSE,FALSE,FALSE
1.08429405177106,-0.737280399971631,2.90586850351376,0.24002047066938,3.64314890348539,FALSE,TRUE,TRUE
-1.121925639769,-3.0291467941754,0.785295514637401,0.245550007390008,3.8144423088128,FALSE,FALSE,TRUE
-0.0236237171416367,-2.11409142889219,2.06684399460891,0.982133669444717,4.1809354235011,FALSE,TRUE,FALSE
-0.903245975246396,-2.93834367270598,1.13185172221319,0.380165016811146,4.07019539491916,FALSE,TRUE,FALSE
-0.140015612140425,-2.04163101641358,1.76159979213273,0.88400045109978,3.80323080854631,FALSE,TRUE,TRUE
1.51666317179368,-0.541736624979634,3.57506296856699,0.146683991031146,4.11679959354662,FALSE,TRUE,FALSE
0.88602761827423,-1.16915545973857,2.94121069628703,0.393905976044301,4.11036615602559,FALSE,TRUE,FALSE
1.74486257717059,-0.312790947469122,3.80251610181029,0.0954941674442908,4.11530704927941,FALSE,TRUE,FALSE
1.64051676158748,-0.710305930362515,3.99133945353747,0.168997791414117,4.70164538389998,FALSE,TRUE,FALSE
0.192364494140718,-1.91324131631645,2.29797030459788,0.856349223200951,4.21121162091433,FALSE,TRUE,FALSE
1.29435348347715,-0.684278011526544,3.27298497848084,0.196989791089325,3.95726299000739,FALSE,TRUE,TRUE
1.12095036964334,-0.937650039105613,3.1795507783923,0.282155440358033,4.11720081749791,FALSE,TRUE,FALSE
-0.725866721628346,-2.4976957887729,1.04596234551621,0.417765381257222,3.54365813428911,FALSE,TRUE,TRUE
1.58583656353412,-0.300470228600983,3.47214335566923,0.0983272610719192,3.77261358427021,FALSE,TRUE,TRUE
1.03424232040354,-0.711948999201319,2.78043364000839,0.242352858450714,3.49238263920971,FALSE,TRUE,TRUE
-0.800829830685073,-2.75525231690755,1.1535926555374,0.417672747146573,3.90884497244495,FALSE,TRUE,TRUE
2.96649356282767,0.860396184382328,5.07259094127302,0.00629582593852793,4.21219475689069,TRUE,TRUE,FALSE
1.54537187914222,-0.659913731376688,3.75065748966113,0.167246590930424,4.41057122103782,FALSE,TRUE,FALSE
1.67123545404621,-0.574776469686039,3.91724737777846,0.14278506864691,4.4920238474645,FALSE,TRUE,FALSE
2.54915793364769,0.847131919068214,4.25118394822717,0.00376574474822536,3.40405202915896,TRUE,TRUE,TRUE
0.466975561086486,-1.44483015982215,2.37878128199512,0.628589584517014,3.82361144181727,FALSE,TRUE,TRUE
1.21380651093619,-0.886487718614451,3.31410074048683,0.253875047748308,4.20058845910128,FALSE,TRUE,FALSE
0.889572582203966,-1.17393685107477,2.9530820154827,0.393929633667361,4.12701886655746,FALSE,TRUE,FALSE
2.46988883603519,0.547704288919748,4.39207338315062,0.0123850614018258,3.84436909423087,TRUE,TRUE,TRUE
1.07226780020305,-1.13917212533627,3.28370772574238,0.337895256204515,4.42287985107865,FALSE,TRUE,FALSE
1.7269913096074,-0.376307433850443,3.83029005306525,0.10630842205442,4.20659748691569,FALSE,TRUE,FALSE
2.04804714347265,-0.037748179815829,4.13384246676113,0.0541993885796473,4.17159064657696,FALSE,TRUE,FALSE
1.86887522474279,-0.520747524002458,4.25849797348803,0.123721437868849,4.77924549749049,FALSE,TRUE,FALSE
0.699663724714637,-0.943507579307448,2.34283502873672,0.399742095919403,3.28634260804417,FALSE,TRUE,TRUE
1.64336499433432,-0.441914631547726,3.72864462021637,0.120904630497176,4.1705592517641,FALSE,TRUE,FALSE
1.48049985151239,-0.63881405635401,3.59981375937878,0.168558941405487,4.23862781573279,FALSE,TRUE,FALSE
-0.0514180164244393,-2.20792155949491,2.10508552664603,0.962315016933452,4.31300708614094,FALSE,TRUE,FALSE
0.219698931587335,-2.16330521958142,2.60270308275609,0.85504969491143,4.76600830233751,FALSE,TRUE,FALSE
-1.31192012268281,-3.52776932003187,0.903929074666243,0.242528572315039,4.43169839469811,FALSE,FALSE,FALSE
1.31727502324701,-0.933525310306963,3.56807535680098,0.247950840775062,4.50160066710794,FALSE,TRUE,FALSE
0.774809805374528,-1.14375376242709,2.69337337317614,0.42438849014729,3.83712713560323,FALSE,TRUE,TRUE
0.0308664699591089,-2.16645032740503,2.22818326732324,0.977792239924916,4.39463359472827,FALSE,TRUE,FALSE
3.18724081958487,1.08090394722651,5.29357769194322,0.0034376962779195,4.21267374471671,TRUE,FALSE,FALSE
-0.348463825421233,-2.1793874066353,1.48245975579284,0.706175298752665,3.66184716242814,FALSE,TRUE,TRUE
-0.545129138671745,-2.662851403661,1.57259312631751,0.610244340444443,4.23544452997851,FALSE,TRUE,FALSE
0.622711235553568,-1.39602518832892,2.64144765943606,0.541450120358606,4.03747284776498,FALSE,TRUE,FALSE
0.928006396730576,-1.35988919108827,3.21590198454942,0.422371985569078,4.57579117563769,FALSE,TRUE,FALSE
-0.652731527835353,-2.61600143065179,1.31053837498109,0.510519483349853,3.92653980563288,FALSE,TRUE,TRUE
0.478496135281204,-1.53596313123475,2.49295540179716,0.638064841017595,4.02891853303191,FALSE,TRUE,FALSE
1.47559464272147,-0.70736785645508,3.65855714189801,0.182619868420344,4.36592499835309,FALSE,TRUE,FALSE
1.35653633349281,-0.746980491182442,3.46005315816807,0.20335560186135,4.20703364935051,FALSE,TRUE,FALSE
1.41601647340811,-0.703297344128899,3.53533029094513,0.187676563685097,4.23862763507403,FALSE,TRUE,FALSE
1.43440789624867,-0.508911601269753,3.3777273937671,0.145977935730979,3.88663899503686,FALSE,TRUE,TRUE
1.3088850029251,-0.914894905881591,3.53266491173179,0.245283936997363,4.44755981761339,FALSE,TRUE,FALSE
0.390963864696968,-2.06629291487998,2.84822064427392,0.752607519964007,4.9145135591539,FALSE,TRUE,FALSE
2.77027474849545,0.562642504918454,4.97790699207245,0.0145088070137541,4.415264487154,TRUE,TRUE,FALSE
1.88917218659733,-0.440602538989627,4.21894691218429,0.110661163647956,4.65954945117392,FALSE,TRUE,FALSE
-0.05336997229818,-2.13610636378853,2.02936641919217,0.959501365422697,4.16547278298071,FALSE,TRUE,FALSE
-0.911966632464873,-2.89104676151688,1.06711349658713,0.36230083629593,3.95816025810401,FALSE,TRUE,TRUE
0.934966119232129,-0.966761994014513,2.83669423247877,0.331231732094146,3.80345622649328,FALSE,TRUE,TRUE
1.98456240000074,-0.239210437606196,4.20833523760768,0.0796024455547414,4.44754567521388,FALSE,TRUE,FALSE
0.316887136084578,-1.6487400146313,2.28251428680046,0.749440189551326,3.93125430143176,FALSE,TRUE,TRUE
1.93158633040609,-0.436173442449035,4.29934610326122,0.108551707772701,4.73551954571025,FALSE,TRUE,FALSE
1.53515306840122,-0.443808956955229,3.51411509375766,0.126756051313849,3.95792405071289,FALSE,TRUE,TRUE
0.204661764597399,-1.60923789503873,2.01856142423353,0.823101754413869,3.62779931927225,FALSE,TRUE,TRUE
0.320129165109105,-1.87842017766922,2.51867850788743,0.772980558979902,4.39709868555665,FALSE,TRUE,FALSE
0.982533420214855,-1.1162192158848,3.08128605631451,0.354734075282673,4.19750527219932,FALSE,TRUE,FALSE
1.69709750066988,-0.633731092031244,4.02792609337101,0.151459919354956,4.66165718540225,FALSE,TRUE,FALSE
0.18358056933318,-1.79106915581704,2.1582302944834,0.853845778224296,3.94929945030044,FALSE,TRUE,TRUE
-0.828899097741969,-2.85633672904956,1.19853853356562,0.41870592408747,4.05487526261519,FALSE,TRUE,FALSE
0.546893942353497,-1.53960919446423,2.63339707917122,0.60375227858444,4.17300627363544,FALSE,TRUE,FALSE
-0.0909692471192076,-1.81703785246176,1.63509935822334,0.916823307353969,3.4521372106851,FALSE,TRUE,TRUE
1.42780891174195,-0.535816350145311,3.39143417362922,0.15200493402974,3.92725052377453,FALSE,TRUE,TRUE
1.4494420527249,-0.831525405086186,3.73040951053598,0.209988236028635,4.56193491562217,FALSE,TRUE,FALSE
-0.918362532407439,-2.97270031068489,1.13597524587001,0.3767530394926,4.1086755565549,FALSE,TRUE,FALSE
-0.646659288985659,-2.75217949516184,1.45886091719052,0.543204550144956,4.21104041235236,FALSE,TRUE,FALSE
2.16723815995531,0.0524305569426242,4.28204576296799,0.0446999222426566,4.22961520602536,TRUE,TRUE,FALSE
2.56594172851355,0.530160851644976,4.60172260538213,0.0140932335790372,4.07156175373715,TRUE,TRUE,FALSE
1.43448519477993,-0.626791963023641,3.4957623525835,0.170165239761567,4.12255431560714,FALSE,TRUE,FALSE
0.875950586168672,-1.16168814499028,2.91358931732762,0.395254977004943,4.0752774623179,FALSE,TRUE,FALSE
0.720707825887065,-1.24898257651578,2.69039822828991,0.469065690249028,3.93938080480568,FALSE,TRUE,TRUE
0.657620624538869,-1.24676970506794,2.56201095414567,0.494361333226062,3.80878065921361,FALSE,TRUE,TRUE
2.37202751206844,0.398337090078599,4.34571793405827,0.019061031613894,3.94738084397968,TRUE,TRUE,TRUE
0.353719964220963,-1.73494867428576,2.44238860272768,0.737256442220429,4.17733727701344,FALSE,TRUE,FALSE
0.590874493084575,-1.60529502080727,2.78704400697642,0.594222380804778,4.39233902778369,FALSE,TRUE,FALSE
0.772845381978257,-1.14312681776898,2.68881758172549,0.424936262705524,3.83194439949447,FALSE,TRUE,TRUE
2.67214379942774,0.340709582021589,5.00357801683389,0.0251669931546723,4.6628684348123,TRUE,TRUE,FALSE
0.876242009098596,-0.909179821796878,2.66166383999407,0.332078016495474,3.57084366179095,FALSE,TRUE,TRUE
0.147785930274045,-1.83036775470969,2.12593961525778,0.882312742202152,3.95630736996747,FALSE,TRUE,TRUE
-0.955721869005424,-2.87076561737241,0.959321879361559,0.324025555206625,3.83008749673397,FALSE,FALSE,TRUE
2.22959724078769,0.313121260428245,4.14607322114713,0.023113567356214,3.83295196071889,TRUE,TRUE,TRUE
1.16263199021457,-1.04585608456552,3.37112006499465,0.2983408348056,4.41697614956017,FALSE,TRUE,FALSE
1.14022042615928,-0.998816602102247,3.27925745442081,0.292348028195945,4.27807405652306,FALSE,TRUE,FALSE
1.59270133627722,-0.221495953566326,3.40689862612076,0.0845351589130217,3.62839457968708,FALSE,TRUE,TRUE
-0.0851769958239132,-2.10740101876338,1.93704702711555,0.933480664353283,4.04444804587892,FALSE,TRUE,FALSE
-0.59802516418124,-3.0194914840656,1.82344115570312,0.62479143939167,4.84293263976872,FALSE,TRUE,FALSE
-0.231700672430385,-2.47082470764176,2.00742336278099,0.837546078929969,4.47824807042275,FALSE,TRUE,FALSE
0.487350783532303,-1.47635463946047,2.45105620652508,0.623097042301914,3.92741084598555,FALSE,TRUE,TRUE
1.960842906967,-0.228237778542406,4.1499235924764,0.0785127335524241,4.37816137101881,FALSE,TRUE,FALSE
-0.454100672373488,-2.5530190499461,1.64481770519912,0.668283138148823,4.19783675514522,FALSE,TRUE,FALSE
1.99717282084489,0.067176680556011,3.92716896113376,0.0426998512569693,3.85999228057775,TRUE,TRUE,TRUE
1.47451925949591,-0.600466848191308,3.54950536718313,0.161417423256637,4.14997221537443,FALSE,TRUE,FALSE
1.70987740486344,-0.313038333256518,3.73279314298339,0.0965501960773123,4.04583147623991,FALSE,TRUE,FALSE
-1.19008379224424,-3.28043070531018,0.900263120821705,0.26095600651912,4.18069382613189,FALSE,FALSE,FALSE
0.502305489703956,-1.52735146860556,2.53196244801347,0.624070947624036,4.05931391661903,FALSE,TRUE,FALSE
0.677177930040103,-1.28303607587468,2.63739193595489,0.494183008581462,3.92042801182957,FALSE,TRUE,TRUE
-0.055605298841461,-2.20291191380429,2.09170131612137,0.959074329849702,4.29461322992566,FALSE,TRUE,FALSE
1.75237462776423,-0.425251100761749,3.93000035629022,0.113358835541612,4.35525145705197,FALSE,TRUE,FALSE
3.33847535583353,1.15496072733682,5.52198998433024,0.00313011151606746,4.36702925699342,TRUE,FALSE,FALSE
1.84926181947174,0.0954369864283013,3.60308665251518,0.0390055599342509,3.50764966608688,TRUE,TRUE,TRUE
0.52307005378682,-1.45815216390736,2.504292271481,0.601130473925217,3.96244443538836,FALSE,TRUE,TRUE
0.976452669327231,-1.22779760624198,3.18070294489644,0.38107187090602,4.40850055113842,FALSE,TRUE,FALSE
3.18781469549637,0.930650061589799,5.44497932940294,0.0061627273418242,4.51432926781314,TRUE,TRUE,FALSE
2.64467685513676,0.814740335493105,4.47461337478041,0.00510879364798091,3.65987303928731,TRUE,TRUE,TRUE
1.31694286607055,-0.841635266835434,3.47552099897653,0.228588880656754,4.31715626581196,FALSE,TRUE,FALSE
1.15135593814378,-0.883002628275605,3.18571450456316,0.263767364486215,4.06871713283876,FALSE,TRUE,FALSE
0.314974970591944,-1.94091854451521,2.5708684856991,0.782068746599365,4.51178703021431,FALSE,TRUE,FALSE
0.073913886730775,-1.85815394852962,2.00598172199117,0.939570607142407,3.86413567052079,FALSE,TRUE,TRUE
0.121716357746221,-1.73809480220872,1.98152751770116,0.896816369608194,3.71962231990988,FALSE,TRUE,TRUE
1.53813429863992,-0.757478540788076,3.83374713806791,0.186447696460004,4.59122567885599,FALSE,TRUE,FALSE
